Build started 02/09/2026 07:06:05.
     0>Terminal Logger was not used because the output is being redirected to a file.
       Process = "/root/.dotnet/dotnet"
       MSBuild executable path = "/root/.dotnet/sdk/10.0.102/MSBuild.dll"
       Command line arguments = "/root/.dotnet/sdk/10.0.102/MSBuild.dll -maxcpucount --verbosity:m -tlp:default=auto --property:NuGetInteractive=false --restoreProperty:NuGetInteractive=false --restoreProperty:EnableDefaultCompileItems=false --restoreProperty:EnableDefaultEmbeddedResourceItems=false --restoreProperty:EnableDefaultNoneItems=false --verbosity:detailed -consoleloggerparameters:Summary -restore -distributedlogger:Microsoft.DotNet.Cli.Commands.MSBuild.MSBuildLogger,/root/.dotnet/sdk/10.0.102/dotnet.dll*Microsoft.DotNet.Cli.Commands.MSBuild.MSBuildForwardingLogger,/root/.dotnet/sdk/10.0.102/dotnet.dll -nologo"
       Current directory = "/QNet/site-packages/atx_dot_net_strands_cli/all_local_test_output/artifact-AdoCore/artifact/sourceCode"
       MSBuild version = "18.0.7+445250245"
       /QNet/site-packages/atx_dot_net_strands_cli/all_local_test_output/artifact-AdoCore/artifact/sourceCode/AdoCore.sln.metaproj : message : Property 'MSBuildExtensionsPath' with value '/root/.dotnet/sdk/10.0.102' expanded from the environment.
       Assembly loaded during Evaluation: System.Threading.Tasks.Parallel, Version=10.0.0.0, Culture=neutral, PublicKeyToken=b03f5f7f11d50a3a (location: /root/.dotnet/shared/Microsoft.NETCore.App/10.0.2/System.Threading.Tasks.Parallel.dll, MVID: 12c980eb-1040-456f-9fa4-d9b02248c41f, AssemblyLoadContext: Default)
       The "NuGetInteractive" property is a global property, and cannot be modified.
       /root/.dotnet/sdk/10.0.102/NuGet.targets(123,5): message : Property reassignment: $(_GenerateRestoreGraphProjectEntryInputProperties)="
       /root/.dotnet/sdk/10.0.102/NuGet.targets(123,5): message :       ExcludeRestorePackageImports=true;
       /root/.dotnet/sdk/10.0.102/NuGet.targets(123,5): message :       _RestoreSolutionFileUsed=true;
       /root/.dotnet/sdk/10.0.102/NuGet.targets(123,5): message :       SolutionDir=/QNet/site-packages/atx_dot_net_strands_cli/all_local_test_output/artifact-AdoCore/artifact/sourceCode/;
       /root/.dotnet/sdk/10.0.102/NuGet.targets(123,5): message :       SolutionName=AdoCore;
       /root/.dotnet/sdk/10.0.102/NuGet.targets(123,5): message :       SolutionFileName=AdoCore.sln;
       /root/.dotnet/sdk/10.0.102/NuGet.targets(123,5): message :       SolutionPath=/QNet/site-packages/atx_dot_net_strands_cli/all_local_test_output/artifact-AdoCore/artifact/sourceCode/AdoCore.sln;
       /root/.dotnet/sdk/10.0.102/NuGet.targets(123,5): message :       SolutionExt=.sln;
       /root/.dotnet/sdk/10.0.102/NuGet.targets(123,5): message :     " (previous value: "ExcludeRestorePackageImports=true") at /root/.dotnet/sdk/10.0.102/NuGet.targets (123,5)
       Overriding target "Restore" in project "/QNet/site-packages/atx_dot_net_strands_cli/all_local_test_output/artifact-AdoCore/artifact/sourceCode/AdoCore.sln.metaproj" with target "Restore" from project "/root/.dotnet/sdk/10.0.102/NuGet.targets".
       The target "_MTPBuild" listed in a BeforeTargets attribute at "/root/.dotnet/sdk/10.0.102/Current/SolutionFile/ImportAfter/Microsoft.NET.Sdk.Solution.targets (24,11)" does not exist in the project, and will be ignored.
       The target "Store" listed in a BeforeTargets attribute at "/root/.dotnet/sdk/10.0.102/Current/SolutionFile/ImportAfter/Microsoft.NET.Sdk.Solution.targets (33,11)" does not exist in the project, and will be ignored.
       The target "VSTest" listed in a BeforeTargets attribute at "/root/.dotnet/sdk/10.0.102/Current/SolutionFile/ImportAfter/Microsoft.NET.Sdk.Solution.targets (33,11)" does not exist in the project, and will be ignored.
       The target "_MTPBuild" listed in a BeforeTargets attribute at "/root/.dotnet/sdk/10.0.102/Current/SolutionFile/ImportAfter/Microsoft.NET.Sdk.Solution.targets (33,11)" does not exist in the project, and will be ignored.
       The target "_CheckForInvalidConfigurationAndPlatform" listed in a BeforeTargets attribute at "/root/.dotnet/sdk/10.0.102/NuGet.targets (703,11)" does not exist in the project, and will be ignored.
     1>Project "/QNet/site-packages/atx_dot_net_strands_cli/all_local_test_output/artifact-AdoCore/artifact/sourceCode/AdoCore.sln" on node 1 (Restore target(s)).
     1>Target "ValidateSolutionConfiguration" in file "/QNet/site-packages/atx_dot_net_strands_cli/all_local_test_output/artifact-AdoCore/artifact/sourceCode/AdoCore.sln.metaproj" from project "/QNet/site-packages/atx_dot_net_strands_cli/all_local_test_output/artifact-AdoCore/artifact/sourceCode/AdoCore.sln" (entry point):
     1>Using "Message" task from assembly "Microsoft.Build.Tasks.Core, Version=15.1.0.0, Culture=neutral, PublicKeyToken=b03f5f7f11d50a3a".
       Task "Message"
         Building solution configuration "Debug|Any CPU".
       Done executing task "Message".
     1>Done building target "ValidateSolutionConfiguration" in project "AdoCore.sln".
     1>Target "ValidateToolsVersions" in file "/QNet/site-packages/atx_dot_net_strands_cli/all_local_test_output/artifact-AdoCore/artifact/sourceCode/AdoCore.sln.metaproj" from project "/QNet/site-packages/atx_dot_net_strands_cli/all_local_test_output/artifact-AdoCore/artifact/sourceCode/AdoCore.sln" (entry point):
     1>Done building target "ValidateToolsVersions" in project "AdoCore.sln".
     1>Target "ValidateProjects" in file "/QNet/site-packages/atx_dot_net_strands_cli/all_local_test_output/artifact-AdoCore/artifact/sourceCode/AdoCore.sln.metaproj" from project "/QNet/site-packages/atx_dot_net_strands_cli/all_local_test_output/artifact-AdoCore/artifact/sourceCode/AdoCore.sln" (entry point):
     1>Done building target "ValidateProjects" in project "AdoCore.sln".
     1>Target "_LoadRestoreGraphEntryPoints" in file "/root/.dotnet/sdk/10.0.102/NuGet.targets" from project "/QNet/site-packages/atx_dot_net_strands_cli/all_local_test_output/artifact-AdoCore/artifact/sourceCode/AdoCore.sln" (target "_FilterRestoreGraphProjectInputItems" depends on it):
       Assembly loaded during TaskRun: NuGet.Build.Tasks, Version=7.0.2.0, Culture=neutral, PublicKeyToken=31bf3856ad364e35 (location: /root/.dotnet/sdk/10.0.102/NuGet.Build.Tasks.dll, MVID: e008c9a2-1772-4be0-9b9a-d780d6495712, AssemblyLoadContext: MSBuild plugin /root/.dotnet/sdk/10.0.102/NuGet.Build.Tasks.dll)
       Assembly loaded during TaskRun: NuGet.Common, Version=7.0.2.0, Culture=neutral, PublicKeyToken=31bf3856ad364e35 (location: /root/.dotnet/sdk/10.0.102/NuGet.Common.dll, MVID: cd49dd11-f9cd-40f0-85b9-32c1654f36f8, AssemblyLoadContext: MSBuild plugin /root/.dotnet/sdk/10.0.102/NuGet.Build.Tasks.dll)
       Assembly loaded during TaskRun: NuGet.Commands, Version=7.0.2.0, Culture=neutral, PublicKeyToken=31bf3856ad364e35 (location: /root/.dotnet/sdk/10.0.102/NuGet.Commands.dll, MVID: 2f0d300d-17cb-4a45-8d0f-024622c49939, AssemblyLoadContext: MSBuild plugin /root/.dotnet/sdk/10.0.102/NuGet.Build.Tasks.dll)
       Assembly loaded during TaskRun: NuGet.ProjectModel, Version=7.0.2.0, Culture=neutral, PublicKeyToken=31bf3856ad364e35 (location: /root/.dotnet/sdk/10.0.102/NuGet.ProjectModel.dll, MVID: a47caa84-4406-4de0-a911-6355cfd98b45, AssemblyLoadContext: MSBuild plugin /root/.dotnet/sdk/10.0.102/NuGet.Build.Tasks.dll)
       Using "GetRestoreSolutionProjectsTask" task from assembly "/root/.dotnet/sdk/10.0.102/NuGet.Build.Tasks.dll".
       Task "GetRestoreSolutionProjectsTask"
       Done executing task "GetRestoreSolutionProjectsTask".
     1>Done building target "_LoadRestoreGraphEntryPoints" in project "AdoCore.sln".
     1>Target "_FilterRestoreGraphProjectInputItems" in file "/root/.dotnet/sdk/10.0.102/NuGet.targets" from project "/QNet/site-packages/atx_dot_net_strands_cli/all_local_test_output/artifact-AdoCore/artifact/sourceCode/AdoCore.sln" (target "_GenerateRestoreGraph" depends on it):
       Using "RemoveDuplicates" task from assembly "Microsoft.Build.Tasks.Core, Version=15.1.0.0, Culture=neutral, PublicKeyToken=b03f5f7f11d50a3a".
       Task "RemoveDuplicates"
       Done executing task "RemoveDuplicates".
       Using "MSBuild" task from assembly "Microsoft.Build.Tasks.Core, Version=15.1.0.0, Culture=neutral, PublicKeyToken=b03f5f7f11d50a3a".
       Task "MSBuild"
         Global Properties:
           ExcludeRestorePackageImports=true
           _RestoreSolutionFileUsed=true
           SolutionDir=/QNet/site-packages/atx_dot_net_strands_cli/all_local_test_output/artifact-AdoCore/artifact/sourceCode/
           SolutionName=AdoCore
           SolutionFileName=AdoCore.sln
           SolutionPath=/QNet/site-packages/atx_dot_net_strands_cli/all_local_test_output/artifact-AdoCore/artifact/sourceCode/AdoCore.sln
           SolutionExt=.sln
         Additional Properties for project "/QNet/site-packages/atx_dot_net_strands_cli/all_local_test_output/artifact-AdoCore/artifact/sourceCode/AdoCore.csproj":
           Configuration=Debug
           Platform=AnyCPU
     0>The SDK "Microsoft.NET.Sdk" was successfully resolved by the "DefaultSdkResolver" resolver to location "/root/.dotnet/sdk/10.0.102/Sdks/Microsoft.NET.Sdk/Sdk" and version "".
       /root/.dotnet/sdk/10.0.102/Sdks/Microsoft.NET.Sdk/Sdk/Sdk.props(49,11): message : Property 'MSBuildExtensionsPath' with value '/root/.dotnet/sdk/10.0.102' expanded from the environment.
       /root/.dotnet/sdk/10.0.102/Current/Microsoft.Common.props(60,5): message : Property reassignment: $(MSBuildProjectExtensionsPath)="/QNet/site-packages/atx_dot_net_strands_cli/all_local_test_output/artifact-AdoCore/artifact/sourceCode/obj/" (previous value: "obj/") at /root/.dotnet/sdk/10.0.102/Current/Microsoft.Common.props (60,5)
       /root/.dotnet/sdk/10.0.102/Current/Microsoft.Common.props(84,119): message : Property 'MSBuildUserExtensionsPath' with value '/root/.local/share/Microsoft\MSBuild' expanded from the environment.
       The "Configuration" property is a global property, and cannot be modified.
       The "Platform" property is a global property, and cannot be modified.
       The "Configuration" property is a global property, and cannot be modified.
       The "Platform" property is a global property, and cannot be modified.
       /root/.dotnet/sdk/10.0.102/Sdks/Microsoft.NET.Sdk/targets/Microsoft.NET.Sdk.props(90,5): message : Property reassignment: $(AssemblySearchPaths)="{CandidateAssemblyFiles};{HintPathFromItem}" (previous value: "{CandidateAssemblyFiles}") at /root/.dotnet/sdk/10.0.102/Sdks/Microsoft.NET.Sdk/targets/Microsoft.NET.Sdk.props (90,5)
       /root/.dotnet/sdk/10.0.102/Sdks/Microsoft.NET.Sdk/targets/Microsoft.NET.Sdk.props(91,5): message : Property reassignment: $(AssemblySearchPaths)="{CandidateAssemblyFiles};{HintPathFromItem};{TargetFrameworkDirectory}" (previous value: "{CandidateAssemblyFiles};{HintPathFromItem}") at /root/.dotnet/sdk/10.0.102/Sdks/Microsoft.NET.Sdk/targets/Microsoft.NET.Sdk.props (91,5)
       /root/.dotnet/sdk/10.0.102/Sdks/Microsoft.NET.Sdk/targets/Microsoft.NET.Sdk.props(92,5): message : Property reassignment: $(AssemblySearchPaths)="{CandidateAssemblyFiles};{HintPathFromItem};{TargetFrameworkDirectory};{RawFileName}" (previous value: "{CandidateAssemblyFiles};{HintPathFromItem};{TargetFrameworkDirectory}") at /root/.dotnet/sdk/10.0.102/Sdks/Microsoft.NET.Sdk/targets/Microsoft.NET.Sdk.props (92,5)
       The "DefaultSdkResolver" resolver attempted to resolve the SDK "Microsoft.NET.SDK.WorkloadAutoImportPropsLocator".
       Warnings: null
       Errors: MSB4276: The default SDK resolver failed to resolve SDK "Microsoft.NET.SDK.WorkloadAutoImportPropsLocator" because directory "/root/.dotnet/sdk/10.0.102/Sdks/Microsoft.NET.SDK.WorkloadAutoImportPropsLocator/Sdk" did not exist.
       Assembly loaded during Evaluation: Microsoft.NET.Sdk.WorkloadMSBuildSdkResolver, Version=10.0.102.0, Culture=neutral, PublicKeyToken=31bf3856ad364e35 (location: /root/.dotnet/sdk/10.0.102/Microsoft.NET.Sdk.WorkloadMSBuildSdkResolver.dll, MVID: 6899a665-ff8c-4183-93be-542449065dbc, AssemblyLoadContext: MSBuild plugin /root/.dotnet/sdk/10.0.102/Microsoft.NET.Sdk.WorkloadMSBuildSdkResolver.dll)
       Assembly loaded during Evaluation: Microsoft.Build.NuGetSdkResolver, Version=7.0.2.0, Culture=neutral, PublicKeyToken=31bf3856ad364e35 (location: /root/.dotnet/sdk/10.0.102/Microsoft.Build.NuGetSdkResolver.dll, MVID: 59ec3c6d-7ea2-4a04-899e-1bea5a827c06, AssemblyLoadContext: MSBuild plugin /root/.dotnet/sdk/10.0.102/Microsoft.Build.NuGetSdkResolver.dll)
       Assembly loaded during Evaluation: NuGet.Common, Version=7.0.2.0, Culture=neutral, PublicKeyToken=31bf3856ad364e35 (location: /root/.dotnet/sdk/10.0.102/NuGet.Common.dll, MVID: cd49dd11-f9cd-40f0-85b9-32c1654f36f8, AssemblyLoadContext: MSBuild plugin /root/.dotnet/sdk/10.0.102/Microsoft.Build.NuGetSdkResolver.dll)
       Assembly loaded during Evaluation: Microsoft.DotNet.Cli.Utils, Version=10.0.102.0, Culture=neutral, PublicKeyToken=adb9793829ddae60 (location: /root/.dotnet/sdk/10.0.102/Microsoft.DotNet.Cli.Utils.dll, MVID: 4a54736b-cab6-4263-a9f3-f47f630e098b, AssemblyLoadContext: MSBuild plugin /root/.dotnet/sdk/10.0.102/Microsoft.NET.Sdk.WorkloadMSBuildSdkResolver.dll)
       Assembly loaded during Evaluation: Microsoft.NET.Sdk.WorkloadManifestReader, Version=10.0.102.0, Culture=neutral, PublicKeyToken=adb9793829ddae60 (location: /root/.dotnet/sdk/10.0.102/Microsoft.NET.Sdk.WorkloadManifestReader.dll, MVID: 0dba3435-bd39-4402-82bf-43c890820d7d, AssemblyLoadContext: MSBuild plugin /root/.dotnet/sdk/10.0.102/Microsoft.NET.Sdk.WorkloadMSBuildSdkResolver.dll)
       Assembly loaded during Evaluation: Microsoft.Deployment.DotNet.Releases, Version=2.0.0.0, Culture=neutral, PublicKeyToken=31bf3856ad364e35 (location: /root/.dotnet/sdk/10.0.102/Microsoft.Deployment.DotNet.Releases.dll, MVID: e6795017-c4ac-49f8-b945-d506e4870ffc, AssemblyLoadContext: MSBuild plugin /root/.dotnet/sdk/10.0.102/Microsoft.NET.Sdk.WorkloadMSBuildSdkResolver.dll)
       The SDK "Microsoft.NET.SDK.WorkloadAutoImportPropsLocator" was successfully resolved by the "Microsoft.DotNet.MSBuildWorkloadSdkResolver" resolver to location "null" and version "null".
       /QNet/site-packages/atx_dot_net_strands_cli/all_local_test_output/artifact-AdoCore/artifact/sourceCode/AdoCore.csproj(5,5): message : Property reassignment: $(OutputType)="Exe" (previous value: "Library") at /QNet/site-packages/atx_dot_net_strands_cli/all_local_test_output/artifact-AdoCore/artifact/sourceCode/AdoCore.csproj (5,5)
       The "Configuration" property is a global property, and cannot be modified.
       The "Platform" property is a global property, and cannot be modified.
       /root/.dotnet/sdk/10.0.102/Sdks/Microsoft.NET.Sdk/targets/Microsoft.NET.Sdk.ImportPublishProfile.targets(28,5): message : Property reassignment: $(PublishProfileImported)="false" (previous value: "true") at /root/.dotnet/sdk/10.0.102/Sdks/Microsoft.NET.Sdk/targets/Microsoft.NET.Sdk.ImportPublishProfile.targets (28,5)
       Assembly loaded during Evaluation: NuGet.Frameworks, Version=7.0.2.0, Culture=neutral, PublicKeyToken=31bf3856ad364e35 (location: /root/.dotnet/sdk/10.0.102/NuGet.Frameworks.dll, MVID: 73f8ab8a-e829-4c3e-97b0-444124db6ec3, AssemblyLoadContext: Assembly.LoadFile(/root/.dotnet/sdk/10.0.102/NuGet.Frameworks.dll))
       /root/.dotnet/sdk/10.0.102/Sdks/Microsoft.NET.Sdk/targets/Microsoft.NET.TargetFrameworkInference.targets(81,5): message : Property reassignment: $(TargetPlatformVersion)="" (previous value: "0.0") at /root/.dotnet/sdk/10.0.102/Sdks/Microsoft.NET.Sdk/targets/Microsoft.NET.TargetFrameworkInference.targets (81,5)
       /root/.dotnet/sdk/10.0.102/Sdks/Microsoft.NET.Sdk/targets/Microsoft.NET.DefaultOutputPaths.targets(127,5): message : Property reassignment: $(DefaultItemExcludes)=";bin/Debug//**;obj/Debug//**" (previous value: ";bin/Debug//**") at /root/.dotnet/sdk/10.0.102/Sdks/Microsoft.NET.Sdk/targets/Microsoft.NET.DefaultOutputPaths.targets (127,5)
       /root/.dotnet/sdk/10.0.102/Sdks/Microsoft.NET.Sdk/targets/Microsoft.NET.DefaultOutputPaths.targets(142,5): message : Property reassignment: $(OutputPath)="bin/Debug/net9.0/" (previous value: "bin/Debug/") at /root/.dotnet/sdk/10.0.102/Sdks/Microsoft.NET.Sdk/targets/Microsoft.NET.DefaultOutputPaths.targets (142,5)
       /root/.dotnet/sdk/10.0.102/Sdks/Microsoft.NET.Sdk/targets/Microsoft.NET.DefaultOutputPaths.targets(147,5): message : Property reassignment: $(IntermediateOutputPath)="obj/Debug/net9.0/" (previous value: "obj/Debug/") at /root/.dotnet/sdk/10.0.102/Sdks/Microsoft.NET.Sdk/targets/Microsoft.NET.DefaultOutputPaths.targets (147,5)
       The "DefaultSdkResolver" resolver attempted to resolve the SDK "Microsoft.NET.SDK.WorkloadManifestTargetsLocator".
       Warnings: null
       Errors: MSB4276: The default SDK resolver failed to resolve SDK "Microsoft.NET.SDK.WorkloadManifestTargetsLocator" because directory "/root/.dotnet/sdk/10.0.102/Sdks/Microsoft.NET.SDK.WorkloadManifestTargetsLocator/Sdk" did not exist.
       The SDK "Microsoft.NET.SDK.WorkloadManifestTargetsLocator" was successfully resolved by the "Microsoft.DotNet.MSBuildWorkloadSdkResolver" resolver to location "/root/.dotnet/sdk-manifests/10.0.100/microsoft.net.sdk.android/36.1.2" and version "null".
       /root/.dotnet/sdk/10.0.102/Sdks/Microsoft.NET.Sdk/targets/Microsoft.NET.Sdk.BeforeCommon.targets(371,5): message : Property reassignment: $(RoslynTargetsPath)="/root/.dotnet/sdk/10.0.102/Sdks/Microsoft.NET.Sdk/targets/../../../Roslyn" (previous value: "/root/.dotnet/sdk/10.0.102/Roslyn") at /root/.dotnet/sdk/10.0.102/Sdks/Microsoft.NET.Sdk/targets/Microsoft.NET.Sdk.BeforeCommon.targets (371,5)
       /root/.dotnet/sdk/10.0.102/Roslyn/Microsoft.Managed.Core.targets(6,5): message : Property reassignment: $(_BuildTasksDirectory)="/root/.dotnet/sdk/10.0.102/Sdks/Microsoft.NET.Sdk/targets/../../../Roslyn/" (previous value: "/root/.dotnet/sdk/10.0.102/Roslyn/") at /root/.dotnet/sdk/10.0.102/Roslyn/Microsoft.Managed.Core.targets (6,5)
       /root/.dotnet/sdk/10.0.102/Roslyn/Microsoft.CSharp.Core.targets(200,5): message : Property reassignment: $(CommandLineArgsForDesignTimeEvaluation)="-langversion:13.0 -define:TRACE" (previous value: "-langversion:13.0") at /root/.dotnet/sdk/10.0.102/Roslyn/Microsoft.CSharp.Core.targets (200,5)
       The "Platform" property is a global property, and cannot be modified.
       The "Configuration" property is a global property, and cannot be modified.
       /root/.dotnet/sdk/10.0.102/Microsoft.Common.CurrentVersion.targets(175,5): message : Property reassignment: $(_DebugSymbolsProduced)="true" (previous value: "false") at /root/.dotnet/sdk/10.0.102/Microsoft.Common.CurrentVersion.targets (175,5)
       /root/.dotnet/sdk/10.0.102/Microsoft.Common.CurrentVersion.targets(185,5): message : Property reassignment: $(_DocumentationFileProduced)="false" (previous value: "true") at /root/.dotnet/sdk/10.0.102/Microsoft.Common.CurrentVersion.targets (185,5)
       The "SolutionName" property is a global property, and cannot be modified.
       The "SolutionFileName" property is a global property, and cannot be modified.
       The "SolutionPath" property is a global property, and cannot be modified.
       The "SolutionDir" property is a global property, and cannot be modified.
       The "SolutionExt" property is a global property, and cannot be modified.
       /root/.dotnet/sdk/10.0.102/Microsoft.Common.CurrentVersion.targets(393,5): message : Property reassignment: $(MSBuildCopyMarkerName)="AdoCore.csproj.Up2Date" (previous value: "AdoCore.csproj") at /root/.dotnet/sdk/10.0.102/Microsoft.Common.CurrentVersion.targets (393,5)
       /root/.dotnet/sdk/10.0.102/Microsoft.Common.CurrentVersion.targets(541,5): message : Property reassignment: $(ProcessorArchitecture)="msil" (previous value: "") at /root/.dotnet/sdk/10.0.102/Microsoft.Common.CurrentVersion.targets (541,5)
       /root/.dotnet/sdk/10.0.102/Microsoft.Common.CurrentVersion.targets(580,5): message : Property reassignment: $(DelaySign)="" (previous value: "false") at /root/.dotnet/sdk/10.0.102/Microsoft.Common.CurrentVersion.targets (580,5)
       /root/.dotnet/sdk/10.0.102/Microsoft.Common.CurrentVersion.targets(2606,5): message : Property 'LocalAppData' with value '/root/.local/share' expanded from the environment.
       /root/.dotnet/sdk/10.0.102/Microsoft.Common.CurrentVersion.targets(3934,5): message : Property reassignment: $(_SGenGenerateSerializationAssembliesConfig)="Auto" (previous value: "") at /root/.dotnet/sdk/10.0.102/Microsoft.Common.CurrentVersion.targets (3934,5)
       /root/.dotnet/sdk/10.0.102/Microsoft.Common.CurrentVersion.targets(3935,5): message : Property reassignment: $(_SGenGenerateSerializationAssembliesConfig)="Off" (previous value: "Auto") at /root/.dotnet/sdk/10.0.102/Microsoft.Common.CurrentVersion.targets (3935,5)
       /root/.dotnet/sdk/10.0.102/Microsoft.Common.CurrentVersion.targets(5146,5): message : Property reassignment: $(_TargetsThatPrepareProjectReferences)="
       /root/.dotnet/sdk/10.0.102/Microsoft.Common.CurrentVersion.targets(5146,5): message :       AssignProjectConfiguration;
       /root/.dotnet/sdk/10.0.102/Microsoft.Common.CurrentVersion.targets(5146,5): message :       _SplitProjectReferencesByFileExistence
       /root/.dotnet/sdk/10.0.102/Microsoft.Common.CurrentVersion.targets(5146,5): message :     " (previous value: "_SplitProjectReferencesByFileExistence") at /root/.dotnet/sdk/10.0.102/Microsoft.Common.CurrentVersion.targets (5146,5)
       /root/.dotnet/sdk/10.0.102/Microsoft.Common.CurrentVersion.targets(6959,5): message : Property 'MSBuildExtensionsPath32' with value '/root/.dotnet/sdk/10.0.102' expanded from the environment.
       The "_RestoreSolutionFileUsed" property is a global property, and cannot be modified.
       The "NuGetInteractive" property is a global property, and cannot be modified.
       /root/.dotnet/sdk/10.0.102/NuGet.targets(123,5): message : Property reassignment: $(_GenerateRestoreGraphProjectEntryInputProperties)="
       /root/.dotnet/sdk/10.0.102/NuGet.targets(123,5): message :       ExcludeRestorePackageImports=true;
       /root/.dotnet/sdk/10.0.102/NuGet.targets(123,5): message :       _RestoreSolutionFileUsed=true;
       /root/.dotnet/sdk/10.0.102/NuGet.targets(123,5): message :       SolutionDir=/QNet/site-packages/atx_dot_net_strands_cli/all_local_test_output/artifact-AdoCore/artifact/sourceCode/;
       /root/.dotnet/sdk/10.0.102/NuGet.targets(123,5): message :       SolutionName=AdoCore;
       /root/.dotnet/sdk/10.0.102/NuGet.targets(123,5): message :       SolutionFileName=AdoCore.sln;
       /root/.dotnet/sdk/10.0.102/NuGet.targets(123,5): message :       SolutionPath=/QNet/site-packages/atx_dot_net_strands_cli/all_local_test_output/artifact-AdoCore/artifact/sourceCode/AdoCore.sln;
       /root/.dotnet/sdk/10.0.102/NuGet.targets(123,5): message :       SolutionExt=.sln;
       /root/.dotnet/sdk/10.0.102/NuGet.targets(123,5): message :     " (previous value: "ExcludeRestorePackageImports=true") at /root/.dotnet/sdk/10.0.102/NuGet.targets (123,5)
       /root/.dotnet/sdk/10.0.102/Sdks/Microsoft.NET.Sdk/targets/Microsoft.PackageDependencyResolution.targets(24,5): message : Property reassignment: $(ProjectAssetsFile)="/QNet/site-packages/atx_dot_net_strands_cli/all_local_test_output/artifact-AdoCore/artifact/sourceCode/obj/project.assets.json" (previous value: "/QNet/site-packages/atx_dot_net_strands_cli/all_local_test_output/artifact-AdoCore/artifact/sourceCode/obj//project.assets.json") at /root/.dotnet/sdk/10.0.102/Sdks/Microsoft.NET.Sdk/targets/Microsoft.PackageDependencyResolution.targets (24,5)
       /root/.dotnet/sdk/10.0.102/Sdks/Microsoft.NET.Sdk/targets/Microsoft.PackageDependencyResolution.targets(29,5): message : Property reassignment: $(ProjectAssetsCacheFile)="/QNet/site-packages/atx_dot_net_strands_cli/all_local_test_output/artifact-AdoCore/artifact/sourceCode/obj/Debug/net9.0/AdoCore.assets.cache" (previous value: "obj/Debug/net9.0/AdoCore.assets.cache") at /root/.dotnet/sdk/10.0.102/Sdks/Microsoft.NET.Sdk/targets/Microsoft.PackageDependencyResolution.targets (29,5)
       /root/.dotnet/sdk/10.0.102/Sdks/Microsoft.NET.Sdk/targets/Microsoft.PackageDependencyResolution.targets(80,5): message : Property reassignment: $(ResolveAssemblyReferencesDependsOn)="
       /root/.dotnet/sdk/10.0.102/Sdks/Microsoft.NET.Sdk/targets/Microsoft.PackageDependencyResolution.targets(80,5): message :       
       /root/.dotnet/sdk/10.0.102/Sdks/Microsoft.NET.Sdk/targets/Microsoft.PackageDependencyResolution.targets(80,5): message :       ResolveProjectReferences;
       /root/.dotnet/sdk/10.0.102/Sdks/Microsoft.NET.Sdk/targets/Microsoft.PackageDependencyResolution.targets(80,5): message :       FindInvalidProjectReferences;
       /root/.dotnet/sdk/10.0.102/Sdks/Microsoft.NET.Sdk/targets/Microsoft.PackageDependencyResolution.targets(80,5): message :       GetFrameworkPaths;
       /root/.dotnet/sdk/10.0.102/Sdks/Microsoft.NET.Sdk/targets/Microsoft.PackageDependencyResolution.targets(80,5): message :       GetReferenceAssemblyPaths;
       /root/.dotnet/sdk/10.0.102/Sdks/Microsoft.NET.Sdk/targets/Microsoft.PackageDependencyResolution.targets(80,5): message :       PrepareForBuild;
       /root/.dotnet/sdk/10.0.102/Sdks/Microsoft.NET.Sdk/targets/Microsoft.PackageDependencyResolution.targets(80,5): message :       ResolveSDKReferences;
       /root/.dotnet/sdk/10.0.102/Sdks/Microsoft.NET.Sdk/targets/Microsoft.PackageDependencyResolution.targets(80,5): message :       ExpandSDKReferences;
       /root/.dotnet/sdk/10.0.102/Sdks/Microsoft.NET.Sdk/targets/Microsoft.PackageDependencyResolution.targets(80,5): message :     ;
       /root/.dotnet/sdk/10.0.102/Sdks/Microsoft.NET.Sdk/targets/Microsoft.PackageDependencyResolution.targets(80,5): message :       ResolvePackageDependenciesForBuild;
       /root/.dotnet/sdk/10.0.102/Sdks/Microsoft.NET.Sdk/targets/Microsoft.PackageDependencyResolution.targets(80,5): message :       _HandlePackageFileConflicts;
       /root/.dotnet/sdk/10.0.102/Sdks/Microsoft.NET.Sdk/targets/Microsoft.PackageDependencyResolution.targets(80,5): message :     " (previous value: "
       /root/.dotnet/sdk/10.0.102/Sdks/Microsoft.NET.Sdk/targets/Microsoft.PackageDependencyResolution.targets(80,5): message :       ResolveProjectReferences;
       /root/.dotnet/sdk/10.0.102/Sdks/Microsoft.NET.Sdk/targets/Microsoft.PackageDependencyResolution.targets(80,5): message :       FindInvalidProjectReferences;
       /root/.dotnet/sdk/10.0.102/Sdks/Microsoft.NET.Sdk/targets/Microsoft.PackageDependencyResolution.targets(80,5): message :       GetFrameworkPaths;
       /root/.dotnet/sdk/10.0.102/Sdks/Microsoft.NET.Sdk/targets/Microsoft.PackageDependencyResolution.targets(80,5): message :       GetReferenceAssemblyPaths;
       /root/.dotnet/sdk/10.0.102/Sdks/Microsoft.NET.Sdk/targets/Microsoft.PackageDependencyResolution.targets(80,5): message :       PrepareForBuild;
       /root/.dotnet/sdk/10.0.102/Sdks/Microsoft.NET.Sdk/targets/Microsoft.PackageDependencyResolution.targets(80,5): message :       ResolveSDKReferences;
       /root/.dotnet/sdk/10.0.102/Sdks/Microsoft.NET.Sdk/targets/Microsoft.PackageDependencyResolution.targets(80,5): message :       ExpandSDKReferences;
       /root/.dotnet/sdk/10.0.102/Sdks/Microsoft.NET.Sdk/targets/Microsoft.PackageDependencyResolution.targets(80,5): message :     ") at /root/.dotnet/sdk/10.0.102/Sdks/Microsoft.NET.Sdk/targets/Microsoft.PackageDependencyResolution.targets (80,5)
       /root/.dotnet/sdk/10.0.102/Sdks/Microsoft.NET.Sdk/targets/Microsoft.PackageDependencyResolution.targets(86,5): message : Property reassignment: $(PrepareResourcesDependsOn)="
       /root/.dotnet/sdk/10.0.102/Sdks/Microsoft.NET.Sdk/targets/Microsoft.PackageDependencyResolution.targets(86,5): message :       ResolvePackageDependenciesForBuild;
       /root/.dotnet/sdk/10.0.102/Sdks/Microsoft.NET.Sdk/targets/Microsoft.PackageDependencyResolution.targets(86,5): message :       _HandlePackageFileConflicts;
       /root/.dotnet/sdk/10.0.102/Sdks/Microsoft.NET.Sdk/targets/Microsoft.PackageDependencyResolution.targets(86,5): message :       
       /root/.dotnet/sdk/10.0.102/Sdks/Microsoft.NET.Sdk/targets/Microsoft.PackageDependencyResolution.targets(86,5): message :       ;
       /root/.dotnet/sdk/10.0.102/Sdks/Microsoft.NET.Sdk/targets/Microsoft.PackageDependencyResolution.targets(86,5): message :       PrepareResourceNames;
       /root/.dotnet/sdk/10.0.102/Sdks/Microsoft.NET.Sdk/targets/Microsoft.PackageDependencyResolution.targets(86,5): message :       ResGen;
       /root/.dotnet/sdk/10.0.102/Sdks/Microsoft.NET.Sdk/targets/Microsoft.PackageDependencyResolution.targets(86,5): message :       CompileLicxFiles
       /root/.dotnet/sdk/10.0.102/Sdks/Microsoft.NET.Sdk/targets/Microsoft.PackageDependencyResolution.targets(86,5): message :     
       /root/.dotnet/sdk/10.0.102/Sdks/Microsoft.NET.Sdk/targets/Microsoft.PackageDependencyResolution.targets(86,5): message :     " (previous value: "
       /root/.dotnet/sdk/10.0.102/Sdks/Microsoft.NET.Sdk/targets/Microsoft.PackageDependencyResolution.targets(86,5): message :       ;
       /root/.dotnet/sdk/10.0.102/Sdks/Microsoft.NET.Sdk/targets/Microsoft.PackageDependencyResolution.targets(86,5): message :       PrepareResourceNames;
       /root/.dotnet/sdk/10.0.102/Sdks/Microsoft.NET.Sdk/targets/Microsoft.PackageDependencyResolution.targets(86,5): message :       ResGen;
       /root/.dotnet/sdk/10.0.102/Sdks/Microsoft.NET.Sdk/targets/Microsoft.PackageDependencyResolution.targets(86,5): message :       CompileLicxFiles
       /root/.dotnet/sdk/10.0.102/Sdks/Microsoft.NET.Sdk/targets/Microsoft.PackageDependencyResolution.targets(86,5): message :     ") at /root/.dotnet/sdk/10.0.102/Sdks/Microsoft.NET.Sdk/targets/Microsoft.PackageDependencyResolution.targets (86,5)
       The "EnableDefaultCompileItems" property is a global property, and cannot be modified.
       The "EnableDefaultEmbeddedResourceItems" property is a global property, and cannot be modified.
       The "EnableDefaultNoneItems" property is a global property, and cannot be modified.
       /root/.dotnet/sdk/10.0.102/Sdks/Microsoft.NET.Sdk/targets/Microsoft.NET.Sdk.DefaultItems.targets(35,5): message : Property reassignment: $(DefaultItemExcludes)=";bin/Debug//**;obj/Debug//**;bin//**" (previous value: ";bin/Debug//**;obj/Debug//**") at /root/.dotnet/sdk/10.0.102/Sdks/Microsoft.NET.Sdk/targets/Microsoft.NET.Sdk.DefaultItems.targets (35,5)
       /root/.dotnet/sdk/10.0.102/Sdks/Microsoft.NET.Sdk/targets/Microsoft.NET.Sdk.DefaultItems.targets(37,5): message : Property reassignment: $(DefaultItemExcludes)=";bin/Debug//**;obj/Debug//**;bin//**;obj//**" (previous value: ";bin/Debug//**;obj/Debug//**;bin//**") at /root/.dotnet/sdk/10.0.102/Sdks/Microsoft.NET.Sdk/targets/Microsoft.NET.Sdk.DefaultItems.targets (37,5)
       /root/.dotnet/sdk/10.0.102/Sdks/Microsoft.NET.Sdk/targets/Microsoft.NET.Sdk.DefaultItems.targets(40,5): message : Property reassignment: $(DefaultItemExcludes)=";bin/Debug//**;obj/Debug//**;bin//**;obj//**;**/*.user" (previous value: ";bin/Debug//**;obj/Debug//**;bin//**;obj//**") at /root/.dotnet/sdk/10.0.102/Sdks/Microsoft.NET.Sdk/targets/Microsoft.NET.Sdk.DefaultItems.targets (40,5)
       /root/.dotnet/sdk/10.0.102/Sdks/Microsoft.NET.Sdk/targets/Microsoft.NET.Sdk.DefaultItems.targets(41,5): message : Property reassignment: $(DefaultItemExcludes)=";bin/Debug//**;obj/Debug//**;bin//**;obj//**;**/*.user;**/*.*proj" (previous value: ";bin/Debug//**;obj/Debug//**;bin//**;obj//**;**/*.user") at /root/.dotnet/sdk/10.0.102/Sdks/Microsoft.NET.Sdk/targets/Microsoft.NET.Sdk.DefaultItems.targets (41,5)
       /root/.dotnet/sdk/10.0.102/Sdks/Microsoft.NET.Sdk/targets/Microsoft.NET.Sdk.DefaultItems.targets(42,5): message : Property reassignment: $(DefaultItemExcludes)=";bin/Debug//**;obj/Debug//**;bin//**;obj//**;**/*.user;**/*.*proj;**/*.sln" (previous value: ";bin/Debug//**;obj/Debug//**;bin//**;obj//**;**/*.user;**/*.*proj") at /root/.dotnet/sdk/10.0.102/Sdks/Microsoft.NET.Sdk/targets/Microsoft.NET.Sdk.DefaultItems.targets (42,5)
       /root/.dotnet/sdk/10.0.102/Sdks/Microsoft.NET.Sdk/targets/Microsoft.NET.Sdk.DefaultItems.targets(43,5): message : Property reassignment: $(DefaultItemExcludes)=";bin/Debug//**;obj/Debug//**;bin//**;obj//**;**/*.user;**/*.*proj;**/*.sln;**/*.slnx" (previous value: ";bin/Debug//**;obj/Debug//**;bin//**;obj//**;**/*.user;**/*.*proj;**/*.sln") at /root/.dotnet/sdk/10.0.102/Sdks/Microsoft.NET.Sdk/targets/Microsoft.NET.Sdk.DefaultItems.targets (43,5)
       /root/.dotnet/sdk/10.0.102/Sdks/Microsoft.NET.Sdk/targets/Microsoft.NET.Sdk.DefaultItems.targets(44,5): message : Property reassignment: $(DefaultItemExcludes)=";bin/Debug//**;obj/Debug//**;bin//**;obj//**;**/*.user;**/*.*proj;**/*.sln;**/*.slnx;**/*.vssscc" (previous value: ";bin/Debug//**;obj/Debug//**;bin//**;obj//**;**/*.user;**/*.*proj;**/*.sln;**/*.slnx") at /root/.dotnet/sdk/10.0.102/Sdks/Microsoft.NET.Sdk/targets/Microsoft.NET.Sdk.DefaultItems.targets (44,5)
       /root/.dotnet/sdk/10.0.102/Sdks/Microsoft.NET.Sdk/targets/Microsoft.NET.Sdk.DefaultItems.targets(45,5): message : Property reassignment: $(DefaultItemExcludes)=";bin/Debug//**;obj/Debug//**;bin//**;obj//**;**/*.user;**/*.*proj;**/*.sln;**/*.slnx;**/*.vssscc;**/.DS_Store" (previous value: ";bin/Debug//**;obj/Debug//**;bin//**;obj//**;**/*.user;**/*.*proj;**/*.sln;**/*.slnx;**/*.vssscc") at /root/.dotnet/sdk/10.0.102/Sdks/Microsoft.NET.Sdk/targets/Microsoft.NET.Sdk.DefaultItems.targets (45,5)
       /root/.dotnet/sdk/10.0.102/Sdks/Microsoft.NET.Sdk/targets/Microsoft.NET.Sdk.FrameworkReferenceResolution.targets(14,5): message : Property reassignment: $(ResolveAssemblyReferencesDependsOn)="
       /root/.dotnet/sdk/10.0.102/Sdks/Microsoft.NET.Sdk/targets/Microsoft.NET.Sdk.FrameworkReferenceResolution.targets(14,5): message :       
       /root/.dotnet/sdk/10.0.102/Sdks/Microsoft.NET.Sdk/targets/Microsoft.NET.Sdk.FrameworkReferenceResolution.targets(14,5): message :       
       /root/.dotnet/sdk/10.0.102/Sdks/Microsoft.NET.Sdk/targets/Microsoft.NET.Sdk.FrameworkReferenceResolution.targets(14,5): message :       ResolveProjectReferences;
       /root/.dotnet/sdk/10.0.102/Sdks/Microsoft.NET.Sdk/targets/Microsoft.NET.Sdk.FrameworkReferenceResolution.targets(14,5): message :       FindInvalidProjectReferences;
       /root/.dotnet/sdk/10.0.102/Sdks/Microsoft.NET.Sdk/targets/Microsoft.NET.Sdk.FrameworkReferenceResolution.targets(14,5): message :       GetFrameworkPaths;
       /root/.dotnet/sdk/10.0.102/Sdks/Microsoft.NET.Sdk/targets/Microsoft.NET.Sdk.FrameworkReferenceResolution.targets(14,5): message :       GetReferenceAssemblyPaths;
       /root/.dotnet/sdk/10.0.102/Sdks/Microsoft.NET.Sdk/targets/Microsoft.NET.Sdk.FrameworkReferenceResolution.targets(14,5): message :       PrepareForBuild;
       /root/.dotnet/sdk/10.0.102/Sdks/Microsoft.NET.Sdk/targets/Microsoft.NET.Sdk.FrameworkReferenceResolution.targets(14,5): message :       ResolveSDKReferences;
       /root/.dotnet/sdk/10.0.102/Sdks/Microsoft.NET.Sdk/targets/Microsoft.NET.Sdk.FrameworkReferenceResolution.targets(14,5): message :       ExpandSDKReferences;
       /root/.dotnet/sdk/10.0.102/Sdks/Microsoft.NET.Sdk/targets/Microsoft.NET.Sdk.FrameworkReferenceResolution.targets(14,5): message :     ;
       /root/.dotnet/sdk/10.0.102/Sdks/Microsoft.NET.Sdk/targets/Microsoft.NET.Sdk.FrameworkReferenceResolution.targets(14,5): message :       ResolvePackageDependenciesForBuild;
       /root/.dotnet/sdk/10.0.102/Sdks/Microsoft.NET.Sdk/targets/Microsoft.NET.Sdk.FrameworkReferenceResolution.targets(14,5): message :       _HandlePackageFileConflicts;
       /root/.dotnet/sdk/10.0.102/Sdks/Microsoft.NET.Sdk/targets/Microsoft.NET.Sdk.FrameworkReferenceResolution.targets(14,5): message :     ;
       /root/.dotnet/sdk/10.0.102/Sdks/Microsoft.NET.Sdk/targets/Microsoft.NET.Sdk.FrameworkReferenceResolution.targets(14,5): message :       ResolveTargetingPackAssets;
       /root/.dotnet/sdk/10.0.102/Sdks/Microsoft.NET.Sdk/targets/Microsoft.NET.Sdk.FrameworkReferenceResolution.targets(14,5): message :     " (previous value: "
       /root/.dotnet/sdk/10.0.102/Sdks/Microsoft.NET.Sdk/targets/Microsoft.NET.Sdk.FrameworkReferenceResolution.targets(14,5): message :       
       /root/.dotnet/sdk/10.0.102/Sdks/Microsoft.NET.Sdk/targets/Microsoft.NET.Sdk.FrameworkReferenceResolution.targets(14,5): message :       ResolveProjectReferences;
       /root/.dotnet/sdk/10.0.102/Sdks/Microsoft.NET.Sdk/targets/Microsoft.NET.Sdk.FrameworkReferenceResolution.targets(14,5): message :       FindInvalidProjectReferences;
       /root/.dotnet/sdk/10.0.102/Sdks/Microsoft.NET.Sdk/targets/Microsoft.NET.Sdk.FrameworkReferenceResolution.targets(14,5): message :       GetFrameworkPaths;
       /root/.dotnet/sdk/10.0.102/Sdks/Microsoft.NET.Sdk/targets/Microsoft.NET.Sdk.FrameworkReferenceResolution.targets(14,5): message :       GetReferenceAssemblyPaths;
       /root/.dotnet/sdk/10.0.102/Sdks/Microsoft.NET.Sdk/targets/Microsoft.NET.Sdk.FrameworkReferenceResolution.targets(14,5): message :       PrepareForBuild;
       /root/.dotnet/sdk/10.0.102/Sdks/Microsoft.NET.Sdk/targets/Microsoft.NET.Sdk.FrameworkReferenceResolution.targets(14,5): message :       ResolveSDKReferences;
       /root/.dotnet/sdk/10.0.102/Sdks/Microsoft.NET.Sdk/targets/Microsoft.NET.Sdk.FrameworkReferenceResolution.targets(14,5): message :       ExpandSDKReferences;
       /root/.dotnet/sdk/10.0.102/Sdks/Microsoft.NET.Sdk/targets/Microsoft.NET.Sdk.FrameworkReferenceResolution.targets(14,5): message :     ;
       /root/.dotnet/sdk/10.0.102/Sdks/Microsoft.NET.Sdk/targets/Microsoft.NET.Sdk.FrameworkReferenceResolution.targets(14,5): message :       ResolvePackageDependenciesForBuild;
       /root/.dotnet/sdk/10.0.102/Sdks/Microsoft.NET.Sdk/targets/Microsoft.NET.Sdk.FrameworkReferenceResolution.targets(14,5): message :       _HandlePackageFileConflicts;
       /root/.dotnet/sdk/10.0.102/Sdks/Microsoft.NET.Sdk/targets/Microsoft.NET.Sdk.FrameworkReferenceResolution.targets(14,5): message :     ") at /root/.dotnet/sdk/10.0.102/Sdks/Microsoft.NET.Sdk/targets/Microsoft.NET.Sdk.FrameworkReferenceResolution.targets (14,5)
       /root/.dotnet/sdk/10.0.102/Sdks/Microsoft.NET.Sdk/targets/Microsoft.NET.Sdk.targets(44,5): message : Property reassignment: $(_GenerateRuntimeConfigurationPropertyInputsCache)="/QNet/site-packages/atx_dot_net_strands_cli/all_local_test_output/artifact-AdoCore/artifact/sourceCode/obj/Debug/net9.0/AdoCore.genruntimeconfig.cache" (previous value: "obj/Debug/net9.0/AdoCore.genruntimeconfig.cache") at /root/.dotnet/sdk/10.0.102/Sdks/Microsoft.NET.Sdk/targets/Microsoft.NET.Sdk.targets (44,5)
       /root/.dotnet/sdk/10.0.102/Sdks/Microsoft.NET.Sdk/targets/Microsoft.NET.Sdk.targets(46,5): message : Property reassignment: $(_GeneratePublishDependencyFilePropertyInputsCache)="/QNet/site-packages/atx_dot_net_strands_cli/all_local_test_output/artifact-AdoCore/artifact/sourceCode/obj/Debug/net9.0/AdoCore.genpublishdeps.cache" (previous value: "obj/Debug/net9.0/AdoCore.genpublishdeps.cache") at /root/.dotnet/sdk/10.0.102/Sdks/Microsoft.NET.Sdk/targets/Microsoft.NET.Sdk.targets (46,5)
       /root/.dotnet/sdk/10.0.102/Sdks/Microsoft.NET.Sdk/targets/Microsoft.NET.Sdk.targets(48,5): message : Property reassignment: $(_GenerateSingleFileBundlePropertyInputsCache)="/QNet/site-packages/atx_dot_net_strands_cli/all_local_test_output/artifact-AdoCore/artifact/sourceCode/obj/Debug/net9.0/AdoCore.genbundle.cache" (previous value: "obj/Debug/net9.0/AdoCore.genbundle.cache") at /root/.dotnet/sdk/10.0.102/Sdks/Microsoft.NET.Sdk/targets/Microsoft.NET.Sdk.targets (48,5)
       /root/.dotnet/sdk/10.0.102/Sdks/Microsoft.NET.Sdk/targets/Microsoft.NET.Sdk.targets(81,5): message : Property reassignment: $(GenerateRuntimeConfigDevFile)="false" (previous value: "true") at /root/.dotnet/sdk/10.0.102/Sdks/Microsoft.NET.Sdk/targets/Microsoft.NET.Sdk.targets (81,5)
       /root/.dotnet/sdk/10.0.102/Sdks/Microsoft.NET.Sdk/targets/Microsoft.NET.Sdk.targets(97,5): message : Property 'HOME' with value '/root' expanded from the environment.
       /root/.dotnet/sdk/10.0.102/Sdks/Microsoft.NET.Sdk/targets/Microsoft.NET.Sdk.targets(99,5): message : Property reassignment: $(_DefaultUserProfileRuntimeStorePath)="/root/.dotnet/store" (previous value: "/root") at /root/.dotnet/sdk/10.0.102/Sdks/Microsoft.NET.Sdk/targets/Microsoft.NET.Sdk.targets (99,5)
       /root/.dotnet/sdk/10.0.102/Sdks/Microsoft.NET.Sdk/targets/Microsoft.NET.Sdk.targets(144,5): message : Property reassignment: $(AvailablePlatforms)="Any CPU,x86,x64,ARM32" (previous value: "Any CPU,x86,x64") at /root/.dotnet/sdk/10.0.102/Sdks/Microsoft.NET.Sdk/targets/Microsoft.NET.Sdk.targets (144,5)
       /root/.dotnet/sdk/10.0.102/Sdks/Microsoft.NET.Sdk/targets/Microsoft.NET.Sdk.targets(148,5): message : Property reassignment: $(AvailablePlatforms)="Any CPU,x86,x64,ARM32,ARM64" (previous value: "Any CPU,x86,x64,ARM32") at /root/.dotnet/sdk/10.0.102/Sdks/Microsoft.NET.Sdk/targets/Microsoft.NET.Sdk.targets (148,5)
       /root/.dotnet/sdk/10.0.102/Sdks/Microsoft.NET.Sdk/targets/Microsoft.NET.Sdk.targets(204,5): message : Property reassignment: $(CoreBuildDependsOn)="
       /root/.dotnet/sdk/10.0.102/Sdks/Microsoft.NET.Sdk/targets/Microsoft.NET.Sdk.targets(204,5): message :       _CheckForBuildWithNoBuild;
       /root/.dotnet/sdk/10.0.102/Sdks/Microsoft.NET.Sdk/targets/Microsoft.NET.Sdk.targets(204,5): message :       
       /root/.dotnet/sdk/10.0.102/Sdks/Microsoft.NET.Sdk/targets/Microsoft.NET.Sdk.targets(204,5): message :       BuildOnlySettings;
       /root/.dotnet/sdk/10.0.102/Sdks/Microsoft.NET.Sdk/targets/Microsoft.NET.Sdk.targets(204,5): message :       PrepareForBuild;
       /root/.dotnet/sdk/10.0.102/Sdks/Microsoft.NET.Sdk/targets/Microsoft.NET.Sdk.targets(204,5): message :       PreBuildEvent;
       /root/.dotnet/sdk/10.0.102/Sdks/Microsoft.NET.Sdk/targets/Microsoft.NET.Sdk.targets(204,5): message :       ResolveReferences;
       /root/.dotnet/sdk/10.0.102/Sdks/Microsoft.NET.Sdk/targets/Microsoft.NET.Sdk.targets(204,5): message :       PrepareResources;
       /root/.dotnet/sdk/10.0.102/Sdks/Microsoft.NET.Sdk/targets/Microsoft.NET.Sdk.targets(204,5): message :       ResolveKeySource;
       /root/.dotnet/sdk/10.0.102/Sdks/Microsoft.NET.Sdk/targets/Microsoft.NET.Sdk.targets(204,5): message :       Compile;
       /root/.dotnet/sdk/10.0.102/Sdks/Microsoft.NET.Sdk/targets/Microsoft.NET.Sdk.targets(204,5): message :       ExportWindowsMDFile;
       /root/.dotnet/sdk/10.0.102/Sdks/Microsoft.NET.Sdk/targets/Microsoft.NET.Sdk.targets(204,5): message :       UnmanagedUnregistration;
       /root/.dotnet/sdk/10.0.102/Sdks/Microsoft.NET.Sdk/targets/Microsoft.NET.Sdk.targets(204,5): message :       GenerateSerializationAssemblies;
       /root/.dotnet/sdk/10.0.102/Sdks/Microsoft.NET.Sdk/targets/Microsoft.NET.Sdk.targets(204,5): message :       CreateSatelliteAssemblies;
       /root/.dotnet/sdk/10.0.102/Sdks/Microsoft.NET.Sdk/targets/Microsoft.NET.Sdk.targets(204,5): message :       GenerateManifests;
       /root/.dotnet/sdk/10.0.102/Sdks/Microsoft.NET.Sdk/targets/Microsoft.NET.Sdk.targets(204,5): message :       GetTargetPath;
       /root/.dotnet/sdk/10.0.102/Sdks/Microsoft.NET.Sdk/targets/Microsoft.NET.Sdk.targets(204,5): message :       PrepareForRun;
       /root/.dotnet/sdk/10.0.102/Sdks/Microsoft.NET.Sdk/targets/Microsoft.NET.Sdk.targets(204,5): message :       UnmanagedRegistration;
       /root/.dotnet/sdk/10.0.102/Sdks/Microsoft.NET.Sdk/targets/Microsoft.NET.Sdk.targets(204,5): message :       IncrementalClean;
       /root/.dotnet/sdk/10.0.102/Sdks/Microsoft.NET.Sdk/targets/Microsoft.NET.Sdk.targets(204,5): message :       PostBuildEvent
       /root/.dotnet/sdk/10.0.102/Sdks/Microsoft.NET.Sdk/targets/Microsoft.NET.Sdk.targets(204,5): message :     ;
       /root/.dotnet/sdk/10.0.102/Sdks/Microsoft.NET.Sdk/targets/Microsoft.NET.Sdk.targets(204,5): message :       GenerateBuildDependencyFile;
       /root/.dotnet/sdk/10.0.102/Sdks/Microsoft.NET.Sdk/targets/Microsoft.NET.Sdk.targets(204,5): message :       GenerateBuildRuntimeConfigurationFiles
       /root/.dotnet/sdk/10.0.102/Sdks/Microsoft.NET.Sdk/targets/Microsoft.NET.Sdk.targets(204,5): message :     " (previous value: "
       /root/.dotnet/sdk/10.0.102/Sdks/Microsoft.NET.Sdk/targets/Microsoft.NET.Sdk.targets(204,5): message :       BuildOnlySettings;
       /root/.dotnet/sdk/10.0.102/Sdks/Microsoft.NET.Sdk/targets/Microsoft.NET.Sdk.targets(204,5): message :       PrepareForBuild;
       /root/.dotnet/sdk/10.0.102/Sdks/Microsoft.NET.Sdk/targets/Microsoft.NET.Sdk.targets(204,5): message :       PreBuildEvent;
       /root/.dotnet/sdk/10.0.102/Sdks/Microsoft.NET.Sdk/targets/Microsoft.NET.Sdk.targets(204,5): message :       ResolveReferences;
       /root/.dotnet/sdk/10.0.102/Sdks/Microsoft.NET.Sdk/targets/Microsoft.NET.Sdk.targets(204,5): message :       PrepareResources;
       /root/.dotnet/sdk/10.0.102/Sdks/Microsoft.NET.Sdk/targets/Microsoft.NET.Sdk.targets(204,5): message :       ResolveKeySource;
       /root/.dotnet/sdk/10.0.102/Sdks/Microsoft.NET.Sdk/targets/Microsoft.NET.Sdk.targets(204,5): message :       Compile;
       /root/.dotnet/sdk/10.0.102/Sdks/Microsoft.NET.Sdk/targets/Microsoft.NET.Sdk.targets(204,5): message :       ExportWindowsMDFile;
       /root/.dotnet/sdk/10.0.102/Sdks/Microsoft.NET.Sdk/targets/Microsoft.NET.Sdk.targets(204,5): message :       UnmanagedUnregistration;
       /root/.dotnet/sdk/10.0.102/Sdks/Microsoft.NET.Sdk/targets/Microsoft.NET.Sdk.targets(204,5): message :       GenerateSerializationAssemblies;
       /root/.dotnet/sdk/10.0.102/Sdks/Microsoft.NET.Sdk/targets/Microsoft.NET.Sdk.targets(204,5): message :       CreateSatelliteAssemblies;
       /root/.dotnet/sdk/10.0.102/Sdks/Microsoft.NET.Sdk/targets/Microsoft.NET.Sdk.targets(204,5): message :       GenerateManifests;
       /root/.dotnet/sdk/10.0.102/Sdks/Microsoft.NET.Sdk/targets/Microsoft.NET.Sdk.targets(204,5): message :       GetTargetPath;
       /root/.dotnet/sdk/10.0.102/Sdks/Microsoft.NET.Sdk/targets/Microsoft.NET.Sdk.targets(204,5): message :       PrepareForRun;
       /root/.dotnet/sdk/10.0.102/Sdks/Microsoft.NET.Sdk/targets/Microsoft.NET.Sdk.targets(204,5): message :       UnmanagedRegistration;
       /root/.dotnet/sdk/10.0.102/Sdks/Microsoft.NET.Sdk/targets/Microsoft.NET.Sdk.targets(204,5): message :       IncrementalClean;
       /root/.dotnet/sdk/10.0.102/Sdks/Microsoft.NET.Sdk/targets/Microsoft.NET.Sdk.targets(204,5): message :       PostBuildEvent
       /root/.dotnet/sdk/10.0.102/Sdks/Microsoft.NET.Sdk/targets/Microsoft.NET.Sdk.targets(204,5): message :     ") at /root/.dotnet/sdk/10.0.102/Sdks/Microsoft.NET.Sdk/targets/Microsoft.NET.Sdk.targets (204,5)
       /root/.dotnet/sdk/10.0.102/Sdks/Microsoft.NET.Sdk/targets/Microsoft.NET.Sdk.targets(213,5): message : Property reassignment: $(CoreCleanDependsOn)="
       /root/.dotnet/sdk/10.0.102/Sdks/Microsoft.NET.Sdk/targets/Microsoft.NET.Sdk.targets(213,5): message :       _SdkBeforeClean;
       /root/.dotnet/sdk/10.0.102/Sdks/Microsoft.NET.Sdk/targets/Microsoft.NET.Sdk.targets(213,5): message :       
       /root/.dotnet/sdk/10.0.102/Sdks/Microsoft.NET.Sdk/targets/Microsoft.NET.Sdk.targets(213,5): message :     " (previous value: "") at /root/.dotnet/sdk/10.0.102/Sdks/Microsoft.NET.Sdk/targets/Microsoft.NET.Sdk.targets (213,5)
       /root/.dotnet/sdk/10.0.102/Sdks/Microsoft.NET.Sdk/targets/Microsoft.NET.Sdk.targets(220,5): message : Property reassignment: $(RebuildDependsOn)="
       /root/.dotnet/sdk/10.0.102/Sdks/Microsoft.NET.Sdk/targets/Microsoft.NET.Sdk.targets(220,5): message :       _SdkBeforeRebuild;
       /root/.dotnet/sdk/10.0.102/Sdks/Microsoft.NET.Sdk/targets/Microsoft.NET.Sdk.targets(220,5): message :       
       /root/.dotnet/sdk/10.0.102/Sdks/Microsoft.NET.Sdk/targets/Microsoft.NET.Sdk.targets(220,5): message :       BeforeRebuild;
       /root/.dotnet/sdk/10.0.102/Sdks/Microsoft.NET.Sdk/targets/Microsoft.NET.Sdk.targets(220,5): message :       Clean;
       /root/.dotnet/sdk/10.0.102/Sdks/Microsoft.NET.Sdk/targets/Microsoft.NET.Sdk.targets(220,5): message :       Build;
       /root/.dotnet/sdk/10.0.102/Sdks/Microsoft.NET.Sdk/targets/Microsoft.NET.Sdk.targets(220,5): message :       AfterRebuild;
       /root/.dotnet/sdk/10.0.102/Sdks/Microsoft.NET.Sdk/targets/Microsoft.NET.Sdk.targets(220,5): message :     
       /root/.dotnet/sdk/10.0.102/Sdks/Microsoft.NET.Sdk/targets/Microsoft.NET.Sdk.targets(220,5): message :     " (previous value: "
       /root/.dotnet/sdk/10.0.102/Sdks/Microsoft.NET.Sdk/targets/Microsoft.NET.Sdk.targets(220,5): message :       BeforeRebuild;
       /root/.dotnet/sdk/10.0.102/Sdks/Microsoft.NET.Sdk/targets/Microsoft.NET.Sdk.targets(220,5): message :       Clean;
       /root/.dotnet/sdk/10.0.102/Sdks/Microsoft.NET.Sdk/targets/Microsoft.NET.Sdk.targets(220,5): message :       Build;
       /root/.dotnet/sdk/10.0.102/Sdks/Microsoft.NET.Sdk/targets/Microsoft.NET.Sdk.targets(220,5): message :       AfterRebuild;
       /root/.dotnet/sdk/10.0.102/Sdks/Microsoft.NET.Sdk/targets/Microsoft.NET.Sdk.targets(220,5): message :     ") at /root/.dotnet/sdk/10.0.102/Sdks/Microsoft.NET.Sdk/targets/Microsoft.NET.Sdk.targets (220,5)
       /root/.dotnet/sdk/10.0.102/Sdks/Microsoft.NET.Sdk/targets/Microsoft.NET.Sdk.targets(799,5): message : Property reassignment: $(CompileDependsOn)="
       /root/.dotnet/sdk/10.0.102/Sdks/Microsoft.NET.Sdk/targets/Microsoft.NET.Sdk.targets(799,5): message :       
       /root/.dotnet/sdk/10.0.102/Sdks/Microsoft.NET.Sdk/targets/Microsoft.NET.Sdk.targets(799,5): message :       ResolveReferences;
       /root/.dotnet/sdk/10.0.102/Sdks/Microsoft.NET.Sdk/targets/Microsoft.NET.Sdk.targets(799,5): message :       ResolveKeySource;
       /root/.dotnet/sdk/10.0.102/Sdks/Microsoft.NET.Sdk/targets/Microsoft.NET.Sdk.targets(799,5): message :       SetWin32ManifestProperties;
       /root/.dotnet/sdk/10.0.102/Sdks/Microsoft.NET.Sdk/targets/Microsoft.NET.Sdk.targets(799,5): message :       _SetPreferNativeArm64Win32ManifestProperties;
       /root/.dotnet/sdk/10.0.102/Sdks/Microsoft.NET.Sdk/targets/Microsoft.NET.Sdk.targets(799,5): message :       FindReferenceAssembliesForReferences;
       /root/.dotnet/sdk/10.0.102/Sdks/Microsoft.NET.Sdk/targets/Microsoft.NET.Sdk.targets(799,5): message :       _GenerateCompileInputs;
       /root/.dotnet/sdk/10.0.102/Sdks/Microsoft.NET.Sdk/targets/Microsoft.NET.Sdk.targets(799,5): message :       BeforeCompile;
       /root/.dotnet/sdk/10.0.102/Sdks/Microsoft.NET.Sdk/targets/Microsoft.NET.Sdk.targets(799,5): message :       _TimeStampBeforeCompile;
       /root/.dotnet/sdk/10.0.102/Sdks/Microsoft.NET.Sdk/targets/Microsoft.NET.Sdk.targets(799,5): message :       _GenerateCompileDependencyCache;
       /root/.dotnet/sdk/10.0.102/Sdks/Microsoft.NET.Sdk/targets/Microsoft.NET.Sdk.targets(799,5): message :       CoreCompile;
       /root/.dotnet/sdk/10.0.102/Sdks/Microsoft.NET.Sdk/targets/Microsoft.NET.Sdk.targets(799,5): message :       _TimeStampAfterCompile;
       /root/.dotnet/sdk/10.0.102/Sdks/Microsoft.NET.Sdk/targets/Microsoft.NET.Sdk.targets(799,5): message :       AfterCompile;
       /root/.dotnet/sdk/10.0.102/Sdks/Microsoft.NET.Sdk/targets/Microsoft.NET.Sdk.targets(799,5): message :     ;
       /root/.dotnet/sdk/10.0.102/Sdks/Microsoft.NET.Sdk/targets/Microsoft.NET.Sdk.targets(799,5): message :       _CreateAppHost;
       /root/.dotnet/sdk/10.0.102/Sdks/Microsoft.NET.Sdk/targets/Microsoft.NET.Sdk.targets(799,5): message :       _CreateComHost;
       /root/.dotnet/sdk/10.0.102/Sdks/Microsoft.NET.Sdk/targets/Microsoft.NET.Sdk.targets(799,5): message :       _GetIjwHostPaths;
       /root/.dotnet/sdk/10.0.102/Sdks/Microsoft.NET.Sdk/targets/Microsoft.NET.Sdk.targets(799,5): message :     " (previous value: "
       /root/.dotnet/sdk/10.0.102/Sdks/Microsoft.NET.Sdk/targets/Microsoft.NET.Sdk.targets(799,5): message :       ResolveReferences;
       /root/.dotnet/sdk/10.0.102/Sdks/Microsoft.NET.Sdk/targets/Microsoft.NET.Sdk.targets(799,5): message :       ResolveKeySource;
       /root/.dotnet/sdk/10.0.102/Sdks/Microsoft.NET.Sdk/targets/Microsoft.NET.Sdk.targets(799,5): message :       SetWin32ManifestProperties;
       /root/.dotnet/sdk/10.0.102/Sdks/Microsoft.NET.Sdk/targets/Microsoft.NET.Sdk.targets(799,5): message :       _SetPreferNativeArm64Win32ManifestProperties;
       /root/.dotnet/sdk/10.0.102/Sdks/Microsoft.NET.Sdk/targets/Microsoft.NET.Sdk.targets(799,5): message :       FindReferenceAssembliesForReferences;
       /root/.dotnet/sdk/10.0.102/Sdks/Microsoft.NET.Sdk/targets/Microsoft.NET.Sdk.targets(799,5): message :       _GenerateCompileInputs;
       /root/.dotnet/sdk/10.0.102/Sdks/Microsoft.NET.Sdk/targets/Microsoft.NET.Sdk.targets(799,5): message :       BeforeCompile;
       /root/.dotnet/sdk/10.0.102/Sdks/Microsoft.NET.Sdk/targets/Microsoft.NET.Sdk.targets(799,5): message :       _TimeStampBeforeCompile;
       /root/.dotnet/sdk/10.0.102/Sdks/Microsoft.NET.Sdk/targets/Microsoft.NET.Sdk.targets(799,5): message :       _GenerateCompileDependencyCache;
       /root/.dotnet/sdk/10.0.102/Sdks/Microsoft.NET.Sdk/targets/Microsoft.NET.Sdk.targets(799,5): message :       CoreCompile;
       /root/.dotnet/sdk/10.0.102/Sdks/Microsoft.NET.Sdk/targets/Microsoft.NET.Sdk.targets(799,5): message :       _TimeStampAfterCompile;
       /root/.dotnet/sdk/10.0.102/Sdks/Microsoft.NET.Sdk/targets/Microsoft.NET.Sdk.targets(799,5): message :       AfterCompile;
       /root/.dotnet/sdk/10.0.102/Sdks/Microsoft.NET.Sdk/targets/Microsoft.NET.Sdk.targets(799,5): message :     ") at /root/.dotnet/sdk/10.0.102/Sdks/Microsoft.NET.Sdk/targets/Microsoft.NET.Sdk.targets (799,5)
       /root/.dotnet/sdk/10.0.102/Sdks/Microsoft.NET.Sdk/targets/Microsoft.NET.Sdk.targets(1131,5): message : Property reassignment: $(CreateSatelliteAssembliesDependsOn)="
       /root/.dotnet/sdk/10.0.102/Sdks/Microsoft.NET.Sdk/targets/Microsoft.NET.Sdk.targets(1131,5): message :       
       /root/.dotnet/sdk/10.0.102/Sdks/Microsoft.NET.Sdk/targets/Microsoft.NET.Sdk.targets(1131,5): message :       ;
       /root/.dotnet/sdk/10.0.102/Sdks/Microsoft.NET.Sdk/targets/Microsoft.NET.Sdk.targets(1131,5): message :       _GenerateSatelliteAssemblyInputs;
       /root/.dotnet/sdk/10.0.102/Sdks/Microsoft.NET.Sdk/targets/Microsoft.NET.Sdk.targets(1131,5): message :       ComputeIntermediateSatelliteAssemblies;
       /root/.dotnet/sdk/10.0.102/Sdks/Microsoft.NET.Sdk/targets/Microsoft.NET.Sdk.targets(1131,5): message :       GenerateSatelliteAssemblies
       /root/.dotnet/sdk/10.0.102/Sdks/Microsoft.NET.Sdk/targets/Microsoft.NET.Sdk.targets(1131,5): message :     ;
       /root/.dotnet/sdk/10.0.102/Sdks/Microsoft.NET.Sdk/targets/Microsoft.NET.Sdk.targets(1131,5): message :       CoreGenerateSatelliteAssemblies
       /root/.dotnet/sdk/10.0.102/Sdks/Microsoft.NET.Sdk/targets/Microsoft.NET.Sdk.targets(1131,5): message :     " (previous value: "
       /root/.dotnet/sdk/10.0.102/Sdks/Microsoft.NET.Sdk/targets/Microsoft.NET.Sdk.targets(1131,5): message :       ;
       /root/.dotnet/sdk/10.0.102/Sdks/Microsoft.NET.Sdk/targets/Microsoft.NET.Sdk.targets(1131,5): message :       _GenerateSatelliteAssemblyInputs;
       /root/.dotnet/sdk/10.0.102/Sdks/Microsoft.NET.Sdk/targets/Microsoft.NET.Sdk.targets(1131,5): message :       ComputeIntermediateSatelliteAssemblies;
       /root/.dotnet/sdk/10.0.102/Sdks/Microsoft.NET.Sdk/targets/Microsoft.NET.Sdk.targets(1131,5): message :       GenerateSatelliteAssemblies
       /root/.dotnet/sdk/10.0.102/Sdks/Microsoft.NET.Sdk/targets/Microsoft.NET.Sdk.targets(1131,5): message :     ") at /root/.dotnet/sdk/10.0.102/Sdks/Microsoft.NET.Sdk/targets/Microsoft.NET.Sdk.targets (1131,5)
       /root/.dotnet/sdk/10.0.102/Sdks/Microsoft.SourceLink.GitLab/build/Microsoft.SourceLink.GitLab.targets(12,5): message : Property reassignment: $(SourceLinkUrlInitializerTargets)=";_InitializeGitHubSourceLinkUrl;_InitializeGitLabSourceLinkUrl" (previous value: ";_InitializeGitHubSourceLinkUrl") at /root/.dotnet/sdk/10.0.102/Sdks/Microsoft.SourceLink.GitLab/build/Microsoft.SourceLink.GitLab.targets (12,5)
       /root/.dotnet/sdk/10.0.102/Sdks/Microsoft.SourceLink.GitLab/build/Microsoft.SourceLink.GitLab.targets(13,5): message : Property reassignment: $(SourceControlManagerUrlTranslationTargets)=";TranslateGitHubUrlsInSourceControlInformation;TranslateGitLabUrlsInSourceControlInformation" (previous value: ";TranslateGitHubUrlsInSourceControlInformation") at /root/.dotnet/sdk/10.0.102/Sdks/Microsoft.SourceLink.GitLab/build/Microsoft.SourceLink.GitLab.targets (13,5)
       /root/.dotnet/sdk/10.0.102/Sdks/Microsoft.SourceLink.AzureRepos.Git/build/Microsoft.SourceLink.AzureRepos.Git.targets(12,5): message : Property reassignment: $(SourceLinkUrlInitializerTargets)=";_InitializeGitHubSourceLinkUrl;_InitializeGitLabSourceLinkUrl;_InitializeAzureReposGitSourceLinkUrl" (previous value: ";_InitializeGitHubSourceLinkUrl;_InitializeGitLabSourceLinkUrl") at /root/.dotnet/sdk/10.0.102/Sdks/Microsoft.SourceLink.AzureRepos.Git/build/Microsoft.SourceLink.AzureRepos.Git.targets (12,5)
       /root/.dotnet/sdk/10.0.102/Sdks/Microsoft.SourceLink.AzureRepos.Git/build/Microsoft.SourceLink.AzureRepos.Git.targets(13,5): message : Property reassignment: $(SourceControlManagerUrlTranslationTargets)=";TranslateGitHubUrlsInSourceControlInformation;TranslateGitLabUrlsInSourceControlInformation;TranslateAzureReposGitUrlsInSourceControlInformation" (previous value: ";TranslateGitHubUrlsInSourceControlInformation;TranslateGitLabUrlsInSourceControlInformation") at /root/.dotnet/sdk/10.0.102/Sdks/Microsoft.SourceLink.AzureRepos.Git/build/Microsoft.SourceLink.AzureRepos.Git.targets (13,5)
       /root/.dotnet/sdk/10.0.102/Sdks/Microsoft.SourceLink.Bitbucket.Git/build/Microsoft.SourceLink.Bitbucket.Git.targets(12,5): message : Property reassignment: $(SourceLinkUrlInitializerTargets)=";_InitializeGitHubSourceLinkUrl;_InitializeGitLabSourceLinkUrl;_InitializeAzureReposGitSourceLinkUrl;_InitializeBitbucketGitSourceLinkUrl" (previous value: ";_InitializeGitHubSourceLinkUrl;_InitializeGitLabSourceLinkUrl;_InitializeAzureReposGitSourceLinkUrl") at /root/.dotnet/sdk/10.0.102/Sdks/Microsoft.SourceLink.Bitbucket.Git/build/Microsoft.SourceLink.Bitbucket.Git.targets (12,5)
       /root/.dotnet/sdk/10.0.102/Sdks/Microsoft.SourceLink.Bitbucket.Git/build/Microsoft.SourceLink.Bitbucket.Git.targets(13,5): message : Property reassignment: $(SourceControlManagerUrlTranslationTargets)=";TranslateGitHubUrlsInSourceControlInformation;TranslateGitLabUrlsInSourceControlInformation;TranslateAzureReposGitUrlsInSourceControlInformation;TranslateBitbucketGitUrlsInSourceControlInformation" (previous value: ";TranslateGitHubUrlsInSourceControlInformation;TranslateGitLabUrlsInSourceControlInformation;TranslateAzureReposGitUrlsInSourceControlInformation") at /root/.dotnet/sdk/10.0.102/Sdks/Microsoft.SourceLink.Bitbucket.Git/build/Microsoft.SourceLink.Bitbucket.Git.targets (13,5)
       /root/.dotnet/sdk/10.0.102/Sdks/Microsoft.NET.Sdk/targets/Microsoft.NET.DesignerSupport.targets(21,5): message : Property reassignment: $(DesignerRuntimeImplementationProjectOutputGroupDependsOn)="
       /root/.dotnet/sdk/10.0.102/Sdks/Microsoft.NET.Sdk/targets/Microsoft.NET.DesignerSupport.targets(21,5): message :       
       /root/.dotnet/sdk/10.0.102/Sdks/Microsoft.NET.Sdk/targets/Microsoft.NET.DesignerSupport.targets(21,5): message :       ;
       /root/.dotnet/sdk/10.0.102/Sdks/Microsoft.NET.Sdk/targets/Microsoft.NET.DesignerSupport.targets(21,5): message :       
       /root/.dotnet/sdk/10.0.102/Sdks/Microsoft.NET.Sdk/targets/Microsoft.NET.DesignerSupport.targets(21,5): message :       ;
       /root/.dotnet/sdk/10.0.102/Sdks/Microsoft.NET.Sdk/targets/Microsoft.NET.DesignerSupport.targets(21,5): message :       BuildOnlySettings;
       /root/.dotnet/sdk/10.0.102/Sdks/Microsoft.NET.Sdk/targets/Microsoft.NET.DesignerSupport.targets(21,5): message :       PrepareForBuild;
       /root/.dotnet/sdk/10.0.102/Sdks/Microsoft.NET.Sdk/targets/Microsoft.NET.DesignerSupport.targets(21,5): message :       AssignTargetPaths;
       /root/.dotnet/sdk/10.0.102/Sdks/Microsoft.NET.Sdk/targets/Microsoft.NET.DesignerSupport.targets(21,5): message :       ResolveReferences
       /root/.dotnet/sdk/10.0.102/Sdks/Microsoft.NET.Sdk/targets/Microsoft.NET.DesignerSupport.targets(21,5): message :     
       /root/.dotnet/sdk/10.0.102/Sdks/Microsoft.NET.Sdk/targets/Microsoft.NET.DesignerSupport.targets(21,5): message :     ;
       /root/.dotnet/sdk/10.0.102/Sdks/Microsoft.NET.Sdk/targets/Microsoft.NET.DesignerSupport.targets(21,5): message :       _GenerateDesignerDepsFile;
       /root/.dotnet/sdk/10.0.102/Sdks/Microsoft.NET.Sdk/targets/Microsoft.NET.DesignerSupport.targets(21,5): message :       _GenerateDesignerRuntimeConfigFile;
       /root/.dotnet/sdk/10.0.102/Sdks/Microsoft.NET.Sdk/targets/Microsoft.NET.DesignerSupport.targets(21,5): message :       GetCopyToOutputDirectoryItems;
       /root/.dotnet/sdk/10.0.102/Sdks/Microsoft.NET.Sdk/targets/Microsoft.NET.DesignerSupport.targets(21,5): message :       _GatherDesignerShadowCopyFiles;
       /root/.dotnet/sdk/10.0.102/Sdks/Microsoft.NET.Sdk/targets/Microsoft.NET.DesignerSupport.targets(21,5): message :     " (previous value: "
       /root/.dotnet/sdk/10.0.102/Sdks/Microsoft.NET.Sdk/targets/Microsoft.NET.DesignerSupport.targets(21,5): message :       ;
       /root/.dotnet/sdk/10.0.102/Sdks/Microsoft.NET.Sdk/targets/Microsoft.NET.DesignerSupport.targets(21,5): message :       
       /root/.dotnet/sdk/10.0.102/Sdks/Microsoft.NET.Sdk/targets/Microsoft.NET.DesignerSupport.targets(21,5): message :       ;
       /root/.dotnet/sdk/10.0.102/Sdks/Microsoft.NET.Sdk/targets/Microsoft.NET.DesignerSupport.targets(21,5): message :       BuildOnlySettings;
       /root/.dotnet/sdk/10.0.102/Sdks/Microsoft.NET.Sdk/targets/Microsoft.NET.DesignerSupport.targets(21,5): message :       PrepareForBuild;
       /root/.dotnet/sdk/10.0.102/Sdks/Microsoft.NET.Sdk/targets/Microsoft.NET.DesignerSupport.targets(21,5): message :       AssignTargetPaths;
       /root/.dotnet/sdk/10.0.102/Sdks/Microsoft.NET.Sdk/targets/Microsoft.NET.DesignerSupport.targets(21,5): message :       ResolveReferences
       /root/.dotnet/sdk/10.0.102/Sdks/Microsoft.NET.Sdk/targets/Microsoft.NET.DesignerSupport.targets(21,5): message :     
       /root/.dotnet/sdk/10.0.102/Sdks/Microsoft.NET.Sdk/targets/Microsoft.NET.DesignerSupport.targets(21,5): message :     ") at /root/.dotnet/sdk/10.0.102/Sdks/Microsoft.NET.Sdk/targets/Microsoft.NET.DesignerSupport.targets (21,5)
       /root/.dotnet/sdk/10.0.102/Sdks/Microsoft.NET.Sdk/targets/Microsoft.NET.Sdk.CSharp.targets(31,5): message : Property reassignment: $(DefineConstants)="TRACE;DEBUG" (previous value: "TRACE") at /root/.dotnet/sdk/10.0.102/Sdks/Microsoft.NET.Sdk/targets/Microsoft.NET.Sdk.CSharp.targets (31,5)
       /root/.dotnet/sdk/10.0.102/Sdks/Microsoft.NET.Sdk/targets/Microsoft.NET.Sdk.CSharp.targets(45,5): message : Property reassignment: $(WarningsAsErrors)=";NU1605;SYSLIB0011" (previous value: ";NU1605") at /root/.dotnet/sdk/10.0.102/Sdks/Microsoft.NET.Sdk/targets/Microsoft.NET.Sdk.CSharp.targets (45,5)
       /root/.dotnet/sdk/10.0.102/NuGet.Build.Tasks.Pack.targets(34,5): message : Property reassignment: $(PackageDescription)="Package Description" (previous value: "") at /root/.dotnet/sdk/10.0.102/NuGet.Build.Tasks.Pack.targets (34,5)
       /root/.dotnet/sdk/10.0.102/NuGet.Build.Tasks.Pack.targets(59,5): message : Property reassignment: $(GenerateNuspecDependsOn)="Build;_LoadPackInputItems; _GetTargetFrameworksOutput; _WalkEachTargetPerFramework; _GetPackageFiles; " (previous value: "_LoadPackInputItems; _GetTargetFrameworksOutput; _WalkEachTargetPerFramework; _GetPackageFiles; ") at /root/.dotnet/sdk/10.0.102/NuGet.Build.Tasks.Pack.targets (59,5)
       /root/.dotnet/sdk/10.0.102/Sdks/Microsoft.NET.Sdk/Sdk/Sdk.targets(59,5): message : Property reassignment: $(_IsNotSetContainersTargetsDir)="true" (previous value: "false") at /root/.dotnet/sdk/10.0.102/Sdks/Microsoft.NET.Sdk/Sdk/Sdk.targets (59,5)
       /root/.dotnet/sdk/10.0.102/Containers/build/Microsoft.NET.Build.Containers.targets(5,5): message : Property reassignment: $(_IsSDKContainerAllowedVersion)="true" (previous value: "false") at /root/.dotnet/sdk/10.0.102/Containers/build/Microsoft.NET.Build.Containers.targets (5,5)
       /root/.dotnet/sdk/10.0.102/Containers/build/Microsoft.NET.Build.Containers.targets(15,5): message : Property reassignment: $(_ContainerIsTargetingNet8TFM)="true" (previous value: "false") at /root/.dotnet/sdk/10.0.102/Containers/build/Microsoft.NET.Build.Containers.targets (15,5)
       Overriding target "ResolveFrameworkReferences" in project "/root/.dotnet/sdk/10.0.102/Microsoft.Common.CurrentVersion.targets" with target "ResolveFrameworkReferences" from project "/root/.dotnet/sdk/10.0.102/Sdks/Microsoft.NET.Sdk/targets/Microsoft.NET.Sdk.FrameworkReferenceResolution.targets".
       Overriding target "GenerateSupportedTargetFrameworkAlias" in project "/root/.dotnet/sdk/10.0.102/Microsoft.Common.CurrentVersion.targets" with target "GenerateSupportedTargetFrameworkAlias" from project "/root/.dotnet/sdk/10.0.102/Sdks/Microsoft.NET.Sdk/targets/Microsoft.NET.Sdk.targets".
       Overriding target "GetReferenceAssemblyPaths" in project "/root/.dotnet/sdk/10.0.102/Microsoft.Common.CurrentVersion.targets" with target "GetReferenceAssemblyPaths" from project "/root/.dotnet/sdk/10.0.102/Sdks/Microsoft.NET.Sdk/targets/Microsoft.NET.DisableStandardFrameworkResolution.targets".
       Overriding target "GetFrameworkPaths" in project "/root/.dotnet/sdk/10.0.102/Microsoft.Common.CurrentVersion.targets" with target "GetFrameworkPaths" from project "/root/.dotnet/sdk/10.0.102/Sdks/Microsoft.NET.Sdk/targets/Microsoft.NET.DisableStandardFrameworkResolution.targets".
       Overriding target "DesignerRuntimeImplementationProjectOutputGroup" in project "/root/.dotnet/sdk/10.0.102/Microsoft.Common.CurrentVersion.targets" with target "DesignerRuntimeImplementationProjectOutputGroup" from project "/root/.dotnet/sdk/10.0.102/Sdks/Microsoft.NET.Sdk/targets/Microsoft.NET.DesignerSupport.targets".
       Overriding target "Publish" in project "/root/.dotnet/sdk/10.0.102/Microsoft.Common.CurrentVersion.targets" with target "Publish" from project "/root/.dotnet/sdk/10.0.102/Sdks/Microsoft.NET.Sdk/targets/Microsoft.NET.Publish.targets".
       Overriding target "ResolveReadyToRunCompilers" in project "/root/.dotnet/sdk/10.0.102/Sdks/Microsoft.NET.Sdk/targets/Microsoft.NET.CrossGen.targets" with target "ResolveReadyToRunCompilers" from project "/root/.dotnet/sdk/10.0.102/Sdks/Microsoft.NET.Sdk/targets/Microsoft.NET.Publish.targets".
       Overriding target "GetCopyToPublishDirectoryItems" in project "/root/.dotnet/sdk/10.0.102/Microsoft.Common.CurrentVersion.targets" with target "GetCopyToPublishDirectoryItems" from project "/root/.dotnet/sdk/10.0.102/Sdks/Microsoft.NET.Sdk/targets/Microsoft.NET.Publish.targets".
       Overriding target "Run" in project "/root/.dotnet/sdk/10.0.102/Microsoft.Common.CurrentVersion.targets" with target "Run" from project "/root/.dotnet/sdk/10.0.102/Sdks/Microsoft.NET.Sdk/targets/Microsoft.NET.Sdk.targets".
     1>Project "/QNet/site-packages/atx_dot_net_strands_cli/all_local_test_output/artifact-AdoCore/artifact/sourceCode/AdoCore.sln" (1) is building "/QNet/site-packages/atx_dot_net_strands_cli/all_local_test_output/artifact-AdoCore/artifact/sourceCode/AdoCore.csproj" (2) on node 1 (_IsProjectRestoreSupported target(s)).
     2>Target "_IsProjectRestoreSupported" in file "/root/.dotnet/sdk/10.0.102/NuGet.targets" from project "/QNet/site-packages/atx_dot_net_strands_cli/all_local_test_output/artifact-AdoCore/artifact/sourceCode/AdoCore.csproj" (entry point):
     2>Done building target "_IsProjectRestoreSupported" in project "AdoCore.csproj".
     2>Done Building Project "/QNet/site-packages/atx_dot_net_strands_cli/all_local_test_output/artifact-AdoCore/artifact/sourceCode/AdoCore.csproj" (_IsProjectRestoreSupported target(s)).
     1>Done executing task "MSBuild".
       Using "WarnForInvalidProjectsTask" task from assembly "/root/.dotnet/sdk/10.0.102/NuGet.Build.Tasks.dll".
       Task "WarnForInvalidProjectsTask"
       Done executing task "WarnForInvalidProjectsTask".
     1>Done building target "_FilterRestoreGraphProjectInputItems" in project "AdoCore.sln".
       Target "_FilterRestoreGraphProjectInputItems" skipped. Previously built successfully.
     1>Target "_GetAllRestoreProjectPathItems" in file "/root/.dotnet/sdk/10.0.102/NuGet.targets" from project "/QNet/site-packages/atx_dot_net_strands_cli/all_local_test_output/artifact-AdoCore/artifact/sourceCode/AdoCore.sln" (target "_GenerateRestoreGraph" depends on it):
       Using "NuGetMessageTask" task from assembly "/root/.dotnet/sdk/10.0.102/NuGet.Build.Tasks.dll".
       Task "NuGetMessageTask"
         Determining projects to restore...
       Done executing task "NuGetMessageTask".
       Task "MSBuild"
         Global Properties:
           ExcludeRestorePackageImports=true
           _RestoreSolutionFileUsed=true
           SolutionDir=/QNet/site-packages/atx_dot_net_strands_cli/all_local_test_output/artifact-AdoCore/artifact/sourceCode/
           SolutionName=AdoCore
           SolutionFileName=AdoCore.sln
           SolutionPath=/QNet/site-packages/atx_dot_net_strands_cli/all_local_test_output/artifact-AdoCore/artifact/sourceCode/AdoCore.sln
           SolutionExt=.sln
         Additional Properties for project "/QNet/site-packages/atx_dot_net_strands_cli/all_local_test_output/artifact-AdoCore/artifact/sourceCode/AdoCore.csproj":
           Configuration=Debug
           Platform=AnyCPU
     1>Project "/QNet/site-packages/atx_dot_net_strands_cli/all_local_test_output/artifact-AdoCore/artifact/sourceCode/AdoCore.sln" (1) is building "/QNet/site-packages/atx_dot_net_strands_cli/all_local_test_output/artifact-AdoCore/artifact/sourceCode/AdoCore.csproj" (2:2) on node 1 (_GenerateRestoreProjectPathWalk target(s)).
   2:2>Target "_GenerateRestoreProjectPathItemsPerFramework" in file "/root/.dotnet/sdk/10.0.102/NuGet.targets" from project "/QNet/site-packages/atx_dot_net_strands_cli/all_local_test_output/artifact-AdoCore/artifact/sourceCode/AdoCore.csproj" (target "_GenerateRestoreProjectPathItemsCurrentProject" depends on it):
   2:2>Using "ConvertToAbsolutePath" task from assembly "Microsoft.Build.Tasks.Core, Version=15.1.0.0, Culture=neutral, PublicKeyToken=b03f5f7f11d50a3a".
       Task "ConvertToAbsolutePath"
       Done executing task "ConvertToAbsolutePath".
   2:2>Done building target "_GenerateRestoreProjectPathItemsPerFramework" in project "AdoCore.csproj".
   2:2>Target "_GenerateRestoreProjectPathItemsCurrentProject" in file "/root/.dotnet/sdk/10.0.102/NuGet.targets" from project "/QNet/site-packages/atx_dot_net_strands_cli/all_local_test_output/artifact-AdoCore/artifact/sourceCode/AdoCore.csproj" (target "_GenerateRestoreProjectPathItems" depends on it):
   2:2>Done building target "_GenerateRestoreProjectPathItemsCurrentProject" in project "AdoCore.csproj".
   2:2>Target "_GenerateRestoreProjectPathItems" in file "/root/.dotnet/sdk/10.0.102/NuGet.targets" from project "/QNet/site-packages/atx_dot_net_strands_cli/all_local_test_output/artifact-AdoCore/artifact/sourceCode/AdoCore.csproj" (target "_GenerateRestoreProjectPathWalk" depends on it):
       Using "RemoveDuplicates" task from assembly "Microsoft.Build.Tasks.Core, Version=15.1.0.0, Culture=neutral, PublicKeyToken=b03f5f7f11d50a3a".
       Task "RemoveDuplicates"
       Done executing task "RemoveDuplicates".
   2:2>Done building target "_GenerateRestoreProjectPathItems" in project "AdoCore.csproj".
   2:2>Target "_GenerateRestoreProjectPathWalk" in file "/root/.dotnet/sdk/10.0.102/NuGet.targets" from project "/QNet/site-packages/atx_dot_net_strands_cli/all_local_test_output/artifact-AdoCore/artifact/sourceCode/AdoCore.csproj" (entry point):
       Using "MSBuild" task from assembly "Microsoft.Build.Tasks.Core, Version=15.1.0.0, Culture=neutral, PublicKeyToken=b03f5f7f11d50a3a".
       Task "MSBuild"
       Done executing task "MSBuild".
       Task "RemoveDuplicates"
       Done executing task "RemoveDuplicates".
   2:2>Done building target "_GenerateRestoreProjectPathWalk" in project "AdoCore.csproj".
   2:2>Done Building Project "/QNet/site-packages/atx_dot_net_strands_cli/all_local_test_output/artifact-AdoCore/artifact/sourceCode/AdoCore.csproj" (_GenerateRestoreProjectPathWalk target(s)).
     1>Done executing task "MSBuild".
       Task "RemoveDuplicates"
       Done executing task "RemoveDuplicates".
       Task "MSBuild"
         Global Properties:
           ExcludeRestorePackageImports=true
           _RestoreSolutionFileUsed=true
           SolutionDir=/QNet/site-packages/atx_dot_net_strands_cli/all_local_test_output/artifact-AdoCore/artifact/sourceCode/
           SolutionName=AdoCore
           SolutionFileName=AdoCore.sln
           SolutionPath=/QNet/site-packages/atx_dot_net_strands_cli/all_local_test_output/artifact-AdoCore/artifact/sourceCode/AdoCore.sln
           SolutionExt=.sln
         Additional Properties for project "/QNet/site-packages/atx_dot_net_strands_cli/all_local_test_output/artifact-AdoCore/artifact/sourceCode/AdoCore.csproj":
           Configuration=Debug
           Platform=AnyCPU
     1>Project "/QNet/site-packages/atx_dot_net_strands_cli/all_local_test_output/artifact-AdoCore/artifact/sourceCode/AdoCore.sln" (1) is building "/QNet/site-packages/atx_dot_net_strands_cli/all_local_test_output/artifact-AdoCore/artifact/sourceCode/AdoCore.csproj" (2:3) on node 1 (_IsProjectRestoreSupported target(s)).
   2:3>Target "_IsProjectRestoreSupported" skipped. Previously built successfully.
   2:3>Done Building Project "/QNet/site-packages/atx_dot_net_strands_cli/all_local_test_output/artifact-AdoCore/artifact/sourceCode/AdoCore.csproj" (_IsProjectRestoreSupported target(s)).
     1>Done executing task "MSBuild".
     1>Done building target "_GetAllRestoreProjectPathItems" in project "AdoCore.sln".
     1>Target "_GenerateRestoreGraph" in file "/root/.dotnet/sdk/10.0.102/NuGet.targets" from project "/QNet/site-packages/atx_dot_net_strands_cli/all_local_test_output/artifact-AdoCore/artifact/sourceCode/AdoCore.sln" (target "Restore" depends on it):
       Task "Message"
         Generating dg file
       Done executing task "Message".
       Task "Message"
         /QNet/site-packages/atx_dot_net_strands_cli/all_local_test_output/artifact-AdoCore/artifact/sourceCode/AdoCore.csproj
       Done executing task "Message".
       Task "MSBuild"
         Global Properties:
           ExcludeRestorePackageImports=true
           _RestoreSolutionFileUsed=true
           SolutionDir=/QNet/site-packages/atx_dot_net_strands_cli/all_local_test_output/artifact-AdoCore/artifact/sourceCode/
           SolutionName=AdoCore
           SolutionFileName=AdoCore.sln
           SolutionPath=/QNet/site-packages/atx_dot_net_strands_cli/all_local_test_output/artifact-AdoCore/artifact/sourceCode/AdoCore.sln
           SolutionExt=.sln
         Additional Properties for project "/QNet/site-packages/atx_dot_net_strands_cli/all_local_test_output/artifact-AdoCore/artifact/sourceCode/AdoCore.csproj":
           Configuration=Debug
           Platform=AnyCPU
     1>Project "/QNet/site-packages/atx_dot_net_strands_cli/all_local_test_output/artifact-AdoCore/artifact/sourceCode/AdoCore.sln" (1) is building "/QNet/site-packages/atx_dot_net_strands_cli/all_local_test_output/artifact-AdoCore/artifact/sourceCode/AdoCore.csproj" (2:4) on node 1 (_GenerateRestoreGraphProjectEntry target(s)).
   2:4>Target "_CheckForUnsupportedNETCoreVersion" in file "/root/.dotnet/sdk/10.0.102/Sdks/Microsoft.NET.Sdk/targets/Microsoft.NET.TargetFrameworkInference.targets" from project "/QNet/site-packages/atx_dot_net_strands_cli/all_local_test_output/artifact-AdoCore/artifact/sourceCode/AdoCore.csproj" (target "CollectPackageReferences" depends on it):
   2:4>Done building target "_CheckForUnsupportedNETCoreVersion" in project "AdoCore.csproj".
   2:4>Target "_CheckForUnsupportedCppNETCoreVersion" in file "/root/.dotnet/sdk/10.0.102/Sdks/Microsoft.NET.Sdk/targets/Microsoft.NET.TargetFrameworkInference.targets" from project "/QNet/site-packages/atx_dot_net_strands_cli/all_local_test_output/artifact-AdoCore/artifact/sourceCode/AdoCore.csproj" (target "CollectPackageReferences" depends on it):
   2:4>Done building target "_CheckForUnsupportedCppNETCoreVersion" in project "AdoCore.csproj".
   2:4>Target "UpdateAspNetToFrameworkReference" in file "/root/.dotnet/sdk/10.0.102/Sdks/Microsoft.NET.Sdk/targets/Microsoft.NET.Sdk.DefaultItems.Shared.targets" from project "/QNet/site-packages/atx_dot_net_strands_cli/all_local_test_output/artifact-AdoCore/artifact/sourceCode/AdoCore.csproj" (target "ApplyImplicitVersions" depends on it):
       Using "CheckIfPackageReferenceShouldBeFrameworkReference" task from assembly "/root/.dotnet/sdk/10.0.102/Sdks/Microsoft.NET.Sdk/targets/../tools/net10.0/Microsoft.NET.Build.Tasks.dll".
       Task "CheckIfPackageReferenceShouldBeFrameworkReference"
       Done executing task "CheckIfPackageReferenceShouldBeFrameworkReference".
       Task "CheckIfPackageReferenceShouldBeFrameworkReference"
       Done executing task "CheckIfPackageReferenceShouldBeFrameworkReference".
   2:4>Done building target "UpdateAspNetToFrameworkReference" in project "AdoCore.csproj".
   2:4>Target "CheckForImplicitPackageReferenceOverrides" in file "/root/.dotnet/sdk/10.0.102/Sdks/Microsoft.NET.Sdk/targets/Microsoft.NET.Sdk.DefaultItems.Shared.targets" from project "/QNet/site-packages/atx_dot_net_strands_cli/all_local_test_output/artifact-AdoCore/artifact/sourceCode/AdoCore.csproj" (target "ApplyImplicitVersions" depends on it):
       Using "CheckForImplicitPackageReferenceOverrides" task from assembly "/root/.dotnet/sdk/10.0.102/Sdks/Microsoft.NET.Sdk/targets/../tools/net10.0/Microsoft.NET.Build.Tasks.dll".
       Task "CheckForImplicitPackageReferenceOverrides"
       Done executing task "CheckForImplicitPackageReferenceOverrides".
   2:4>Done building target "CheckForImplicitPackageReferenceOverrides" in project "AdoCore.csproj".
   2:4>Target "ApplyImplicitVersions" in file "/root/.dotnet/sdk/10.0.102/Sdks/Microsoft.NET.Sdk/targets/Microsoft.NET.Sdk.DefaultItems.Shared.targets" from project "/QNet/site-packages/atx_dot_net_strands_cli/all_local_test_output/artifact-AdoCore/artifact/sourceCode/AdoCore.csproj" (target "CollectPackageReferences" depends on it):
       Using "ApplyImplicitVersions" task from assembly "/root/.dotnet/sdk/10.0.102/Sdks/Microsoft.NET.Sdk/targets/../tools/net10.0/Microsoft.NET.Build.Tasks.dll".
       Task "ApplyImplicitVersions"
       Done executing task "ApplyImplicitVersions".
   2:4>Done building target "ApplyImplicitVersions" in project "AdoCore.csproj".
       Target "CheckForImplicitPackageReferenceOverrides" skipped. Previously built successfully.
   2:4>Target "_CheckForLanguageAndFeatureCombinationSupport" in file "/root/.dotnet/sdk/10.0.102/Sdks/Microsoft.NET.Sdk/targets/Microsoft.NET.RuntimeIdentifierInference.targets" from project "/QNet/site-packages/atx_dot_net_strands_cli/all_local_test_output/artifact-AdoCore/artifact/sourceCode/AdoCore.csproj" (target "ProcessFrameworkReferences" depends on it):
   2:4>Done building target "_CheckForLanguageAndFeatureCombinationSupport" in project "AdoCore.csproj".
   2:4>Target "_ComputeToolPackInputsToProcessFrameworkReferences" in file "/root/.dotnet/sdk/10.0.102/Sdks/Microsoft.NET.Sdk/targets/Microsoft.NET.Publish.targets" from project "/QNet/site-packages/atx_dot_net_strands_cli/all_local_test_output/artifact-AdoCore/artifact/sourceCode/AdoCore.csproj" (target "ProcessFrameworkReferences" depends on it):
   2:4>Done building target "_ComputeToolPackInputsToProcessFrameworkReferences" in project "AdoCore.csproj".
   2:4>Target "ProcessFrameworkReferences" in file "/root/.dotnet/sdk/10.0.102/Sdks/Microsoft.NET.Sdk/targets/Microsoft.NET.Sdk.FrameworkReferenceResolution.targets" from project "/QNet/site-packages/atx_dot_net_strands_cli/all_local_test_output/artifact-AdoCore/artifact/sourceCode/AdoCore.csproj" (target "CollectPackageReferences" depends on it):
       Using "CheckForDuplicateFrameworkReferences" task from assembly "/root/.dotnet/sdk/10.0.102/Sdks/Microsoft.NET.Sdk/targets/../tools/net10.0/Microsoft.NET.Build.Tasks.dll".
       Task "CheckForDuplicateFrameworkReferences"
       Done executing task "CheckForDuplicateFrameworkReferences".
       Using "ProcessFrameworkReferences" task from assembly "/root/.dotnet/sdk/10.0.102/Sdks/Microsoft.NET.Sdk/targets/../tools/net10.0/Microsoft.NET.Build.Tasks.dll".
       Task "ProcessFrameworkReferences"
         Found 1 known framework references for target framework .NETCoreApp
         Found 5 known runtime packs for target framework .NETCoreApp
         Selected Microsoft.NETCore.App with RIDs 'linux-arm;linux-arm64;linux-musl-arm64;linux-musl-x64;linux-x64;osx-x64;tizen.4.0.0-armel;tizen.5.0.0-armel;win-arm64;win-x64;win-x86;linux-musl-arm;osx-arm64;linux-s390x;linux-loongarch64;linux-bionic-arm;linux-bionic-arm64;linux-bionic-x64;linux-bionic-x86;linux-ppc64le;freebsd-x64;freebsd-arm64;linux-riscv64;linux-musl-riscv64;linux-musl-loongarch64'
         Selected targeting pack 'Microsoft.NETCore.App@9.0.12'
         Added runtime framework 'Microsoft.NETCore.App@9.0.0'
         Ignoring framework reference to Microsoft.WindowsDesktop.App as it is Windows-only and the current platform is not Windows.
         Ignoring framework reference to Microsoft.WindowsDesktop.App.WPF as it is Windows-only and the current platform is not Windows.
         Ignoring framework reference to Microsoft.WindowsDesktop.App.WindowsForms as it is Windows-only and the current platform is not Windows.
         Selected Microsoft.AspNetCore.App with RIDs 'win-x64;win-x86;osx-x64;linux-musl-x64;linux-musl-arm64;linux-x64;linux-arm;linux-arm64;linux-musl-arm;win-arm64;osx-arm64;linux-s390x;linux-loongarch64;linux-ppc64le;freebsd-x64;freebsd-arm64;linux-riscv64;linux-musl-riscv64;linux-loongarch64;linux-musl-loongarch64'
         Selected targeting pack 'Microsoft.AspNetCore.App@9.0.12'
         Added runtime framework 'Microsoft.AspNetCore.App@9.0.0'
       Done executing task "ProcessFrameworkReferences".
       Using "ResolveAppHosts" task from assembly "/root/.dotnet/sdk/10.0.102/Sdks/Microsoft.NET.Sdk/targets/../tools/net10.0/Microsoft.NET.Build.Tasks.dll".
       Task "ResolveAppHosts"
       Done executing task "ResolveAppHosts".
   2:4>Done building target "ProcessFrameworkReferences" in project "AdoCore.csproj".
   2:4>Target "_CheckForObsoleteDotNetCliToolReferences" in file "/root/.dotnet/sdk/10.0.102/Sdks/Microsoft.NET.Sdk/targets/Microsoft.NET.ObsoleteReferences.targets" from project "/QNet/site-packages/atx_dot_net_strands_cli/all_local_test_output/artifact-AdoCore/artifact/sourceCode/AdoCore.csproj" (target "CollectPackageReferences" depends on it):
   2:4>Done building target "_CheckForObsoleteDotNetCliToolReferences" in project "AdoCore.csproj".
   2:4>Target "CollectPackageReferences" in file "/root/.dotnet/sdk/10.0.102/NuGet.targets" from project "/QNet/site-packages/atx_dot_net_strands_cli/all_local_test_output/artifact-AdoCore/artifact/sourceCode/AdoCore.csproj" (target "_GetRestoreProjectStyle" depends on it):
       Using "CheckForDuplicateNuGetItemsTask" task from assembly "/root/.dotnet/sdk/10.0.102/NuGet.Build.Tasks.dll".
       Task "CheckForDuplicateNuGetItemsTask"
       Done executing task "CheckForDuplicateNuGetItemsTask".
   2:4>Done building target "CollectPackageReferences" in project "AdoCore.csproj".
   2:4>Target "_GetRestoreProjectStyle" in file "/root/.dotnet/sdk/10.0.102/NuGet.targets" from project "/QNet/site-packages/atx_dot_net_strands_cli/all_local_test_output/artifact-AdoCore/artifact/sourceCode/AdoCore.csproj" (target "_GenerateRestoreSpecs" depends on it):
       Using "GetRestoreProjectStyleTask" task from assembly "/root/.dotnet/sdk/10.0.102/NuGet.Build.Tasks.dll".
       Task "GetRestoreProjectStyleTask"
       Done executing task "GetRestoreProjectStyleTask".
   2:4>Done building target "_GetRestoreProjectStyle" in project "AdoCore.csproj".
   2:4>Target "_GenerateRestoreSpecs" in file "/root/.dotnet/sdk/10.0.102/NuGet.targets" from project "/QNet/site-packages/atx_dot_net_strands_cli/all_local_test_output/artifact-AdoCore/artifact/sourceCode/AdoCore.csproj" (target "_GenerateRestoreGraphProjectEntry" depends on it):
       Using "Message" task from assembly "Microsoft.Build.Tasks.Core, Version=15.1.0.0, Culture=neutral, PublicKeyToken=b03f5f7f11d50a3a".
       Task "Message"
         Restore entry point /QNet/site-packages/atx_dot_net_strands_cli/all_local_test_output/artifact-AdoCore/artifact/sourceCode/AdoCore.csproj
       Done executing task "Message".
   2:4>Done building target "_GenerateRestoreSpecs" in project "AdoCore.csproj".
   2:4>Target "_GetRestoreSettingsOverrides" in file "/root/.dotnet/sdk/10.0.102/NuGet.targets" from project "/QNet/site-packages/atx_dot_net_strands_cli/all_local_test_output/artifact-AdoCore/artifact/sourceCode/AdoCore.csproj" (target "_GetRestoreSettings" depends on it):
   2:4>Done building target "_GetRestoreSettingsOverrides" in project "AdoCore.csproj".
   2:4>Target "_GetRestoreSettingsPerFramework" in file "/root/.dotnet/sdk/10.0.102/NuGet.targets" from project "/QNet/site-packages/atx_dot_net_strands_cli/all_local_test_output/artifact-AdoCore/artifact/sourceCode/AdoCore.csproj" (target "_GetRestoreSettingsCurrentProject" depends on it):
   2:4>Done building target "_GetRestoreSettingsPerFramework" in project "AdoCore.csproj".
   2:4>Target "_GetRestoreSettingsCurrentProject" in file "/root/.dotnet/sdk/10.0.102/NuGet.targets" from project "/QNet/site-packages/atx_dot_net_strands_cli/all_local_test_output/artifact-AdoCore/artifact/sourceCode/AdoCore.csproj" (target "_GetRestoreSettings" depends on it):
   2:4>Done building target "_GetRestoreSettingsCurrentProject" in project "AdoCore.csproj".
   2:4>Target "_GetRestoreSettings" in file "/root/.dotnet/sdk/10.0.102/NuGet.targets" from project "/QNet/site-packages/atx_dot_net_strands_cli/all_local_test_output/artifact-AdoCore/artifact/sourceCode/AdoCore.csproj" (target "_GenerateDotnetCliToolReferenceSpecs" depends on it):
       Using "GetRestoreSettingsTask" task from assembly "/root/.dotnet/sdk/10.0.102/NuGet.Build.Tasks.dll".
       Task "GetRestoreSettingsTask"
         Assembly loaded during TaskRun (NuGet.Build.Tasks.GetRestoreSettingsTask): NuGet.Configuration, Version=7.0.2.0, Culture=neutral, PublicKeyToken=31bf3856ad364e35 (location: /root/.dotnet/sdk/10.0.102/NuGet.Configuration.dll, MVID: 0a086353-965f-4330-8116-55695d53c56c, AssemblyLoadContext: MSBuild plugin /root/.dotnet/sdk/10.0.102/NuGet.Build.Tasks.dll)
       Done executing task "GetRestoreSettingsTask".
   2:4>Done building target "_GetRestoreSettings" in project "AdoCore.csproj".
   2:4>Target "_GenerateDotnetCliToolReferenceSpecs" in file "/root/.dotnet/sdk/10.0.102/NuGet.targets" from project "/QNet/site-packages/atx_dot_net_strands_cli/all_local_test_output/artifact-AdoCore/artifact/sourceCode/AdoCore.csproj" (target "_GenerateRestoreGraphProjectEntry" depends on it):
       Using "GetRestoreDotnetCliToolsTask" task from assembly "/root/.dotnet/sdk/10.0.102/NuGet.Build.Tasks.dll".
       Task "GetRestoreDotnetCliToolsTask"
       Done executing task "GetRestoreDotnetCliToolsTask".
   2:4>Done building target "_GenerateDotnetCliToolReferenceSpecs" in project "AdoCore.csproj".
   2:4>Target "_GenerateRestoreGraphProjectEntry" in file "/root/.dotnet/sdk/10.0.102/NuGet.targets" from project "/QNet/site-packages/atx_dot_net_strands_cli/all_local_test_output/artifact-AdoCore/artifact/sourceCode/AdoCore.csproj" (entry point):
   2:4>Done building target "_GenerateRestoreGraphProjectEntry" in project "AdoCore.csproj".
   2:4>Done Building Project "/QNet/site-packages/atx_dot_net_strands_cli/all_local_test_output/artifact-AdoCore/artifact/sourceCode/AdoCore.csproj" (_GenerateRestoreGraphProjectEntry target(s)).
     1>Done executing task "MSBuild".
       Task "MSBuild"
         Global Properties:
           ExcludeRestorePackageImports=true
           _RestoreSolutionFileUsed=true
           SolutionDir=/QNet/site-packages/atx_dot_net_strands_cli/all_local_test_output/artifact-AdoCore/artifact/sourceCode/
           SolutionName=AdoCore
           SolutionFileName=AdoCore.sln
           SolutionPath=/QNet/site-packages/atx_dot_net_strands_cli/all_local_test_output/artifact-AdoCore/artifact/sourceCode/AdoCore.sln
           SolutionExt=.sln
         Additional Properties for project "/QNet/site-packages/atx_dot_net_strands_cli/all_local_test_output/artifact-AdoCore/artifact/sourceCode/AdoCore.csproj":
           Configuration=Debug
           Platform=AnyCPU
     1>Project "/QNet/site-packages/atx_dot_net_strands_cli/all_local_test_output/artifact-AdoCore/artifact/sourceCode/AdoCore.sln" (1) is building "/QNet/site-packages/atx_dot_net_strands_cli/all_local_test_output/artifact-AdoCore/artifact/sourceCode/AdoCore.csproj" (2:5) on node 1 (_GenerateProjectRestoreGraph target(s)).
   2:5>Target "_GetRestoreProjectStyle" skipped. Previously built successfully.
       Target "_GetRestoreProjectStyle" skipped. Previously built successfully.
       Target "_GetRestoreProjectStyle" skipped. Previously built successfully.
   2:5>Target "_GetRestoreTargetFrameworkOverride" in file "/root/.dotnet/sdk/10.0.102/NuGet.targets" from project "/QNet/site-packages/atx_dot_net_strands_cli/all_local_test_output/artifact-AdoCore/artifact/sourceCode/AdoCore.csproj" (target "_GetRestoreTargetFrameworksOutput" depends on it):
   2:5>Done building target "_GetRestoreTargetFrameworkOverride" in project "AdoCore.csproj".
   2:5>Target "_GetRestoreTargetFrameworksOutput" in file "/root/.dotnet/sdk/10.0.102/NuGet.targets" from project "/QNet/site-packages/atx_dot_net_strands_cli/all_local_test_output/artifact-AdoCore/artifact/sourceCode/AdoCore.csproj" (target "_GenerateRestoreProjectSpec" depends on it):
       Using "GetProjectTargetFrameworksTask" task from assembly "/root/.dotnet/sdk/10.0.102/NuGet.Build.Tasks.dll".
       Task "GetProjectTargetFrameworksTask"
       Done executing task "GetProjectTargetFrameworksTask".
   2:5>Done building target "_GetRestoreTargetFrameworksOutput" in project "AdoCore.csproj".
       Target "_GetRestoreSettings" skipped. Previously built successfully.
   2:5>Target "_GenerateRestoreProjectSpec" in file "/root/.dotnet/sdk/10.0.102/NuGet.targets" from project "/QNet/site-packages/atx_dot_net_strands_cli/all_local_test_output/artifact-AdoCore/artifact/sourceCode/AdoCore.csproj" (target "_GenerateProjectRestoreGraph" depends on it):
       Task "ConvertToAbsolutePath"
       Done executing task "ConvertToAbsolutePath".
   2:5>Done building target "_GenerateRestoreProjectSpec" in project "AdoCore.csproj".
       Target "_GetRestoreProjectStyle" skipped. Previously built successfully.
       Target "CollectPackageReferences" skipped. Previously built successfully.
   2:5>Target "CollectPackageDownloads" in file "/root/.dotnet/sdk/10.0.102/NuGet.targets" from project "/QNet/site-packages/atx_dot_net_strands_cli/all_local_test_output/artifact-AdoCore/artifact/sourceCode/AdoCore.csproj" (target "_CollectRestoreInputs" depends on it):
       Task "CheckForDuplicateNuGetItemsTask"
       Done executing task "CheckForDuplicateNuGetItemsTask".
   2:5>Done building target "CollectPackageDownloads" in project "AdoCore.csproj".
   2:5>Target "CollectFrameworkReferences" in file "/root/.dotnet/sdk/10.0.102/NuGet.targets" from project "/QNet/site-packages/atx_dot_net_strands_cli/all_local_test_output/artifact-AdoCore/artifact/sourceCode/AdoCore.csproj" (target "_CollectRestoreInputs" depends on it):
   2:5>Done building target "CollectFrameworkReferences" in project "AdoCore.csproj".
   2:5>Target "CollectCentralPackageVersions" in file "/root/.dotnet/sdk/10.0.102/NuGet.targets" from project "/QNet/site-packages/atx_dot_net_strands_cli/all_local_test_output/artifact-AdoCore/artifact/sourceCode/AdoCore.csproj" (target "_CollectRestoreInputs" depends on it):
       Task "CheckForDuplicateNuGetItemsTask"
       Done executing task "CheckForDuplicateNuGetItemsTask".
   2:5>Done building target "CollectCentralPackageVersions" in project "AdoCore.csproj".
   2:5>Target "CollectNuGetAuditSuppressions" in file "/root/.dotnet/sdk/10.0.102/NuGet.targets" from project "/QNet/site-packages/atx_dot_net_strands_cli/all_local_test_output/artifact-AdoCore/artifact/sourceCode/AdoCore.csproj" (target "_CollectRestoreInputs" depends on it):
       Task "CheckForDuplicateNuGetItemsTask"
       Done executing task "CheckForDuplicateNuGetItemsTask".
   2:5>Done building target "CollectNuGetAuditSuppressions" in project "AdoCore.csproj".
   2:5>Target "CollectPrunePackageReferences" in file "/root/.dotnet/sdk/10.0.102/NuGet.targets" from project "/QNet/site-packages/atx_dot_net_strands_cli/all_local_test_output/artifact-AdoCore/artifact/sourceCode/AdoCore.csproj" (target "_CollectRestoreInputs" depends on it):
       Task "CheckForDuplicateNuGetItemsTask"
       Done executing task "CheckForDuplicateNuGetItemsTask".
   2:5>Done building target "CollectPrunePackageReferences" in project "AdoCore.csproj".
   2:5>Target "_CollectRestoreInputs" in file "/root/.dotnet/sdk/10.0.102/NuGet.targets" from project "/QNet/site-packages/atx_dot_net_strands_cli/all_local_test_output/artifact-AdoCore/artifact/sourceCode/AdoCore.csproj" (target "_GenerateProjectRestoreGraphPerFramework" depends on it):
   2:5>Done building target "_CollectRestoreInputs" in project "AdoCore.csproj".
   2:5>Target "_GenerateProjectRestoreGraphPerFramework" in file "/root/.dotnet/sdk/10.0.102/NuGet.targets" from project "/QNet/site-packages/atx_dot_net_strands_cli/all_local_test_output/artifact-AdoCore/artifact/sourceCode/AdoCore.csproj" (target "_GenerateProjectRestoreGraphCurrentProject" depends on it):
       Using "GetRestoreProjectReferencesTask" task from assembly "/root/.dotnet/sdk/10.0.102/NuGet.Build.Tasks.dll".
       Task "GetRestoreProjectReferencesTask"
       Done executing task "GetRestoreProjectReferencesTask".
       Using "GetRestorePackageReferencesTask" task from assembly "/root/.dotnet/sdk/10.0.102/NuGet.Build.Tasks.dll".
       Task "GetRestorePackageReferencesTask"
       Done executing task "GetRestorePackageReferencesTask".
       Using "GetRestorePackageDownloadsTask" task from assembly "/root/.dotnet/sdk/10.0.102/NuGet.Build.Tasks.dll".
       Task "GetRestorePackageDownloadsTask"
       Done executing task "GetRestorePackageDownloadsTask".
       Using "GetRestoreFrameworkReferencesTask" task from assembly "/root/.dotnet/sdk/10.0.102/NuGet.Build.Tasks.dll".
       Task "GetRestoreFrameworkReferencesTask"
       Done executing task "GetRestoreFrameworkReferencesTask".
       Using "GetRestoreNuGetAuditSuppressionsTask" task from assembly "/root/.dotnet/sdk/10.0.102/NuGet.Build.Tasks.dll".
       Task "GetRestoreNuGetAuditSuppressionsTask"
       Done executing task "GetRestoreNuGetAuditSuppressionsTask".
       Using "GetRestorePrunePackageReferencesTask" task from assembly "/root/.dotnet/sdk/10.0.102/NuGet.Build.Tasks.dll".
       Task "GetRestorePrunePackageReferencesTask"
       Done executing task "GetRestorePrunePackageReferencesTask".
   2:5>Done building target "_GenerateProjectRestoreGraphPerFramework" in project "AdoCore.csproj".
   2:5>Target "_GenerateProjectRestoreGraphCurrentProject" in file "/root/.dotnet/sdk/10.0.102/NuGet.targets" from project "/QNet/site-packages/atx_dot_net_strands_cli/all_local_test_output/artifact-AdoCore/artifact/sourceCode/AdoCore.csproj" (target "_GenerateRestoreDependencies" depends on it):
   2:5>Done building target "_GenerateProjectRestoreGraphCurrentProject" in project "AdoCore.csproj".
   2:5>Target "_GenerateRestoreDependencies" in file "/root/.dotnet/sdk/10.0.102/NuGet.targets" from project "/QNet/site-packages/atx_dot_net_strands_cli/all_local_test_output/artifact-AdoCore/artifact/sourceCode/AdoCore.csproj" (target "_GenerateProjectRestoreGraph" depends on it):
   2:5>Done building target "_GenerateRestoreDependencies" in project "AdoCore.csproj".
   2:5>Target "_GenerateProjectRestoreGraph" in file "/root/.dotnet/sdk/10.0.102/NuGet.targets" from project "/QNet/site-packages/atx_dot_net_strands_cli/all_local_test_output/artifact-AdoCore/artifact/sourceCode/AdoCore.csproj" (entry point):
   2:5>Done building target "_GenerateProjectRestoreGraph" in project "AdoCore.csproj".
   2:5>Done Building Project "/QNet/site-packages/atx_dot_net_strands_cli/all_local_test_output/artifact-AdoCore/artifact/sourceCode/AdoCore.csproj" (_GenerateProjectRestoreGraph target(s)).
     1>Done executing task "MSBuild".
     1>Done building target "_GenerateRestoreGraph" in project "AdoCore.sln".
     1>Target "Restore" in file "/root/.dotnet/sdk/10.0.102/NuGet.targets" from project "/QNet/site-packages/atx_dot_net_strands_cli/all_local_test_output/artifact-AdoCore/artifact/sourceCode/AdoCore.sln" (entry point):
       Task "RemoveDuplicates"
       Done executing task "RemoveDuplicates".
       Using "RestoreTask" task from assembly "/root/.dotnet/sdk/10.0.102/NuGet.Build.Tasks.dll".
       Task "RestoreTask"
         Assembly loaded during TaskRun (NuGet.Build.Tasks.RestoreTask): NuGet.Packaging, Version=7.0.2.0, Culture=neutral, PublicKeyToken=31bf3856ad364e35 (location: /root/.dotnet/sdk/10.0.102/NuGet.Packaging.dll, MVID: c9e282ce-25ca-4a23-87d9-185ec6bcd846, AssemblyLoadContext: MSBuild plugin /root/.dotnet/sdk/10.0.102/NuGet.Build.Tasks.dll)
         Assembly loaded during TaskRun (NuGet.Build.Tasks.RestoreTask): NuGet.LibraryModel, Version=7.0.2.0, Culture=neutral, PublicKeyToken=31bf3856ad364e35 (location: /root/.dotnet/sdk/10.0.102/NuGet.LibraryModel.dll, MVID: 169e9ddb-c816-4f8d-b227-4902ce20fd38, AssemblyLoadContext: MSBuild plugin /root/.dotnet/sdk/10.0.102/NuGet.Build.Tasks.dll)
         Assembly loaded during TaskRun (NuGet.Build.Tasks.RestoreTask): NuGet.Versioning, Version=7.0.2.0, Culture=neutral, PublicKeyToken=31bf3856ad364e35 (location: /root/.dotnet/sdk/10.0.102/NuGet.Versioning.dll, MVID: afe8d751-c05e-499a-ac70-24158617a51b, AssemblyLoadContext: MSBuild plugin /root/.dotnet/sdk/10.0.102/NuGet.Build.Tasks.dll)
         Assembly loaded during TaskRun (NuGet.Build.Tasks.RestoreTask): NuGet.Frameworks, Version=7.0.2.0, Culture=neutral, PublicKeyToken=31bf3856ad364e35 (location: /root/.dotnet/sdk/10.0.102/NuGet.Frameworks.dll, MVID: 73f8ab8a-e829-4c3e-97b0-444124db6ec3, AssemblyLoadContext: MSBuild plugin /root/.dotnet/sdk/10.0.102/NuGet.Build.Tasks.dll)
         Assembly loaded during TaskRun (NuGet.Build.Tasks.RestoreTask): NuGet.Protocol, Version=7.0.2.0, Culture=neutral, PublicKeyToken=31bf3856ad364e35 (location: /root/.dotnet/sdk/10.0.102/NuGet.Protocol.dll, MVID: c2a51044-edaa-4082-a5f5-ce9b024560b3, AssemblyLoadContext: MSBuild plugin /root/.dotnet/sdk/10.0.102/NuGet.Build.Tasks.dll)
         Assembly loaded during TaskRun (NuGet.Build.Tasks.RestoreTask): NuGet.Credentials, Version=7.0.2.0, Culture=neutral, PublicKeyToken=31bf3856ad364e35 (location: /root/.dotnet/sdk/10.0.102/NuGet.Credentials.dll, MVID: 8d6e2ebe-9d5b-4241-8d0a-99e58ce43ad3, AssemblyLoadContext: MSBuild plugin /root/.dotnet/sdk/10.0.102/NuGet.Build.Tasks.dll)
         Assembly loaded during TaskRun (NuGet.Build.Tasks.RestoreTask): System.Collections.NonGeneric, Version=10.0.0.0, Culture=neutral, PublicKeyToken=b03f5f7f11d50a3a (location: /root/.dotnet/shared/Microsoft.NETCore.App/10.0.2/System.Collections.NonGeneric.dll, MVID: d07f5034-4d8d-4b57-a5de-a9c0fa7ad2ee, AssemblyLoadContext: Default)
         Assembly loaded during TaskRun (NuGet.Build.Tasks.RestoreTask): System.Formats.Asn1, Version=10.0.0.0, Culture=neutral, PublicKeyToken=cc7b13ffcd2ddd51 (location: /root/.dotnet/shared/Microsoft.NETCore.App/10.0.2/System.Formats.Asn1.dll, MVID: 7eec38d3-582d-467e-99d2-8215b26699ce, AssemblyLoadContext: Default)
         Assembly loaded during TaskRun (NuGet.Build.Tasks.RestoreTask): System.Runtime.Numerics, Version=10.0.0.0, Culture=neutral, PublicKeyToken=b03f5f7f11d50a3a (location: /root/.dotnet/shared/Microsoft.NETCore.App/10.0.2/System.Runtime.Numerics.dll, MVID: eb1b71ea-a367-49ee-a001-ffc6241f882b, AssemblyLoadContext: Default)
         X.509 certificate chain validation will use the system certificate bundle at '/etc/pki/ca-trust/extracted/pem/objsign-ca-bundle.pem'.
         X.509 certificate chain validation will use the fallback certificate bundle at '/root/.dotnet/sdk/10.0.102/trustedroots/timestampctl.pem'.
         Assembly loaded during TaskRun (NuGet.Build.Tasks.RestoreTask): NuGet.DependencyResolver.Core, Version=7.0.2.0, Culture=neutral, PublicKeyToken=31bf3856ad364e35 (location: /root/.dotnet/sdk/10.0.102/NuGet.DependencyResolver.Core.dll, MVID: 009da378-37b0-4302-aeaf-7f5157d61459, AssemblyLoadContext: MSBuild plugin /root/.dotnet/sdk/10.0.102/NuGet.Build.Tasks.dll)
         Running restore with 16 concurrent jobs.
         Reading project file /QNet/site-packages/atx_dot_net_strands_cli/all_local_test_output/artifact-AdoCore/artifact/sourceCode/AdoCore.csproj.
         Assembly loaded during TaskRun (NuGet.Build.Tasks.RestoreTask): Newtonsoft.Json, Version=13.0.0.0, Culture=neutral, PublicKeyToken=30ad4fe6b2a6aeed (location: /root/.dotnet/sdk/10.0.102/Newtonsoft.Json.dll, MVID: 7e62198b-eab2-4380-bbac-29171862d1d8, AssemblyLoadContext: MSBuild plugin /root/.dotnet/sdk/10.0.102/NuGet.Build.Tasks.dll)
         Assembly loaded during TaskRun (NuGet.Build.Tasks.RestoreTask): System.Runtime.Serialization.Primitives, Version=10.0.0.0, Culture=neutral, PublicKeyToken=b03f5f7f11d50a3a (location: /root/.dotnet/shared/Microsoft.NETCore.App/10.0.2/System.Runtime.Serialization.Primitives.dll, MVID: cc3f220c-dfec-4d9c-860c-87c3e3d2c18b, AssemblyLoadContext: Default)
         Assembly loaded during TaskRun (NuGet.Build.Tasks.RestoreTask): System.Reflection.Emit.ILGeneration, Version=10.0.0.0, Culture=neutral, PublicKeyToken=b03f5f7f11d50a3a (location: /root/.dotnet/shared/Microsoft.NETCore.App/10.0.2/System.Reflection.Emit.ILGeneration.dll, MVID: be41fdad-b50b-4406-9c6b-975552e39352, AssemblyLoadContext: Default)
         The restore inputs for 'AdoCore' have not changed. No further actions are required to complete the restore.
         Committing restore...
         Assets file has not changed. Skipping assets file writing. Path: /QNet/site-packages/atx_dot_net_strands_cli/all_local_test_output/artifact-AdoCore/artifact/sourceCode/obj/project.assets.json
         No-Op restore. The cache will not be updated. Path: /QNet/site-packages/atx_dot_net_strands_cli/all_local_test_output/artifact-AdoCore/artifact/sourceCode/obj/project.nuget.cache
         Restored /QNet/site-packages/atx_dot_net_strands_cli/all_local_test_output/artifact-AdoCore/artifact/sourceCode/AdoCore.csproj (in 48 ms).
         
         NuGet Config files used:
             /root/.nuget/NuGet/NuGet.Config
         
         Feeds used:
             https://api.nuget.org/v3/index.json
         All projects are up-to-date for restore.
       Done executing task "RestoreTask".
     1>Done building target "Restore" in project "AdoCore.sln".
     1>Done Building Project "/QNet/site-packages/atx_dot_net_strands_cli/all_local_test_output/artifact-AdoCore/artifact/sourceCode/AdoCore.sln" (Restore target(s)).
     0>/QNet/site-packages/atx_dot_net_strands_cli/all_local_test_output/artifact-AdoCore/artifact/sourceCode/AdoCore.sln.metaproj : message : Property 'MSBuildExtensionsPath' with value '/root/.dotnet/sdk/10.0.102' expanded from the environment.
       The "NuGetInteractive" property is a global property, and cannot be modified.
       /root/.dotnet/sdk/10.0.102/NuGet.targets(123,5): message : Property reassignment: $(_GenerateRestoreGraphProjectEntryInputProperties)="
       /root/.dotnet/sdk/10.0.102/NuGet.targets(123,5): message :       ExcludeRestorePackageImports=true;
       /root/.dotnet/sdk/10.0.102/NuGet.targets(123,5): message :       _RestoreSolutionFileUsed=true;
       /root/.dotnet/sdk/10.0.102/NuGet.targets(123,5): message :       SolutionDir=/QNet/site-packages/atx_dot_net_strands_cli/all_local_test_output/artifact-AdoCore/artifact/sourceCode/;
       /root/.dotnet/sdk/10.0.102/NuGet.targets(123,5): message :       SolutionName=AdoCore;
       /root/.dotnet/sdk/10.0.102/NuGet.targets(123,5): message :       SolutionFileName=AdoCore.sln;
       /root/.dotnet/sdk/10.0.102/NuGet.targets(123,5): message :       SolutionPath=/QNet/site-packages/atx_dot_net_strands_cli/all_local_test_output/artifact-AdoCore/artifact/sourceCode/AdoCore.sln;
       /root/.dotnet/sdk/10.0.102/NuGet.targets(123,5): message :       SolutionExt=.sln;
       /root/.dotnet/sdk/10.0.102/NuGet.targets(123,5): message :     " (previous value: "ExcludeRestorePackageImports=true") at /root/.dotnet/sdk/10.0.102/NuGet.targets (123,5)
       The target "_MTPBuild" listed in a BeforeTargets attribute at "/root/.dotnet/sdk/10.0.102/Current/SolutionFile/ImportAfter/Microsoft.NET.Sdk.Solution.targets (24,11)" does not exist in the project, and will be ignored.
       The target "Store" listed in a BeforeTargets attribute at "/root/.dotnet/sdk/10.0.102/Current/SolutionFile/ImportAfter/Microsoft.NET.Sdk.Solution.targets (33,11)" does not exist in the project, and will be ignored.
       The target "VSTest" listed in a BeforeTargets attribute at "/root/.dotnet/sdk/10.0.102/Current/SolutionFile/ImportAfter/Microsoft.NET.Sdk.Solution.targets (33,11)" does not exist in the project, and will be ignored.
       The target "_MTPBuild" listed in a BeforeTargets attribute at "/root/.dotnet/sdk/10.0.102/Current/SolutionFile/ImportAfter/Microsoft.NET.Sdk.Solution.targets (33,11)" does not exist in the project, and will be ignored.
       The target "_CheckForInvalidConfigurationAndPlatform" listed in a BeforeTargets attribute at "/root/.dotnet/sdk/10.0.102/NuGet.targets (703,11)" does not exist in the project, and will be ignored.
   1:2>Project "/QNet/site-packages/atx_dot_net_strands_cli/all_local_test_output/artifact-AdoCore/artifact/sourceCode/AdoCore.sln" on node 1 (default targets).
   1:2>Target "ValidateSolutionConfiguration" in file "/QNet/site-packages/atx_dot_net_strands_cli/all_local_test_output/artifact-AdoCore/artifact/sourceCode/AdoCore.sln.metaproj" from project "/QNet/site-packages/atx_dot_net_strands_cli/all_local_test_output/artifact-AdoCore/artifact/sourceCode/AdoCore.sln" (entry point):
   1:2>Using "Message" task from assembly "Microsoft.Build.Tasks.Core, Version=15.1.0.0, Culture=neutral, PublicKeyToken=b03f5f7f11d50a3a".
       Task "Message"
         Building solution configuration "Debug|Any CPU".
       Done executing task "Message".
   1:2>Done building target "ValidateSolutionConfiguration" in project "AdoCore.sln".
   1:2>Target "ValidateToolsVersions" in file "/QNet/site-packages/atx_dot_net_strands_cli/all_local_test_output/artifact-AdoCore/artifact/sourceCode/AdoCore.sln.metaproj" from project "/QNet/site-packages/atx_dot_net_strands_cli/all_local_test_output/artifact-AdoCore/artifact/sourceCode/AdoCore.sln" (entry point):
   1:2>Done building target "ValidateToolsVersions" in project "AdoCore.sln".
   1:2>Target "ValidateProjects" in file "/QNet/site-packages/atx_dot_net_strands_cli/all_local_test_output/artifact-AdoCore/artifact/sourceCode/AdoCore.sln.metaproj" from project "/QNet/site-packages/atx_dot_net_strands_cli/all_local_test_output/artifact-AdoCore/artifact/sourceCode/AdoCore.sln" (entry point):
   1:2>Done building target "ValidateProjects" in project "AdoCore.sln".
   1:2>Target "Build" in file "/QNet/site-packages/atx_dot_net_strands_cli/all_local_test_output/artifact-AdoCore/artifact/sourceCode/AdoCore.sln.metaproj" from project "/QNet/site-packages/atx_dot_net_strands_cli/all_local_test_output/artifact-AdoCore/artifact/sourceCode/AdoCore.sln" (entry point):
       Using "MSBuild" task from assembly "Microsoft.Build.Tasks.Core, Version=15.1.0.0, Culture=neutral, PublicKeyToken=b03f5f7f11d50a3a".
       Task "MSBuild"
         Global Properties:
           BuildingSolutionFile=true
           CurrentSolutionConfigurationContents=<SolutionConfiguration>
           <ProjectConfiguration Project="{F575CCAB-991B-4545-987E-4EB04CC0988F}" AbsolutePath="/QNet/site-packages/atx_dot_net_strands_cli/all_local_test_output/artifact-AdoCore/artifact/sourceCode/AdoCore.csproj" BuildProjectInSolution="True">Debug|AnyCPU</ProjectConfiguration>
         </SolutionConfiguration>
           SolutionDir=/QNet/site-packages/atx_dot_net_strands_cli/all_local_test_output/artifact-AdoCore/artifact/sourceCode/
           SolutionExt=.sln
           SolutionFileName=AdoCore.sln
           SolutionName=AdoCore
           SolutionPath=/QNet/site-packages/atx_dot_net_strands_cli/all_local_test_output/artifact-AdoCore/artifact/sourceCode/AdoCore.sln
         Additional Properties for project "/QNet/site-packages/atx_dot_net_strands_cli/all_local_test_output/artifact-AdoCore/artifact/sourceCode/AdoCore.csproj":
           Configuration=Debug
           Platform=AnyCPU
     0>The SDK "Microsoft.NET.Sdk" was successfully resolved by the "DefaultSdkResolver" resolver to location "/root/.dotnet/sdk/10.0.102/Sdks/Microsoft.NET.Sdk/Sdk" and version "".
       /root/.dotnet/sdk/10.0.102/Sdks/Microsoft.NET.Sdk/Sdk/Sdk.props(49,11): message : Property 'MSBuildExtensionsPath' with value '/root/.dotnet/sdk/10.0.102' expanded from the environment.
       /root/.dotnet/sdk/10.0.102/Current/Microsoft.Common.props(60,5): message : Property reassignment: $(MSBuildProjectExtensionsPath)="/QNet/site-packages/atx_dot_net_strands_cli/all_local_test_output/artifact-AdoCore/artifact/sourceCode/obj/" (previous value: "obj/") at /root/.dotnet/sdk/10.0.102/Current/Microsoft.Common.props (60,5)
       /root/.dotnet/sdk/10.0.102/Current/Microsoft.Common.props(84,119): message : Property 'MSBuildUserExtensionsPath' with value '/root/.local/share/Microsoft\MSBuild' expanded from the environment.
       The "Configuration" property is a global property, and cannot be modified.
       The "Platform" property is a global property, and cannot be modified.
       The "Configuration" property is a global property, and cannot be modified.
       The "Platform" property is a global property, and cannot be modified.
       /root/.dotnet/sdk/10.0.102/Sdks/Microsoft.NET.Sdk/targets/Microsoft.NET.Sdk.props(90,5): message : Property reassignment: $(AssemblySearchPaths)="{CandidateAssemblyFiles};{HintPathFromItem}" (previous value: "{CandidateAssemblyFiles}") at /root/.dotnet/sdk/10.0.102/Sdks/Microsoft.NET.Sdk/targets/Microsoft.NET.Sdk.props (90,5)
       /root/.dotnet/sdk/10.0.102/Sdks/Microsoft.NET.Sdk/targets/Microsoft.NET.Sdk.props(91,5): message : Property reassignment: $(AssemblySearchPaths)="{CandidateAssemblyFiles};{HintPathFromItem};{TargetFrameworkDirectory}" (previous value: "{CandidateAssemblyFiles};{HintPathFromItem}") at /root/.dotnet/sdk/10.0.102/Sdks/Microsoft.NET.Sdk/targets/Microsoft.NET.Sdk.props (91,5)
       /root/.dotnet/sdk/10.0.102/Sdks/Microsoft.NET.Sdk/targets/Microsoft.NET.Sdk.props(92,5): message : Property reassignment: $(AssemblySearchPaths)="{CandidateAssemblyFiles};{HintPathFromItem};{TargetFrameworkDirectory};{RawFileName}" (previous value: "{CandidateAssemblyFiles};{HintPathFromItem};{TargetFrameworkDirectory}") at /root/.dotnet/sdk/10.0.102/Sdks/Microsoft.NET.Sdk/targets/Microsoft.NET.Sdk.props (92,5)
       The "DefaultSdkResolver" resolver attempted to resolve the SDK "Microsoft.NET.SDK.WorkloadAutoImportPropsLocator".
       Warnings: null
       Errors: MSB4276: The default SDK resolver failed to resolve SDK "Microsoft.NET.SDK.WorkloadAutoImportPropsLocator" because directory "/root/.dotnet/sdk/10.0.102/Sdks/Microsoft.NET.SDK.WorkloadAutoImportPropsLocator/Sdk" did not exist.
       The SDK "Microsoft.NET.SDK.WorkloadAutoImportPropsLocator" was successfully resolved by the "Microsoft.DotNet.MSBuildWorkloadSdkResolver" resolver to location "null" and version "null".
       /QNet/site-packages/atx_dot_net_strands_cli/all_local_test_output/artifact-AdoCore/artifact/sourceCode/AdoCore.csproj(5,5): message : Property reassignment: $(OutputType)="Exe" (previous value: "Library") at /QNet/site-packages/atx_dot_net_strands_cli/all_local_test_output/artifact-AdoCore/artifact/sourceCode/AdoCore.csproj (5,5)
       The "Configuration" property is a global property, and cannot be modified.
       The "Platform" property is a global property, and cannot be modified.
       /root/.dotnet/sdk/10.0.102/Sdks/Microsoft.NET.Sdk/targets/Microsoft.NET.Sdk.ImportPublishProfile.targets(28,5): message : Property reassignment: $(PublishProfileImported)="false" (previous value: "true") at /root/.dotnet/sdk/10.0.102/Sdks/Microsoft.NET.Sdk/targets/Microsoft.NET.Sdk.ImportPublishProfile.targets (28,5)
       /root/.dotnet/sdk/10.0.102/Sdks/Microsoft.NET.Sdk/targets/Microsoft.NET.TargetFrameworkInference.targets(81,5): message : Property reassignment: $(TargetPlatformVersion)="" (previous value: "0.0") at /root/.dotnet/sdk/10.0.102/Sdks/Microsoft.NET.Sdk/targets/Microsoft.NET.TargetFrameworkInference.targets (81,5)
       /root/.dotnet/sdk/10.0.102/Sdks/Microsoft.NET.Sdk/targets/Microsoft.NET.DefaultOutputPaths.targets(127,5): message : Property reassignment: $(DefaultItemExcludes)=";bin/Debug//**;obj/Debug//**" (previous value: ";bin/Debug//**") at /root/.dotnet/sdk/10.0.102/Sdks/Microsoft.NET.Sdk/targets/Microsoft.NET.DefaultOutputPaths.targets (127,5)
       /root/.dotnet/sdk/10.0.102/Sdks/Microsoft.NET.Sdk/targets/Microsoft.NET.DefaultOutputPaths.targets(142,5): message : Property reassignment: $(OutputPath)="bin/Debug/net9.0/" (previous value: "bin/Debug/") at /root/.dotnet/sdk/10.0.102/Sdks/Microsoft.NET.Sdk/targets/Microsoft.NET.DefaultOutputPaths.targets (142,5)
       /root/.dotnet/sdk/10.0.102/Sdks/Microsoft.NET.Sdk/targets/Microsoft.NET.DefaultOutputPaths.targets(147,5): message : Property reassignment: $(IntermediateOutputPath)="obj/Debug/net9.0/" (previous value: "obj/Debug/") at /root/.dotnet/sdk/10.0.102/Sdks/Microsoft.NET.Sdk/targets/Microsoft.NET.DefaultOutputPaths.targets (147,5)
       The "DefaultSdkResolver" resolver attempted to resolve the SDK "Microsoft.NET.SDK.WorkloadManifestTargetsLocator".
       Warnings: null
       Errors: MSB4276: The default SDK resolver failed to resolve SDK "Microsoft.NET.SDK.WorkloadManifestTargetsLocator" because directory "/root/.dotnet/sdk/10.0.102/Sdks/Microsoft.NET.SDK.WorkloadManifestTargetsLocator/Sdk" did not exist.
       The SDK "Microsoft.NET.SDK.WorkloadManifestTargetsLocator" was successfully resolved by the "Microsoft.DotNet.MSBuildWorkloadSdkResolver" resolver to location "/root/.dotnet/sdk-manifests/10.0.100/microsoft.net.sdk.android/36.1.2" and version "null".
       /root/.dotnet/sdk/10.0.102/Sdks/Microsoft.NET.Sdk/targets/Microsoft.NET.Sdk.BeforeCommon.targets(371,5): message : Property reassignment: $(RoslynTargetsPath)="/root/.dotnet/sdk/10.0.102/Sdks/Microsoft.NET.Sdk/targets/../../../Roslyn" (previous value: "/root/.dotnet/sdk/10.0.102/Roslyn") at /root/.dotnet/sdk/10.0.102/Sdks/Microsoft.NET.Sdk/targets/Microsoft.NET.Sdk.BeforeCommon.targets (371,5)
       /root/.dotnet/sdk/10.0.102/Roslyn/Microsoft.Managed.Core.targets(6,5): message : Property reassignment: $(_BuildTasksDirectory)="/root/.dotnet/sdk/10.0.102/Sdks/Microsoft.NET.Sdk/targets/../../../Roslyn/" (previous value: "/root/.dotnet/sdk/10.0.102/Roslyn/") at /root/.dotnet/sdk/10.0.102/Roslyn/Microsoft.Managed.Core.targets (6,5)
       /root/.dotnet/sdk/10.0.102/Roslyn/Microsoft.CSharp.Core.targets(200,5): message : Property reassignment: $(CommandLineArgsForDesignTimeEvaluation)="-langversion:13.0 -define:TRACE" (previous value: "-langversion:13.0") at /root/.dotnet/sdk/10.0.102/Roslyn/Microsoft.CSharp.Core.targets (200,5)
       The "Platform" property is a global property, and cannot be modified.
       The "Configuration" property is a global property, and cannot be modified.
       /root/.dotnet/sdk/10.0.102/Microsoft.Common.CurrentVersion.targets(175,5): message : Property reassignment: $(_DebugSymbolsProduced)="true" (previous value: "false") at /root/.dotnet/sdk/10.0.102/Microsoft.Common.CurrentVersion.targets (175,5)
       /root/.dotnet/sdk/10.0.102/Microsoft.Common.CurrentVersion.targets(185,5): message : Property reassignment: $(_DocumentationFileProduced)="false" (previous value: "true") at /root/.dotnet/sdk/10.0.102/Microsoft.Common.CurrentVersion.targets (185,5)
       The "SolutionName" property is a global property, and cannot be modified.
       The "SolutionFileName" property is a global property, and cannot be modified.
       The "SolutionPath" property is a global property, and cannot be modified.
       The "SolutionDir" property is a global property, and cannot be modified.
       The "SolutionExt" property is a global property, and cannot be modified.
       /root/.dotnet/sdk/10.0.102/Microsoft.Common.CurrentVersion.targets(393,5): message : Property reassignment: $(MSBuildCopyMarkerName)="AdoCore.csproj.Up2Date" (previous value: "AdoCore.csproj") at /root/.dotnet/sdk/10.0.102/Microsoft.Common.CurrentVersion.targets (393,5)
       /root/.dotnet/sdk/10.0.102/Microsoft.Common.CurrentVersion.targets(541,5): message : Property reassignment: $(ProcessorArchitecture)="msil" (previous value: "") at /root/.dotnet/sdk/10.0.102/Microsoft.Common.CurrentVersion.targets (541,5)
       /root/.dotnet/sdk/10.0.102/Microsoft.Common.CurrentVersion.targets(580,5): message : Property reassignment: $(DelaySign)="" (previous value: "false") at /root/.dotnet/sdk/10.0.102/Microsoft.Common.CurrentVersion.targets (580,5)
       /root/.dotnet/sdk/10.0.102/Microsoft.Common.CurrentVersion.targets(2606,5): message : Property 'LocalAppData' with value '/root/.local/share' expanded from the environment.
       /root/.dotnet/sdk/10.0.102/Microsoft.Common.CurrentVersion.targets(3934,5): message : Property reassignment: $(_SGenGenerateSerializationAssembliesConfig)="Auto" (previous value: "") at /root/.dotnet/sdk/10.0.102/Microsoft.Common.CurrentVersion.targets (3934,5)
       /root/.dotnet/sdk/10.0.102/Microsoft.Common.CurrentVersion.targets(3935,5): message : Property reassignment: $(_SGenGenerateSerializationAssembliesConfig)="Off" (previous value: "Auto") at /root/.dotnet/sdk/10.0.102/Microsoft.Common.CurrentVersion.targets (3935,5)
       /root/.dotnet/sdk/10.0.102/Microsoft.Common.CurrentVersion.targets(5146,5): message : Property reassignment: $(_TargetsThatPrepareProjectReferences)="
       /root/.dotnet/sdk/10.0.102/Microsoft.Common.CurrentVersion.targets(5146,5): message :       AssignProjectConfiguration;
       /root/.dotnet/sdk/10.0.102/Microsoft.Common.CurrentVersion.targets(5146,5): message :       _SplitProjectReferencesByFileExistence
       /root/.dotnet/sdk/10.0.102/Microsoft.Common.CurrentVersion.targets(5146,5): message :     " (previous value: "_SplitProjectReferencesByFileExistence") at /root/.dotnet/sdk/10.0.102/Microsoft.Common.CurrentVersion.targets (5146,5)
       /root/.dotnet/sdk/10.0.102/Microsoft.Common.CurrentVersion.targets(6959,5): message : Property 'MSBuildExtensionsPath32' with value '/root/.dotnet/sdk/10.0.102' expanded from the environment.
       The "NuGetInteractive" property is a global property, and cannot be modified.
       /root/.dotnet/sdk/10.0.102/Sdks/Microsoft.NET.Sdk/targets/Microsoft.PackageDependencyResolution.targets(29,5): message : Property reassignment: $(ProjectAssetsCacheFile)="/QNet/site-packages/atx_dot_net_strands_cli/all_local_test_output/artifact-AdoCore/artifact/sourceCode/obj/Debug/net9.0/AdoCore.assets.cache" (previous value: "obj/Debug/net9.0/AdoCore.assets.cache") at /root/.dotnet/sdk/10.0.102/Sdks/Microsoft.NET.Sdk/targets/Microsoft.PackageDependencyResolution.targets (29,5)
       /root/.dotnet/sdk/10.0.102/Sdks/Microsoft.NET.Sdk/targets/Microsoft.PackageDependencyResolution.targets(80,5): message : Property reassignment: $(ResolveAssemblyReferencesDependsOn)="
       /root/.dotnet/sdk/10.0.102/Sdks/Microsoft.NET.Sdk/targets/Microsoft.PackageDependencyResolution.targets(80,5): message :       
       /root/.dotnet/sdk/10.0.102/Sdks/Microsoft.NET.Sdk/targets/Microsoft.PackageDependencyResolution.targets(80,5): message :       ResolveProjectReferences;
       /root/.dotnet/sdk/10.0.102/Sdks/Microsoft.NET.Sdk/targets/Microsoft.PackageDependencyResolution.targets(80,5): message :       FindInvalidProjectReferences;
       /root/.dotnet/sdk/10.0.102/Sdks/Microsoft.NET.Sdk/targets/Microsoft.PackageDependencyResolution.targets(80,5): message :       GetFrameworkPaths;
       /root/.dotnet/sdk/10.0.102/Sdks/Microsoft.NET.Sdk/targets/Microsoft.PackageDependencyResolution.targets(80,5): message :       GetReferenceAssemblyPaths;
       /root/.dotnet/sdk/10.0.102/Sdks/Microsoft.NET.Sdk/targets/Microsoft.PackageDependencyResolution.targets(80,5): message :       PrepareForBuild;
       /root/.dotnet/sdk/10.0.102/Sdks/Microsoft.NET.Sdk/targets/Microsoft.PackageDependencyResolution.targets(80,5): message :       ResolveSDKReferences;
       /root/.dotnet/sdk/10.0.102/Sdks/Microsoft.NET.Sdk/targets/Microsoft.PackageDependencyResolution.targets(80,5): message :       ExpandSDKReferences;
       /root/.dotnet/sdk/10.0.102/Sdks/Microsoft.NET.Sdk/targets/Microsoft.PackageDependencyResolution.targets(80,5): message :     ;
       /root/.dotnet/sdk/10.0.102/Sdks/Microsoft.NET.Sdk/targets/Microsoft.PackageDependencyResolution.targets(80,5): message :       ResolvePackageDependenciesForBuild;
       /root/.dotnet/sdk/10.0.102/Sdks/Microsoft.NET.Sdk/targets/Microsoft.PackageDependencyResolution.targets(80,5): message :       _HandlePackageFileConflicts;
       /root/.dotnet/sdk/10.0.102/Sdks/Microsoft.NET.Sdk/targets/Microsoft.PackageDependencyResolution.targets(80,5): message :     " (previous value: "
       /root/.dotnet/sdk/10.0.102/Sdks/Microsoft.NET.Sdk/targets/Microsoft.PackageDependencyResolution.targets(80,5): message :       ResolveProjectReferences;
       /root/.dotnet/sdk/10.0.102/Sdks/Microsoft.NET.Sdk/targets/Microsoft.PackageDependencyResolution.targets(80,5): message :       FindInvalidProjectReferences;
       /root/.dotnet/sdk/10.0.102/Sdks/Microsoft.NET.Sdk/targets/Microsoft.PackageDependencyResolution.targets(80,5): message :       GetFrameworkPaths;
       /root/.dotnet/sdk/10.0.102/Sdks/Microsoft.NET.Sdk/targets/Microsoft.PackageDependencyResolution.targets(80,5): message :       GetReferenceAssemblyPaths;
       /root/.dotnet/sdk/10.0.102/Sdks/Microsoft.NET.Sdk/targets/Microsoft.PackageDependencyResolution.targets(80,5): message :       PrepareForBuild;
       /root/.dotnet/sdk/10.0.102/Sdks/Microsoft.NET.Sdk/targets/Microsoft.PackageDependencyResolution.targets(80,5): message :       ResolveSDKReferences;
       /root/.dotnet/sdk/10.0.102/Sdks/Microsoft.NET.Sdk/targets/Microsoft.PackageDependencyResolution.targets(80,5): message :       ExpandSDKReferences;
       /root/.dotnet/sdk/10.0.102/Sdks/Microsoft.NET.Sdk/targets/Microsoft.PackageDependencyResolution.targets(80,5): message :     ") at /root/.dotnet/sdk/10.0.102/Sdks/Microsoft.NET.Sdk/targets/Microsoft.PackageDependencyResolution.targets (80,5)
       /root/.dotnet/sdk/10.0.102/Sdks/Microsoft.NET.Sdk/targets/Microsoft.PackageDependencyResolution.targets(86,5): message : Property reassignment: $(PrepareResourcesDependsOn)="
       /root/.dotnet/sdk/10.0.102/Sdks/Microsoft.NET.Sdk/targets/Microsoft.PackageDependencyResolution.targets(86,5): message :       ResolvePackageDependenciesForBuild;
       /root/.dotnet/sdk/10.0.102/Sdks/Microsoft.NET.Sdk/targets/Microsoft.PackageDependencyResolution.targets(86,5): message :       _HandlePackageFileConflicts;
       /root/.dotnet/sdk/10.0.102/Sdks/Microsoft.NET.Sdk/targets/Microsoft.PackageDependencyResolution.targets(86,5): message :       
       /root/.dotnet/sdk/10.0.102/Sdks/Microsoft.NET.Sdk/targets/Microsoft.PackageDependencyResolution.targets(86,5): message :       ;
       /root/.dotnet/sdk/10.0.102/Sdks/Microsoft.NET.Sdk/targets/Microsoft.PackageDependencyResolution.targets(86,5): message :       PrepareResourceNames;
       /root/.dotnet/sdk/10.0.102/Sdks/Microsoft.NET.Sdk/targets/Microsoft.PackageDependencyResolution.targets(86,5): message :       ResGen;
       /root/.dotnet/sdk/10.0.102/Sdks/Microsoft.NET.Sdk/targets/Microsoft.PackageDependencyResolution.targets(86,5): message :       CompileLicxFiles
       /root/.dotnet/sdk/10.0.102/Sdks/Microsoft.NET.Sdk/targets/Microsoft.PackageDependencyResolution.targets(86,5): message :     
       /root/.dotnet/sdk/10.0.102/Sdks/Microsoft.NET.Sdk/targets/Microsoft.PackageDependencyResolution.targets(86,5): message :     " (previous value: "
       /root/.dotnet/sdk/10.0.102/Sdks/Microsoft.NET.Sdk/targets/Microsoft.PackageDependencyResolution.targets(86,5): message :       ;
       /root/.dotnet/sdk/10.0.102/Sdks/Microsoft.NET.Sdk/targets/Microsoft.PackageDependencyResolution.targets(86,5): message :       PrepareResourceNames;
       /root/.dotnet/sdk/10.0.102/Sdks/Microsoft.NET.Sdk/targets/Microsoft.PackageDependencyResolution.targets(86,5): message :       ResGen;
       /root/.dotnet/sdk/10.0.102/Sdks/Microsoft.NET.Sdk/targets/Microsoft.PackageDependencyResolution.targets(86,5): message :       CompileLicxFiles
       /root/.dotnet/sdk/10.0.102/Sdks/Microsoft.NET.Sdk/targets/Microsoft.PackageDependencyResolution.targets(86,5): message :     ") at /root/.dotnet/sdk/10.0.102/Sdks/Microsoft.NET.Sdk/targets/Microsoft.PackageDependencyResolution.targets (86,5)
       /root/.dotnet/sdk/10.0.102/Sdks/Microsoft.NET.Sdk/targets/Microsoft.NET.Sdk.DefaultItems.targets(35,5): message : Property reassignment: $(DefaultItemExcludes)=";bin/Debug//**;obj/Debug//**;bin//**" (previous value: ";bin/Debug//**;obj/Debug//**") at /root/.dotnet/sdk/10.0.102/Sdks/Microsoft.NET.Sdk/targets/Microsoft.NET.Sdk.DefaultItems.targets (35,5)
       /root/.dotnet/sdk/10.0.102/Sdks/Microsoft.NET.Sdk/targets/Microsoft.NET.Sdk.DefaultItems.targets(37,5): message : Property reassignment: $(DefaultItemExcludes)=";bin/Debug//**;obj/Debug//**;bin//**;obj//**" (previous value: ";bin/Debug//**;obj/Debug//**;bin//**") at /root/.dotnet/sdk/10.0.102/Sdks/Microsoft.NET.Sdk/targets/Microsoft.NET.Sdk.DefaultItems.targets (37,5)
       /root/.dotnet/sdk/10.0.102/Sdks/Microsoft.NET.Sdk/targets/Microsoft.NET.Sdk.DefaultItems.targets(40,5): message : Property reassignment: $(DefaultItemExcludes)=";bin/Debug//**;obj/Debug//**;bin//**;obj//**;**/*.user" (previous value: ";bin/Debug//**;obj/Debug//**;bin//**;obj//**") at /root/.dotnet/sdk/10.0.102/Sdks/Microsoft.NET.Sdk/targets/Microsoft.NET.Sdk.DefaultItems.targets (40,5)
       /root/.dotnet/sdk/10.0.102/Sdks/Microsoft.NET.Sdk/targets/Microsoft.NET.Sdk.DefaultItems.targets(41,5): message : Property reassignment: $(DefaultItemExcludes)=";bin/Debug//**;obj/Debug//**;bin//**;obj//**;**/*.user;**/*.*proj" (previous value: ";bin/Debug//**;obj/Debug//**;bin//**;obj//**;**/*.user") at /root/.dotnet/sdk/10.0.102/Sdks/Microsoft.NET.Sdk/targets/Microsoft.NET.Sdk.DefaultItems.targets (41,5)
       /root/.dotnet/sdk/10.0.102/Sdks/Microsoft.NET.Sdk/targets/Microsoft.NET.Sdk.DefaultItems.targets(42,5): message : Property reassignment: $(DefaultItemExcludes)=";bin/Debug//**;obj/Debug//**;bin//**;obj//**;**/*.user;**/*.*proj;**/*.sln" (previous value: ";bin/Debug//**;obj/Debug//**;bin//**;obj//**;**/*.user;**/*.*proj") at /root/.dotnet/sdk/10.0.102/Sdks/Microsoft.NET.Sdk/targets/Microsoft.NET.Sdk.DefaultItems.targets (42,5)
       /root/.dotnet/sdk/10.0.102/Sdks/Microsoft.NET.Sdk/targets/Microsoft.NET.Sdk.DefaultItems.targets(43,5): message : Property reassignment: $(DefaultItemExcludes)=";bin/Debug//**;obj/Debug//**;bin//**;obj//**;**/*.user;**/*.*proj;**/*.sln;**/*.slnx" (previous value: ";bin/Debug//**;obj/Debug//**;bin//**;obj//**;**/*.user;**/*.*proj;**/*.sln") at /root/.dotnet/sdk/10.0.102/Sdks/Microsoft.NET.Sdk/targets/Microsoft.NET.Sdk.DefaultItems.targets (43,5)
       /root/.dotnet/sdk/10.0.102/Sdks/Microsoft.NET.Sdk/targets/Microsoft.NET.Sdk.DefaultItems.targets(44,5): message : Property reassignment: $(DefaultItemExcludes)=";bin/Debug//**;obj/Debug//**;bin//**;obj//**;**/*.user;**/*.*proj;**/*.sln;**/*.slnx;**/*.vssscc" (previous value: ";bin/Debug//**;obj/Debug//**;bin//**;obj//**;**/*.user;**/*.*proj;**/*.sln;**/*.slnx") at /root/.dotnet/sdk/10.0.102/Sdks/Microsoft.NET.Sdk/targets/Microsoft.NET.Sdk.DefaultItems.targets (44,5)
       /root/.dotnet/sdk/10.0.102/Sdks/Microsoft.NET.Sdk/targets/Microsoft.NET.Sdk.DefaultItems.targets(45,5): message : Property reassignment: $(DefaultItemExcludes)=";bin/Debug//**;obj/Debug//**;bin//**;obj//**;**/*.user;**/*.*proj;**/*.sln;**/*.slnx;**/*.vssscc;**/.DS_Store" (previous value: ";bin/Debug//**;obj/Debug//**;bin//**;obj//**;**/*.user;**/*.*proj;**/*.sln;**/*.slnx;**/*.vssscc") at /root/.dotnet/sdk/10.0.102/Sdks/Microsoft.NET.Sdk/targets/Microsoft.NET.Sdk.DefaultItems.targets (45,5)
       /root/.dotnet/sdk/10.0.102/Sdks/Microsoft.NET.Sdk/targets/Microsoft.NET.Sdk.FrameworkReferenceResolution.targets(14,5): message : Property reassignment: $(ResolveAssemblyReferencesDependsOn)="
       /root/.dotnet/sdk/10.0.102/Sdks/Microsoft.NET.Sdk/targets/Microsoft.NET.Sdk.FrameworkReferenceResolution.targets(14,5): message :       
       /root/.dotnet/sdk/10.0.102/Sdks/Microsoft.NET.Sdk/targets/Microsoft.NET.Sdk.FrameworkReferenceResolution.targets(14,5): message :       
       /root/.dotnet/sdk/10.0.102/Sdks/Microsoft.NET.Sdk/targets/Microsoft.NET.Sdk.FrameworkReferenceResolution.targets(14,5): message :       ResolveProjectReferences;
       /root/.dotnet/sdk/10.0.102/Sdks/Microsoft.NET.Sdk/targets/Microsoft.NET.Sdk.FrameworkReferenceResolution.targets(14,5): message :       FindInvalidProjectReferences;
       /root/.dotnet/sdk/10.0.102/Sdks/Microsoft.NET.Sdk/targets/Microsoft.NET.Sdk.FrameworkReferenceResolution.targets(14,5): message :       GetFrameworkPaths;
       /root/.dotnet/sdk/10.0.102/Sdks/Microsoft.NET.Sdk/targets/Microsoft.NET.Sdk.FrameworkReferenceResolution.targets(14,5): message :       GetReferenceAssemblyPaths;
       /root/.dotnet/sdk/10.0.102/Sdks/Microsoft.NET.Sdk/targets/Microsoft.NET.Sdk.FrameworkReferenceResolution.targets(14,5): message :       PrepareForBuild;
       /root/.dotnet/sdk/10.0.102/Sdks/Microsoft.NET.Sdk/targets/Microsoft.NET.Sdk.FrameworkReferenceResolution.targets(14,5): message :       ResolveSDKReferences;
       /root/.dotnet/sdk/10.0.102/Sdks/Microsoft.NET.Sdk/targets/Microsoft.NET.Sdk.FrameworkReferenceResolution.targets(14,5): message :       ExpandSDKReferences;
       /root/.dotnet/sdk/10.0.102/Sdks/Microsoft.NET.Sdk/targets/Microsoft.NET.Sdk.FrameworkReferenceResolution.targets(14,5): message :     ;
       /root/.dotnet/sdk/10.0.102/Sdks/Microsoft.NET.Sdk/targets/Microsoft.NET.Sdk.FrameworkReferenceResolution.targets(14,5): message :       ResolvePackageDependenciesForBuild;
       /root/.dotnet/sdk/10.0.102/Sdks/Microsoft.NET.Sdk/targets/Microsoft.NET.Sdk.FrameworkReferenceResolution.targets(14,5): message :       _HandlePackageFileConflicts;
       /root/.dotnet/sdk/10.0.102/Sdks/Microsoft.NET.Sdk/targets/Microsoft.NET.Sdk.FrameworkReferenceResolution.targets(14,5): message :     ;
       /root/.dotnet/sdk/10.0.102/Sdks/Microsoft.NET.Sdk/targets/Microsoft.NET.Sdk.FrameworkReferenceResolution.targets(14,5): message :       ResolveTargetingPackAssets;
       /root/.dotnet/sdk/10.0.102/Sdks/Microsoft.NET.Sdk/targets/Microsoft.NET.Sdk.FrameworkReferenceResolution.targets(14,5): message :     " (previous value: "
       /root/.dotnet/sdk/10.0.102/Sdks/Microsoft.NET.Sdk/targets/Microsoft.NET.Sdk.FrameworkReferenceResolution.targets(14,5): message :       
       /root/.dotnet/sdk/10.0.102/Sdks/Microsoft.NET.Sdk/targets/Microsoft.NET.Sdk.FrameworkReferenceResolution.targets(14,5): message :       ResolveProjectReferences;
       /root/.dotnet/sdk/10.0.102/Sdks/Microsoft.NET.Sdk/targets/Microsoft.NET.Sdk.FrameworkReferenceResolution.targets(14,5): message :       FindInvalidProjectReferences;
       /root/.dotnet/sdk/10.0.102/Sdks/Microsoft.NET.Sdk/targets/Microsoft.NET.Sdk.FrameworkReferenceResolution.targets(14,5): message :       GetFrameworkPaths;
       /root/.dotnet/sdk/10.0.102/Sdks/Microsoft.NET.Sdk/targets/Microsoft.NET.Sdk.FrameworkReferenceResolution.targets(14,5): message :       GetReferenceAssemblyPaths;
       /root/.dotnet/sdk/10.0.102/Sdks/Microsoft.NET.Sdk/targets/Microsoft.NET.Sdk.FrameworkReferenceResolution.targets(14,5): message :       PrepareForBuild;
       /root/.dotnet/sdk/10.0.102/Sdks/Microsoft.NET.Sdk/targets/Microsoft.NET.Sdk.FrameworkReferenceResolution.targets(14,5): message :       ResolveSDKReferences;
       /root/.dotnet/sdk/10.0.102/Sdks/Microsoft.NET.Sdk/targets/Microsoft.NET.Sdk.FrameworkReferenceResolution.targets(14,5): message :       ExpandSDKReferences;
       /root/.dotnet/sdk/10.0.102/Sdks/Microsoft.NET.Sdk/targets/Microsoft.NET.Sdk.FrameworkReferenceResolution.targets(14,5): message :     ;
       /root/.dotnet/sdk/10.0.102/Sdks/Microsoft.NET.Sdk/targets/Microsoft.NET.Sdk.FrameworkReferenceResolution.targets(14,5): message :       ResolvePackageDependenciesForBuild;
       /root/.dotnet/sdk/10.0.102/Sdks/Microsoft.NET.Sdk/targets/Microsoft.NET.Sdk.FrameworkReferenceResolution.targets(14,5): message :       _HandlePackageFileConflicts;
       /root/.dotnet/sdk/10.0.102/Sdks/Microsoft.NET.Sdk/targets/Microsoft.NET.Sdk.FrameworkReferenceResolution.targets(14,5): message :     ") at /root/.dotnet/sdk/10.0.102/Sdks/Microsoft.NET.Sdk/targets/Microsoft.NET.Sdk.FrameworkReferenceResolution.targets (14,5)
       /root/.dotnet/sdk/10.0.102/Sdks/Microsoft.NET.Sdk/targets/Microsoft.NET.Sdk.targets(44,5): message : Property reassignment: $(_GenerateRuntimeConfigurationPropertyInputsCache)="/QNet/site-packages/atx_dot_net_strands_cli/all_local_test_output/artifact-AdoCore/artifact/sourceCode/obj/Debug/net9.0/AdoCore.genruntimeconfig.cache" (previous value: "obj/Debug/net9.0/AdoCore.genruntimeconfig.cache") at /root/.dotnet/sdk/10.0.102/Sdks/Microsoft.NET.Sdk/targets/Microsoft.NET.Sdk.targets (44,5)
       /root/.dotnet/sdk/10.0.102/Sdks/Microsoft.NET.Sdk/targets/Microsoft.NET.Sdk.targets(46,5): message : Property reassignment: $(_GeneratePublishDependencyFilePropertyInputsCache)="/QNet/site-packages/atx_dot_net_strands_cli/all_local_test_output/artifact-AdoCore/artifact/sourceCode/obj/Debug/net9.0/AdoCore.genpublishdeps.cache" (previous value: "obj/Debug/net9.0/AdoCore.genpublishdeps.cache") at /root/.dotnet/sdk/10.0.102/Sdks/Microsoft.NET.Sdk/targets/Microsoft.NET.Sdk.targets (46,5)
       /root/.dotnet/sdk/10.0.102/Sdks/Microsoft.NET.Sdk/targets/Microsoft.NET.Sdk.targets(48,5): message : Property reassignment: $(_GenerateSingleFileBundlePropertyInputsCache)="/QNet/site-packages/atx_dot_net_strands_cli/all_local_test_output/artifact-AdoCore/artifact/sourceCode/obj/Debug/net9.0/AdoCore.genbundle.cache" (previous value: "obj/Debug/net9.0/AdoCore.genbundle.cache") at /root/.dotnet/sdk/10.0.102/Sdks/Microsoft.NET.Sdk/targets/Microsoft.NET.Sdk.targets (48,5)
       /root/.dotnet/sdk/10.0.102/Sdks/Microsoft.NET.Sdk/targets/Microsoft.NET.Sdk.targets(81,5): message : Property reassignment: $(GenerateRuntimeConfigDevFile)="false" (previous value: "true") at /root/.dotnet/sdk/10.0.102/Sdks/Microsoft.NET.Sdk/targets/Microsoft.NET.Sdk.targets (81,5)
       /root/.dotnet/sdk/10.0.102/Sdks/Microsoft.NET.Sdk/targets/Microsoft.NET.Sdk.targets(97,5): message : Property 'HOME' with value '/root' expanded from the environment.
       /root/.dotnet/sdk/10.0.102/Sdks/Microsoft.NET.Sdk/targets/Microsoft.NET.Sdk.targets(99,5): message : Property reassignment: $(_DefaultUserProfileRuntimeStorePath)="/root/.dotnet/store" (previous value: "/root") at /root/.dotnet/sdk/10.0.102/Sdks/Microsoft.NET.Sdk/targets/Microsoft.NET.Sdk.targets (99,5)
       /root/.dotnet/sdk/10.0.102/Sdks/Microsoft.NET.Sdk/targets/Microsoft.NET.Sdk.targets(144,5): message : Property reassignment: $(AvailablePlatforms)="Any CPU,x86,x64,ARM32" (previous value: "Any CPU,x86,x64") at /root/.dotnet/sdk/10.0.102/Sdks/Microsoft.NET.Sdk/targets/Microsoft.NET.Sdk.targets (144,5)
       /root/.dotnet/sdk/10.0.102/Sdks/Microsoft.NET.Sdk/targets/Microsoft.NET.Sdk.targets(148,5): message : Property reassignment: $(AvailablePlatforms)="Any CPU,x86,x64,ARM32,ARM64" (previous value: "Any CPU,x86,x64,ARM32") at /root/.dotnet/sdk/10.0.102/Sdks/Microsoft.NET.Sdk/targets/Microsoft.NET.Sdk.targets (148,5)
       /root/.dotnet/sdk/10.0.102/Sdks/Microsoft.NET.Sdk/targets/Microsoft.NET.Sdk.targets(204,5): message : Property reassignment: $(CoreBuildDependsOn)="
       /root/.dotnet/sdk/10.0.102/Sdks/Microsoft.NET.Sdk/targets/Microsoft.NET.Sdk.targets(204,5): message :       _CheckForBuildWithNoBuild;
       /root/.dotnet/sdk/10.0.102/Sdks/Microsoft.NET.Sdk/targets/Microsoft.NET.Sdk.targets(204,5): message :       
       /root/.dotnet/sdk/10.0.102/Sdks/Microsoft.NET.Sdk/targets/Microsoft.NET.Sdk.targets(204,5): message :       BuildOnlySettings;
       /root/.dotnet/sdk/10.0.102/Sdks/Microsoft.NET.Sdk/targets/Microsoft.NET.Sdk.targets(204,5): message :       PrepareForBuild;
       /root/.dotnet/sdk/10.0.102/Sdks/Microsoft.NET.Sdk/targets/Microsoft.NET.Sdk.targets(204,5): message :       PreBuildEvent;
       /root/.dotnet/sdk/10.0.102/Sdks/Microsoft.NET.Sdk/targets/Microsoft.NET.Sdk.targets(204,5): message :       ResolveReferences;
       /root/.dotnet/sdk/10.0.102/Sdks/Microsoft.NET.Sdk/targets/Microsoft.NET.Sdk.targets(204,5): message :       PrepareResources;
       /root/.dotnet/sdk/10.0.102/Sdks/Microsoft.NET.Sdk/targets/Microsoft.NET.Sdk.targets(204,5): message :       ResolveKeySource;
       /root/.dotnet/sdk/10.0.102/Sdks/Microsoft.NET.Sdk/targets/Microsoft.NET.Sdk.targets(204,5): message :       Compile;
       /root/.dotnet/sdk/10.0.102/Sdks/Microsoft.NET.Sdk/targets/Microsoft.NET.Sdk.targets(204,5): message :       ExportWindowsMDFile;
       /root/.dotnet/sdk/10.0.102/Sdks/Microsoft.NET.Sdk/targets/Microsoft.NET.Sdk.targets(204,5): message :       UnmanagedUnregistration;
       /root/.dotnet/sdk/10.0.102/Sdks/Microsoft.NET.Sdk/targets/Microsoft.NET.Sdk.targets(204,5): message :       GenerateSerializationAssemblies;
       /root/.dotnet/sdk/10.0.102/Sdks/Microsoft.NET.Sdk/targets/Microsoft.NET.Sdk.targets(204,5): message :       CreateSatelliteAssemblies;
       /root/.dotnet/sdk/10.0.102/Sdks/Microsoft.NET.Sdk/targets/Microsoft.NET.Sdk.targets(204,5): message :       GenerateManifests;
       /root/.dotnet/sdk/10.0.102/Sdks/Microsoft.NET.Sdk/targets/Microsoft.NET.Sdk.targets(204,5): message :       GetTargetPath;
       /root/.dotnet/sdk/10.0.102/Sdks/Microsoft.NET.Sdk/targets/Microsoft.NET.Sdk.targets(204,5): message :       PrepareForRun;
       /root/.dotnet/sdk/10.0.102/Sdks/Microsoft.NET.Sdk/targets/Microsoft.NET.Sdk.targets(204,5): message :       UnmanagedRegistration;
       /root/.dotnet/sdk/10.0.102/Sdks/Microsoft.NET.Sdk/targets/Microsoft.NET.Sdk.targets(204,5): message :       IncrementalClean;
       /root/.dotnet/sdk/10.0.102/Sdks/Microsoft.NET.Sdk/targets/Microsoft.NET.Sdk.targets(204,5): message :       PostBuildEvent
       /root/.dotnet/sdk/10.0.102/Sdks/Microsoft.NET.Sdk/targets/Microsoft.NET.Sdk.targets(204,5): message :     ;
       /root/.dotnet/sdk/10.0.102/Sdks/Microsoft.NET.Sdk/targets/Microsoft.NET.Sdk.targets(204,5): message :       GenerateBuildDependencyFile;
       /root/.dotnet/sdk/10.0.102/Sdks/Microsoft.NET.Sdk/targets/Microsoft.NET.Sdk.targets(204,5): message :       GenerateBuildRuntimeConfigurationFiles
       /root/.dotnet/sdk/10.0.102/Sdks/Microsoft.NET.Sdk/targets/Microsoft.NET.Sdk.targets(204,5): message :     " (previous value: "
       /root/.dotnet/sdk/10.0.102/Sdks/Microsoft.NET.Sdk/targets/Microsoft.NET.Sdk.targets(204,5): message :       BuildOnlySettings;
       /root/.dotnet/sdk/10.0.102/Sdks/Microsoft.NET.Sdk/targets/Microsoft.NET.Sdk.targets(204,5): message :       PrepareForBuild;
       /root/.dotnet/sdk/10.0.102/Sdks/Microsoft.NET.Sdk/targets/Microsoft.NET.Sdk.targets(204,5): message :       PreBuildEvent;
       /root/.dotnet/sdk/10.0.102/Sdks/Microsoft.NET.Sdk/targets/Microsoft.NET.Sdk.targets(204,5): message :       ResolveReferences;
       /root/.dotnet/sdk/10.0.102/Sdks/Microsoft.NET.Sdk/targets/Microsoft.NET.Sdk.targets(204,5): message :       PrepareResources;
       /root/.dotnet/sdk/10.0.102/Sdks/Microsoft.NET.Sdk/targets/Microsoft.NET.Sdk.targets(204,5): message :       ResolveKeySource;
       /root/.dotnet/sdk/10.0.102/Sdks/Microsoft.NET.Sdk/targets/Microsoft.NET.Sdk.targets(204,5): message :       Compile;
       /root/.dotnet/sdk/10.0.102/Sdks/Microsoft.NET.Sdk/targets/Microsoft.NET.Sdk.targets(204,5): message :       ExportWindowsMDFile;
       /root/.dotnet/sdk/10.0.102/Sdks/Microsoft.NET.Sdk/targets/Microsoft.NET.Sdk.targets(204,5): message :       UnmanagedUnregistration;
       /root/.dotnet/sdk/10.0.102/Sdks/Microsoft.NET.Sdk/targets/Microsoft.NET.Sdk.targets(204,5): message :       GenerateSerializationAssemblies;
       /root/.dotnet/sdk/10.0.102/Sdks/Microsoft.NET.Sdk/targets/Microsoft.NET.Sdk.targets(204,5): message :       CreateSatelliteAssemblies;
       /root/.dotnet/sdk/10.0.102/Sdks/Microsoft.NET.Sdk/targets/Microsoft.NET.Sdk.targets(204,5): message :       GenerateManifests;
       /root/.dotnet/sdk/10.0.102/Sdks/Microsoft.NET.Sdk/targets/Microsoft.NET.Sdk.targets(204,5): message :       GetTargetPath;
       /root/.dotnet/sdk/10.0.102/Sdks/Microsoft.NET.Sdk/targets/Microsoft.NET.Sdk.targets(204,5): message :       PrepareForRun;
       /root/.dotnet/sdk/10.0.102/Sdks/Microsoft.NET.Sdk/targets/Microsoft.NET.Sdk.targets(204,5): message :       UnmanagedRegistration;
       /root/.dotnet/sdk/10.0.102/Sdks/Microsoft.NET.Sdk/targets/Microsoft.NET.Sdk.targets(204,5): message :       IncrementalClean;
       /root/.dotnet/sdk/10.0.102/Sdks/Microsoft.NET.Sdk/targets/Microsoft.NET.Sdk.targets(204,5): message :       PostBuildEvent
       /root/.dotnet/sdk/10.0.102/Sdks/Microsoft.NET.Sdk/targets/Microsoft.NET.Sdk.targets(204,5): message :     ") at /root/.dotnet/sdk/10.0.102/Sdks/Microsoft.NET.Sdk/targets/Microsoft.NET.Sdk.targets (204,5)
       /root/.dotnet/sdk/10.0.102/Sdks/Microsoft.NET.Sdk/targets/Microsoft.NET.Sdk.targets(213,5): message : Property reassignment: $(CoreCleanDependsOn)="
       /root/.dotnet/sdk/10.0.102/Sdks/Microsoft.NET.Sdk/targets/Microsoft.NET.Sdk.targets(213,5): message :       _SdkBeforeClean;
       /root/.dotnet/sdk/10.0.102/Sdks/Microsoft.NET.Sdk/targets/Microsoft.NET.Sdk.targets(213,5): message :       
       /root/.dotnet/sdk/10.0.102/Sdks/Microsoft.NET.Sdk/targets/Microsoft.NET.Sdk.targets(213,5): message :     " (previous value: "") at /root/.dotnet/sdk/10.0.102/Sdks/Microsoft.NET.Sdk/targets/Microsoft.NET.Sdk.targets (213,5)
       /root/.dotnet/sdk/10.0.102/Sdks/Microsoft.NET.Sdk/targets/Microsoft.NET.Sdk.targets(220,5): message : Property reassignment: $(RebuildDependsOn)="
       /root/.dotnet/sdk/10.0.102/Sdks/Microsoft.NET.Sdk/targets/Microsoft.NET.Sdk.targets(220,5): message :       _SdkBeforeRebuild;
       /root/.dotnet/sdk/10.0.102/Sdks/Microsoft.NET.Sdk/targets/Microsoft.NET.Sdk.targets(220,5): message :       
       /root/.dotnet/sdk/10.0.102/Sdks/Microsoft.NET.Sdk/targets/Microsoft.NET.Sdk.targets(220,5): message :       BeforeRebuild;
       /root/.dotnet/sdk/10.0.102/Sdks/Microsoft.NET.Sdk/targets/Microsoft.NET.Sdk.targets(220,5): message :       Clean;
       /root/.dotnet/sdk/10.0.102/Sdks/Microsoft.NET.Sdk/targets/Microsoft.NET.Sdk.targets(220,5): message :       Build;
       /root/.dotnet/sdk/10.0.102/Sdks/Microsoft.NET.Sdk/targets/Microsoft.NET.Sdk.targets(220,5): message :       AfterRebuild;
       /root/.dotnet/sdk/10.0.102/Sdks/Microsoft.NET.Sdk/targets/Microsoft.NET.Sdk.targets(220,5): message :     
       /root/.dotnet/sdk/10.0.102/Sdks/Microsoft.NET.Sdk/targets/Microsoft.NET.Sdk.targets(220,5): message :     " (previous value: "
       /root/.dotnet/sdk/10.0.102/Sdks/Microsoft.NET.Sdk/targets/Microsoft.NET.Sdk.targets(220,5): message :       BeforeRebuild;
       /root/.dotnet/sdk/10.0.102/Sdks/Microsoft.NET.Sdk/targets/Microsoft.NET.Sdk.targets(220,5): message :       Clean;
       /root/.dotnet/sdk/10.0.102/Sdks/Microsoft.NET.Sdk/targets/Microsoft.NET.Sdk.targets(220,5): message :       Build;
       /root/.dotnet/sdk/10.0.102/Sdks/Microsoft.NET.Sdk/targets/Microsoft.NET.Sdk.targets(220,5): message :       AfterRebuild;
       /root/.dotnet/sdk/10.0.102/Sdks/Microsoft.NET.Sdk/targets/Microsoft.NET.Sdk.targets(220,5): message :     ") at /root/.dotnet/sdk/10.0.102/Sdks/Microsoft.NET.Sdk/targets/Microsoft.NET.Sdk.targets (220,5)
       /root/.dotnet/sdk/10.0.102/Sdks/Microsoft.NET.Sdk/targets/Microsoft.NET.Sdk.targets(799,5): message : Property reassignment: $(CompileDependsOn)="
       /root/.dotnet/sdk/10.0.102/Sdks/Microsoft.NET.Sdk/targets/Microsoft.NET.Sdk.targets(799,5): message :       
       /root/.dotnet/sdk/10.0.102/Sdks/Microsoft.NET.Sdk/targets/Microsoft.NET.Sdk.targets(799,5): message :       ResolveReferences;
       /root/.dotnet/sdk/10.0.102/Sdks/Microsoft.NET.Sdk/targets/Microsoft.NET.Sdk.targets(799,5): message :       ResolveKeySource;
       /root/.dotnet/sdk/10.0.102/Sdks/Microsoft.NET.Sdk/targets/Microsoft.NET.Sdk.targets(799,5): message :       SetWin32ManifestProperties;
       /root/.dotnet/sdk/10.0.102/Sdks/Microsoft.NET.Sdk/targets/Microsoft.NET.Sdk.targets(799,5): message :       _SetPreferNativeArm64Win32ManifestProperties;
       /root/.dotnet/sdk/10.0.102/Sdks/Microsoft.NET.Sdk/targets/Microsoft.NET.Sdk.targets(799,5): message :       FindReferenceAssembliesForReferences;
       /root/.dotnet/sdk/10.0.102/Sdks/Microsoft.NET.Sdk/targets/Microsoft.NET.Sdk.targets(799,5): message :       _GenerateCompileInputs;
       /root/.dotnet/sdk/10.0.102/Sdks/Microsoft.NET.Sdk/targets/Microsoft.NET.Sdk.targets(799,5): message :       BeforeCompile;
       /root/.dotnet/sdk/10.0.102/Sdks/Microsoft.NET.Sdk/targets/Microsoft.NET.Sdk.targets(799,5): message :       _TimeStampBeforeCompile;
       /root/.dotnet/sdk/10.0.102/Sdks/Microsoft.NET.Sdk/targets/Microsoft.NET.Sdk.targets(799,5): message :       _GenerateCompileDependencyCache;
       /root/.dotnet/sdk/10.0.102/Sdks/Microsoft.NET.Sdk/targets/Microsoft.NET.Sdk.targets(799,5): message :       CoreCompile;
       /root/.dotnet/sdk/10.0.102/Sdks/Microsoft.NET.Sdk/targets/Microsoft.NET.Sdk.targets(799,5): message :       _TimeStampAfterCompile;
       /root/.dotnet/sdk/10.0.102/Sdks/Microsoft.NET.Sdk/targets/Microsoft.NET.Sdk.targets(799,5): message :       AfterCompile;
       /root/.dotnet/sdk/10.0.102/Sdks/Microsoft.NET.Sdk/targets/Microsoft.NET.Sdk.targets(799,5): message :     ;
       /root/.dotnet/sdk/10.0.102/Sdks/Microsoft.NET.Sdk/targets/Microsoft.NET.Sdk.targets(799,5): message :       _CreateAppHost;
       /root/.dotnet/sdk/10.0.102/Sdks/Microsoft.NET.Sdk/targets/Microsoft.NET.Sdk.targets(799,5): message :       _CreateComHost;
       /root/.dotnet/sdk/10.0.102/Sdks/Microsoft.NET.Sdk/targets/Microsoft.NET.Sdk.targets(799,5): message :       _GetIjwHostPaths;
       /root/.dotnet/sdk/10.0.102/Sdks/Microsoft.NET.Sdk/targets/Microsoft.NET.Sdk.targets(799,5): message :     " (previous value: "
       /root/.dotnet/sdk/10.0.102/Sdks/Microsoft.NET.Sdk/targets/Microsoft.NET.Sdk.targets(799,5): message :       ResolveReferences;
       /root/.dotnet/sdk/10.0.102/Sdks/Microsoft.NET.Sdk/targets/Microsoft.NET.Sdk.targets(799,5): message :       ResolveKeySource;
       /root/.dotnet/sdk/10.0.102/Sdks/Microsoft.NET.Sdk/targets/Microsoft.NET.Sdk.targets(799,5): message :       SetWin32ManifestProperties;
       /root/.dotnet/sdk/10.0.102/Sdks/Microsoft.NET.Sdk/targets/Microsoft.NET.Sdk.targets(799,5): message :       _SetPreferNativeArm64Win32ManifestProperties;
       /root/.dotnet/sdk/10.0.102/Sdks/Microsoft.NET.Sdk/targets/Microsoft.NET.Sdk.targets(799,5): message :       FindReferenceAssembliesForReferences;
       /root/.dotnet/sdk/10.0.102/Sdks/Microsoft.NET.Sdk/targets/Microsoft.NET.Sdk.targets(799,5): message :       _GenerateCompileInputs;
       /root/.dotnet/sdk/10.0.102/Sdks/Microsoft.NET.Sdk/targets/Microsoft.NET.Sdk.targets(799,5): message :       BeforeCompile;
       /root/.dotnet/sdk/10.0.102/Sdks/Microsoft.NET.Sdk/targets/Microsoft.NET.Sdk.targets(799,5): message :       _TimeStampBeforeCompile;
       /root/.dotnet/sdk/10.0.102/Sdks/Microsoft.NET.Sdk/targets/Microsoft.NET.Sdk.targets(799,5): message :       _GenerateCompileDependencyCache;
       /root/.dotnet/sdk/10.0.102/Sdks/Microsoft.NET.Sdk/targets/Microsoft.NET.Sdk.targets(799,5): message :       CoreCompile;
       /root/.dotnet/sdk/10.0.102/Sdks/Microsoft.NET.Sdk/targets/Microsoft.NET.Sdk.targets(799,5): message :       _TimeStampAfterCompile;
       /root/.dotnet/sdk/10.0.102/Sdks/Microsoft.NET.Sdk/targets/Microsoft.NET.Sdk.targets(799,5): message :       AfterCompile;
       /root/.dotnet/sdk/10.0.102/Sdks/Microsoft.NET.Sdk/targets/Microsoft.NET.Sdk.targets(799,5): message :     ") at /root/.dotnet/sdk/10.0.102/Sdks/Microsoft.NET.Sdk/targets/Microsoft.NET.Sdk.targets (799,5)
       /root/.dotnet/sdk/10.0.102/Sdks/Microsoft.NET.Sdk/targets/Microsoft.NET.Sdk.targets(1131,5): message : Property reassignment: $(CreateSatelliteAssembliesDependsOn)="
       /root/.dotnet/sdk/10.0.102/Sdks/Microsoft.NET.Sdk/targets/Microsoft.NET.Sdk.targets(1131,5): message :       
       /root/.dotnet/sdk/10.0.102/Sdks/Microsoft.NET.Sdk/targets/Microsoft.NET.Sdk.targets(1131,5): message :       ;
       /root/.dotnet/sdk/10.0.102/Sdks/Microsoft.NET.Sdk/targets/Microsoft.NET.Sdk.targets(1131,5): message :       _GenerateSatelliteAssemblyInputs;
       /root/.dotnet/sdk/10.0.102/Sdks/Microsoft.NET.Sdk/targets/Microsoft.NET.Sdk.targets(1131,5): message :       ComputeIntermediateSatelliteAssemblies;
       /root/.dotnet/sdk/10.0.102/Sdks/Microsoft.NET.Sdk/targets/Microsoft.NET.Sdk.targets(1131,5): message :       GenerateSatelliteAssemblies
       /root/.dotnet/sdk/10.0.102/Sdks/Microsoft.NET.Sdk/targets/Microsoft.NET.Sdk.targets(1131,5): message :     ;
       /root/.dotnet/sdk/10.0.102/Sdks/Microsoft.NET.Sdk/targets/Microsoft.NET.Sdk.targets(1131,5): message :       CoreGenerateSatelliteAssemblies
       /root/.dotnet/sdk/10.0.102/Sdks/Microsoft.NET.Sdk/targets/Microsoft.NET.Sdk.targets(1131,5): message :     " (previous value: "
       /root/.dotnet/sdk/10.0.102/Sdks/Microsoft.NET.Sdk/targets/Microsoft.NET.Sdk.targets(1131,5): message :       ;
       /root/.dotnet/sdk/10.0.102/Sdks/Microsoft.NET.Sdk/targets/Microsoft.NET.Sdk.targets(1131,5): message :       _GenerateSatelliteAssemblyInputs;
       /root/.dotnet/sdk/10.0.102/Sdks/Microsoft.NET.Sdk/targets/Microsoft.NET.Sdk.targets(1131,5): message :       ComputeIntermediateSatelliteAssemblies;
       /root/.dotnet/sdk/10.0.102/Sdks/Microsoft.NET.Sdk/targets/Microsoft.NET.Sdk.targets(1131,5): message :       GenerateSatelliteAssemblies
       /root/.dotnet/sdk/10.0.102/Sdks/Microsoft.NET.Sdk/targets/Microsoft.NET.Sdk.targets(1131,5): message :     ") at /root/.dotnet/sdk/10.0.102/Sdks/Microsoft.NET.Sdk/targets/Microsoft.NET.Sdk.targets (1131,5)
       /root/.dotnet/sdk/10.0.102/Sdks/Microsoft.SourceLink.GitLab/build/Microsoft.SourceLink.GitLab.targets(12,5): message : Property reassignment: $(SourceLinkUrlInitializerTargets)=";_InitializeGitHubSourceLinkUrl;_InitializeGitLabSourceLinkUrl" (previous value: ";_InitializeGitHubSourceLinkUrl") at /root/.dotnet/sdk/10.0.102/Sdks/Microsoft.SourceLink.GitLab/build/Microsoft.SourceLink.GitLab.targets (12,5)
       /root/.dotnet/sdk/10.0.102/Sdks/Microsoft.SourceLink.GitLab/build/Microsoft.SourceLink.GitLab.targets(13,5): message : Property reassignment: $(SourceControlManagerUrlTranslationTargets)=";TranslateGitHubUrlsInSourceControlInformation;TranslateGitLabUrlsInSourceControlInformation" (previous value: ";TranslateGitHubUrlsInSourceControlInformation") at /root/.dotnet/sdk/10.0.102/Sdks/Microsoft.SourceLink.GitLab/build/Microsoft.SourceLink.GitLab.targets (13,5)
       /root/.dotnet/sdk/10.0.102/Sdks/Microsoft.SourceLink.AzureRepos.Git/build/Microsoft.SourceLink.AzureRepos.Git.targets(12,5): message : Property reassignment: $(SourceLinkUrlInitializerTargets)=";_InitializeGitHubSourceLinkUrl;_InitializeGitLabSourceLinkUrl;_InitializeAzureReposGitSourceLinkUrl" (previous value: ";_InitializeGitHubSourceLinkUrl;_InitializeGitLabSourceLinkUrl") at /root/.dotnet/sdk/10.0.102/Sdks/Microsoft.SourceLink.AzureRepos.Git/build/Microsoft.SourceLink.AzureRepos.Git.targets (12,5)
       /root/.dotnet/sdk/10.0.102/Sdks/Microsoft.SourceLink.AzureRepos.Git/build/Microsoft.SourceLink.AzureRepos.Git.targets(13,5): message : Property reassignment: $(SourceControlManagerUrlTranslationTargets)=";TranslateGitHubUrlsInSourceControlInformation;TranslateGitLabUrlsInSourceControlInformation;TranslateAzureReposGitUrlsInSourceControlInformation" (previous value: ";TranslateGitHubUrlsInSourceControlInformation;TranslateGitLabUrlsInSourceControlInformation") at /root/.dotnet/sdk/10.0.102/Sdks/Microsoft.SourceLink.AzureRepos.Git/build/Microsoft.SourceLink.AzureRepos.Git.targets (13,5)
       /root/.dotnet/sdk/10.0.102/Sdks/Microsoft.SourceLink.Bitbucket.Git/build/Microsoft.SourceLink.Bitbucket.Git.targets(12,5): message : Property reassignment: $(SourceLinkUrlInitializerTargets)=";_InitializeGitHubSourceLinkUrl;_InitializeGitLabSourceLinkUrl;_InitializeAzureReposGitSourceLinkUrl;_InitializeBitbucketGitSourceLinkUrl" (previous value: ";_InitializeGitHubSourceLinkUrl;_InitializeGitLabSourceLinkUrl;_InitializeAzureReposGitSourceLinkUrl") at /root/.dotnet/sdk/10.0.102/Sdks/Microsoft.SourceLink.Bitbucket.Git/build/Microsoft.SourceLink.Bitbucket.Git.targets (12,5)
       /root/.dotnet/sdk/10.0.102/Sdks/Microsoft.SourceLink.Bitbucket.Git/build/Microsoft.SourceLink.Bitbucket.Git.targets(13,5): message : Property reassignment: $(SourceControlManagerUrlTranslationTargets)=";TranslateGitHubUrlsInSourceControlInformation;TranslateGitLabUrlsInSourceControlInformation;TranslateAzureReposGitUrlsInSourceControlInformation;TranslateBitbucketGitUrlsInSourceControlInformation" (previous value: ";TranslateGitHubUrlsInSourceControlInformation;TranslateGitLabUrlsInSourceControlInformation;TranslateAzureReposGitUrlsInSourceControlInformation") at /root/.dotnet/sdk/10.0.102/Sdks/Microsoft.SourceLink.Bitbucket.Git/build/Microsoft.SourceLink.Bitbucket.Git.targets (13,5)
       /root/.dotnet/sdk/10.0.102/Sdks/Microsoft.NET.Sdk/targets/Microsoft.NET.DesignerSupport.targets(21,5): message : Property reassignment: $(DesignerRuntimeImplementationProjectOutputGroupDependsOn)="
       /root/.dotnet/sdk/10.0.102/Sdks/Microsoft.NET.Sdk/targets/Microsoft.NET.DesignerSupport.targets(21,5): message :       
       /root/.dotnet/sdk/10.0.102/Sdks/Microsoft.NET.Sdk/targets/Microsoft.NET.DesignerSupport.targets(21,5): message :       ;
       /root/.dotnet/sdk/10.0.102/Sdks/Microsoft.NET.Sdk/targets/Microsoft.NET.DesignerSupport.targets(21,5): message :       
       /root/.dotnet/sdk/10.0.102/Sdks/Microsoft.NET.Sdk/targets/Microsoft.NET.DesignerSupport.targets(21,5): message :       ;
       /root/.dotnet/sdk/10.0.102/Sdks/Microsoft.NET.Sdk/targets/Microsoft.NET.DesignerSupport.targets(21,5): message :       BuildOnlySettings;
       /root/.dotnet/sdk/10.0.102/Sdks/Microsoft.NET.Sdk/targets/Microsoft.NET.DesignerSupport.targets(21,5): message :       PrepareForBuild;
       /root/.dotnet/sdk/10.0.102/Sdks/Microsoft.NET.Sdk/targets/Microsoft.NET.DesignerSupport.targets(21,5): message :       AssignTargetPaths;
       /root/.dotnet/sdk/10.0.102/Sdks/Microsoft.NET.Sdk/targets/Microsoft.NET.DesignerSupport.targets(21,5): message :       ResolveReferences
       /root/.dotnet/sdk/10.0.102/Sdks/Microsoft.NET.Sdk/targets/Microsoft.NET.DesignerSupport.targets(21,5): message :     
       /root/.dotnet/sdk/10.0.102/Sdks/Microsoft.NET.Sdk/targets/Microsoft.NET.DesignerSupport.targets(21,5): message :     ;
       /root/.dotnet/sdk/10.0.102/Sdks/Microsoft.NET.Sdk/targets/Microsoft.NET.DesignerSupport.targets(21,5): message :       _GenerateDesignerDepsFile;
       /root/.dotnet/sdk/10.0.102/Sdks/Microsoft.NET.Sdk/targets/Microsoft.NET.DesignerSupport.targets(21,5): message :       _GenerateDesignerRuntimeConfigFile;
       /root/.dotnet/sdk/10.0.102/Sdks/Microsoft.NET.Sdk/targets/Microsoft.NET.DesignerSupport.targets(21,5): message :       GetCopyToOutputDirectoryItems;
       /root/.dotnet/sdk/10.0.102/Sdks/Microsoft.NET.Sdk/targets/Microsoft.NET.DesignerSupport.targets(21,5): message :       _GatherDesignerShadowCopyFiles;
       /root/.dotnet/sdk/10.0.102/Sdks/Microsoft.NET.Sdk/targets/Microsoft.NET.DesignerSupport.targets(21,5): message :     " (previous value: "
       /root/.dotnet/sdk/10.0.102/Sdks/Microsoft.NET.Sdk/targets/Microsoft.NET.DesignerSupport.targets(21,5): message :       ;
       /root/.dotnet/sdk/10.0.102/Sdks/Microsoft.NET.Sdk/targets/Microsoft.NET.DesignerSupport.targets(21,5): message :       
       /root/.dotnet/sdk/10.0.102/Sdks/Microsoft.NET.Sdk/targets/Microsoft.NET.DesignerSupport.targets(21,5): message :       ;
       /root/.dotnet/sdk/10.0.102/Sdks/Microsoft.NET.Sdk/targets/Microsoft.NET.DesignerSupport.targets(21,5): message :       BuildOnlySettings;
       /root/.dotnet/sdk/10.0.102/Sdks/Microsoft.NET.Sdk/targets/Microsoft.NET.DesignerSupport.targets(21,5): message :       PrepareForBuild;
       /root/.dotnet/sdk/10.0.102/Sdks/Microsoft.NET.Sdk/targets/Microsoft.NET.DesignerSupport.targets(21,5): message :       AssignTargetPaths;
       /root/.dotnet/sdk/10.0.102/Sdks/Microsoft.NET.Sdk/targets/Microsoft.NET.DesignerSupport.targets(21,5): message :       ResolveReferences
       /root/.dotnet/sdk/10.0.102/Sdks/Microsoft.NET.Sdk/targets/Microsoft.NET.DesignerSupport.targets(21,5): message :     
       /root/.dotnet/sdk/10.0.102/Sdks/Microsoft.NET.Sdk/targets/Microsoft.NET.DesignerSupport.targets(21,5): message :     ") at /root/.dotnet/sdk/10.0.102/Sdks/Microsoft.NET.Sdk/targets/Microsoft.NET.DesignerSupport.targets (21,5)
       /root/.dotnet/sdk/10.0.102/Sdks/Microsoft.NET.Sdk/targets/Microsoft.NET.Sdk.CSharp.targets(31,5): message : Property reassignment: $(DefineConstants)="TRACE;DEBUG" (previous value: "TRACE") at /root/.dotnet/sdk/10.0.102/Sdks/Microsoft.NET.Sdk/targets/Microsoft.NET.Sdk.CSharp.targets (31,5)
       /root/.dotnet/sdk/10.0.102/Sdks/Microsoft.NET.Sdk/targets/Microsoft.NET.Sdk.CSharp.targets(45,5): message : Property reassignment: $(WarningsAsErrors)=";NU1605;SYSLIB0011" (previous value: ";NU1605") at /root/.dotnet/sdk/10.0.102/Sdks/Microsoft.NET.Sdk/targets/Microsoft.NET.Sdk.CSharp.targets (45,5)
       /root/.dotnet/sdk/10.0.102/NuGet.Build.Tasks.Pack.targets(34,5): message : Property reassignment: $(PackageDescription)="Package Description" (previous value: "") at /root/.dotnet/sdk/10.0.102/NuGet.Build.Tasks.Pack.targets (34,5)
       /root/.dotnet/sdk/10.0.102/NuGet.Build.Tasks.Pack.targets(59,5): message : Property reassignment: $(GenerateNuspecDependsOn)="Build;_LoadPackInputItems; _GetTargetFrameworksOutput; _WalkEachTargetPerFramework; _GetPackageFiles; " (previous value: "_LoadPackInputItems; _GetTargetFrameworksOutput; _WalkEachTargetPerFramework; _GetPackageFiles; ") at /root/.dotnet/sdk/10.0.102/NuGet.Build.Tasks.Pack.targets (59,5)
       /root/.dotnet/sdk/10.0.102/Sdks/Microsoft.NET.Sdk/Sdk/Sdk.targets(59,5): message : Property reassignment: $(_IsNotSetContainersTargetsDir)="true" (previous value: "false") at /root/.dotnet/sdk/10.0.102/Sdks/Microsoft.NET.Sdk/Sdk/Sdk.targets (59,5)
       /root/.dotnet/sdk/10.0.102/Containers/build/Microsoft.NET.Build.Containers.targets(5,5): message : Property reassignment: $(_IsSDKContainerAllowedVersion)="true" (previous value: "false") at /root/.dotnet/sdk/10.0.102/Containers/build/Microsoft.NET.Build.Containers.targets (5,5)
       /root/.dotnet/sdk/10.0.102/Containers/build/Microsoft.NET.Build.Containers.targets(15,5): message : Property reassignment: $(_ContainerIsTargetingNet8TFM)="true" (previous value: "false") at /root/.dotnet/sdk/10.0.102/Containers/build/Microsoft.NET.Build.Containers.targets (15,5)
       Overriding target "ResolveFrameworkReferences" in project "/root/.dotnet/sdk/10.0.102/Microsoft.Common.CurrentVersion.targets" with target "ResolveFrameworkReferences" from project "/root/.dotnet/sdk/10.0.102/Sdks/Microsoft.NET.Sdk/targets/Microsoft.NET.Sdk.FrameworkReferenceResolution.targets".
       Overriding target "GenerateSupportedTargetFrameworkAlias" in project "/root/.dotnet/sdk/10.0.102/Microsoft.Common.CurrentVersion.targets" with target "GenerateSupportedTargetFrameworkAlias" from project "/root/.dotnet/sdk/10.0.102/Sdks/Microsoft.NET.Sdk/targets/Microsoft.NET.Sdk.targets".
       Overriding target "GetReferenceAssemblyPaths" in project "/root/.dotnet/sdk/10.0.102/Microsoft.Common.CurrentVersion.targets" with target "GetReferenceAssemblyPaths" from project "/root/.dotnet/sdk/10.0.102/Sdks/Microsoft.NET.Sdk/targets/Microsoft.NET.DisableStandardFrameworkResolution.targets".
       Overriding target "GetFrameworkPaths" in project "/root/.dotnet/sdk/10.0.102/Microsoft.Common.CurrentVersion.targets" with target "GetFrameworkPaths" from project "/root/.dotnet/sdk/10.0.102/Sdks/Microsoft.NET.Sdk/targets/Microsoft.NET.DisableStandardFrameworkResolution.targets".
       Overriding target "DesignerRuntimeImplementationProjectOutputGroup" in project "/root/.dotnet/sdk/10.0.102/Microsoft.Common.CurrentVersion.targets" with target "DesignerRuntimeImplementationProjectOutputGroup" from project "/root/.dotnet/sdk/10.0.102/Sdks/Microsoft.NET.Sdk/targets/Microsoft.NET.DesignerSupport.targets".
       Overriding target "Publish" in project "/root/.dotnet/sdk/10.0.102/Microsoft.Common.CurrentVersion.targets" with target "Publish" from project "/root/.dotnet/sdk/10.0.102/Sdks/Microsoft.NET.Sdk/targets/Microsoft.NET.Publish.targets".
       Overriding target "ResolveReadyToRunCompilers" in project "/root/.dotnet/sdk/10.0.102/Sdks/Microsoft.NET.Sdk/targets/Microsoft.NET.CrossGen.targets" with target "ResolveReadyToRunCompilers" from project "/root/.dotnet/sdk/10.0.102/Sdks/Microsoft.NET.Sdk/targets/Microsoft.NET.Publish.targets".
       Overriding target "GetCopyToPublishDirectoryItems" in project "/root/.dotnet/sdk/10.0.102/Microsoft.Common.CurrentVersion.targets" with target "GetCopyToPublishDirectoryItems" from project "/root/.dotnet/sdk/10.0.102/Sdks/Microsoft.NET.Sdk/targets/Microsoft.NET.Publish.targets".
       Overriding target "Run" in project "/root/.dotnet/sdk/10.0.102/Microsoft.Common.CurrentVersion.targets" with target "Run" from project "/root/.dotnet/sdk/10.0.102/Sdks/Microsoft.NET.Sdk/targets/Microsoft.NET.Sdk.targets".
       The target "ResolveNuGetPackageAssets" listed in an AfterTargets attribute at "/root/.nuget/packages/system.text.json/8.0.0/buildTransitive/net6.0/System.Text.Json.targets (11,11)" does not exist in the project, and will be ignored.
       The target "ResolveNuGetPackageAssets" listed in an AfterTargets attribute at "/root/.nuget/packages/system.text.json/8.0.0/buildTransitive/net6.0/System.Text.Json.targets (23,11)" does not exist in the project, and will be ignored.
       The target "ResolveNuGetPackageAssets" listed in an AfterTargets attribute at "/root/.nuget/packages/microsoft.extensions.logging.abstractions/8.0.0/buildTransitive/net6.0/Microsoft.Extensions.Logging.Abstractions.targets (11,11)" does not exist in the project, and will be ignored.
       The target "ResolveNuGetPackageAssets" listed in an AfterTargets attribute at "/root/.nuget/packages/microsoft.extensions.logging.abstractions/8.0.0/buildTransitive/net6.0/Microsoft.Extensions.Logging.Abstractions.targets (23,11)" does not exist in the project, and will be ignored.
   1:2>Project "/QNet/site-packages/atx_dot_net_strands_cli/all_local_test_output/artifact-AdoCore/artifact/sourceCode/AdoCore.sln" (1:2) is building "/QNet/site-packages/atx_dot_net_strands_cli/all_local_test_output/artifact-AdoCore/artifact/sourceCode/AdoCore.csproj" (2:6) on node 1 (default targets).
   2:6>Target "_CollectTargetFrameworkForTelemetry" in file "/root/.dotnet/sdk/10.0.102/Sdks/Microsoft.NET.Sdk/targets/Microsoft.NET.TargetFrameworkInference.targets" from project "/QNet/site-packages/atx_dot_net_strands_cli/all_local_test_output/artifact-AdoCore/artifact/sourceCode/AdoCore.csproj" (target "_CheckForInvalidConfigurationAndPlatform" depends on it):
   2:6>Using "AllowEmptyTelemetry" task from assembly "/root/.dotnet/sdk/10.0.102/Sdks/Microsoft.NET.Sdk/targets/../tools/net10.0/Microsoft.NET.Build.Tasks.dll".
       Task "AllowEmptyTelemetry"
       Done executing task "AllowEmptyTelemetry".
   2:6>Done building target "_CollectTargetFrameworkForTelemetry" in project "AdoCore.csproj".
   2:6>Target "_CheckForUnsupportedNETCoreVersion" in file "/root/.dotnet/sdk/10.0.102/Sdks/Microsoft.NET.Sdk/targets/Microsoft.NET.TargetFrameworkInference.targets" from project "/QNet/site-packages/atx_dot_net_strands_cli/all_local_test_output/artifact-AdoCore/artifact/sourceCode/AdoCore.csproj" (target "_CheckForInvalidConfigurationAndPlatform" depends on it):
   2:6>Done building target "_CheckForUnsupportedNETCoreVersion" in project "AdoCore.csproj".
   2:6>Target "_CheckForUnsupportedCppNETCoreVersion" in file "/root/.dotnet/sdk/10.0.102/Sdks/Microsoft.NET.Sdk/targets/Microsoft.NET.TargetFrameworkInference.targets" from project "/QNet/site-packages/atx_dot_net_strands_cli/all_local_test_output/artifact-AdoCore/artifact/sourceCode/AdoCore.csproj" (target "_CheckForInvalidConfigurationAndPlatform" depends on it):
   2:6>Done building target "_CheckForUnsupportedCppNETCoreVersion" in project "AdoCore.csproj".
   2:6>Target "_CheckForUnsupportedArtifactsPath" in file "/root/.dotnet/sdk/10.0.102/Sdks/Microsoft.NET.Sdk/targets/Microsoft.NET.DefaultOutputPaths.targets" from project "/QNet/site-packages/atx_dot_net_strands_cli/all_local_test_output/artifact-AdoCore/artifact/sourceCode/AdoCore.csproj" (target "_CheckForInvalidConfigurationAndPlatform" depends on it):
   2:6>Done building target "_CheckForUnsupportedArtifactsPath" in project "AdoCore.csproj".
   2:6>Target "_CheckRIDAsserts" in file "/root/.dotnet/sdk/10.0.102/Sdks/Microsoft.NET.Sdk/targets/Microsoft.NET.RuntimeIdentifierInference.targets" from project "/QNet/site-packages/atx_dot_net_strands_cli/all_local_test_output/artifact-AdoCore/artifact/sourceCode/AdoCore.csproj" (target "_CheckForUnsupportedAppHostUsage" depends on it):
   2:6>Done building target "_CheckRIDAsserts" in project "AdoCore.csproj".
   2:6>Target "_CheckForUnsupportedAppHostUsage" in file "/root/.dotnet/sdk/10.0.102/Sdks/Microsoft.NET.Sdk/targets/Microsoft.NET.RuntimeIdentifierInference.targets" from project "/QNet/site-packages/atx_dot_net_strands_cli/all_local_test_output/artifact-AdoCore/artifact/sourceCode/AdoCore.csproj" (target "_CheckForInvalidConfigurationAndPlatform" depends on it):
   2:6>Done building target "_CheckForUnsupportedAppHostUsage" in project "AdoCore.csproj".
   2:6>Target "_CheckForUnsupportedHostingUsage" in file "/root/.dotnet/sdk/10.0.102/Sdks/Microsoft.NET.Sdk/targets/Microsoft.NET.RuntimeIdentifierInference.targets" from project "/QNet/site-packages/atx_dot_net_strands_cli/all_local_test_output/artifact-AdoCore/artifact/sourceCode/AdoCore.csproj" (target "_CheckForInvalidConfigurationAndPlatform" depends on it):
   2:6>Done building target "_CheckForUnsupportedHostingUsage" in project "AdoCore.csproj".
   2:6>Target "_CheckAndUnsetUnsupportedPrefer32Bit" in file "/root/.dotnet/sdk/10.0.102/Sdks/Microsoft.NET.Sdk/targets/Microsoft.NET.RuntimeIdentifierInference.targets" from project "/QNet/site-packages/atx_dot_net_strands_cli/all_local_test_output/artifact-AdoCore/artifact/sourceCode/AdoCore.csproj" (target "_CheckForInvalidConfigurationAndPlatform" depends on it):
   2:6>Done building target "_CheckAndUnsetUnsupportedPrefer32Bit" in project "AdoCore.csproj".
   2:6>Target "_CheckForLanguageAndFeatureCombinationSupport" in file "/root/.dotnet/sdk/10.0.102/Sdks/Microsoft.NET.Sdk/targets/Microsoft.NET.RuntimeIdentifierInference.targets" from project "/QNet/site-packages/atx_dot_net_strands_cli/all_local_test_output/artifact-AdoCore/artifact/sourceCode/AdoCore.csproj" (target "_CheckForInvalidConfigurationAndPlatform" depends on it):
   2:6>Done building target "_CheckForLanguageAndFeatureCombinationSupport" in project "AdoCore.csproj".
   2:6>Target "UpdateAspNetToFrameworkReference" in file "/root/.dotnet/sdk/10.0.102/Sdks/Microsoft.NET.Sdk/targets/Microsoft.NET.Sdk.DefaultItems.Shared.targets" from project "/QNet/site-packages/atx_dot_net_strands_cli/all_local_test_output/artifact-AdoCore/artifact/sourceCode/AdoCore.csproj" (target "ApplyImplicitVersions" depends on it):
       Using "CheckIfPackageReferenceShouldBeFrameworkReference" task from assembly "/root/.dotnet/sdk/10.0.102/Sdks/Microsoft.NET.Sdk/targets/../tools/net10.0/Microsoft.NET.Build.Tasks.dll".
       Task "CheckIfPackageReferenceShouldBeFrameworkReference"
       Done executing task "CheckIfPackageReferenceShouldBeFrameworkReference".
       Task "CheckIfPackageReferenceShouldBeFrameworkReference"
       Done executing task "CheckIfPackageReferenceShouldBeFrameworkReference".
   2:6>Done building target "UpdateAspNetToFrameworkReference" in project "AdoCore.csproj".
   2:6>Target "CheckForImplicitPackageReferenceOverrides" in file "/root/.dotnet/sdk/10.0.102/Sdks/Microsoft.NET.Sdk/targets/Microsoft.NET.Sdk.DefaultItems.Shared.targets" from project "/QNet/site-packages/atx_dot_net_strands_cli/all_local_test_output/artifact-AdoCore/artifact/sourceCode/AdoCore.csproj" (target "ApplyImplicitVersions" depends on it):
       Using "CheckForImplicitPackageReferenceOverrides" task from assembly "/root/.dotnet/sdk/10.0.102/Sdks/Microsoft.NET.Sdk/targets/../tools/net10.0/Microsoft.NET.Build.Tasks.dll".
       Task "CheckForImplicitPackageReferenceOverrides"
       Done executing task "CheckForImplicitPackageReferenceOverrides".
   2:6>Done building target "CheckForImplicitPackageReferenceOverrides" in project "AdoCore.csproj".
   2:6>Target "ApplyImplicitVersions" in file "/root/.dotnet/sdk/10.0.102/Sdks/Microsoft.NET.Sdk/targets/Microsoft.NET.Sdk.DefaultItems.Shared.targets" from project "/QNet/site-packages/atx_dot_net_strands_cli/all_local_test_output/artifact-AdoCore/artifact/sourceCode/AdoCore.csproj" (target "CollectPackageReferences" depends on it):
       Using "ApplyImplicitVersions" task from assembly "/root/.dotnet/sdk/10.0.102/Sdks/Microsoft.NET.Sdk/targets/../tools/net10.0/Microsoft.NET.Build.Tasks.dll".
       Task "ApplyImplicitVersions"
       Done executing task "ApplyImplicitVersions".
   2:6>Done building target "ApplyImplicitVersions" in project "AdoCore.csproj".
       Target "CheckForImplicitPackageReferenceOverrides" skipped. Previously built successfully.
   2:6>Target "_ComputeToolPackInputsToProcessFrameworkReferences" in file "/root/.dotnet/sdk/10.0.102/Sdks/Microsoft.NET.Sdk/targets/Microsoft.NET.Publish.targets" from project "/QNet/site-packages/atx_dot_net_strands_cli/all_local_test_output/artifact-AdoCore/artifact/sourceCode/AdoCore.csproj" (target "ProcessFrameworkReferences" depends on it):
   2:6>Done building target "_ComputeToolPackInputsToProcessFrameworkReferences" in project "AdoCore.csproj".
   2:6>Target "ProcessFrameworkReferences" in file "/root/.dotnet/sdk/10.0.102/Sdks/Microsoft.NET.Sdk/targets/Microsoft.NET.Sdk.FrameworkReferenceResolution.targets" from project "/QNet/site-packages/atx_dot_net_strands_cli/all_local_test_output/artifact-AdoCore/artifact/sourceCode/AdoCore.csproj" (target "CollectPackageReferences" depends on it):
       Using "CheckForDuplicateFrameworkReferences" task from assembly "/root/.dotnet/sdk/10.0.102/Sdks/Microsoft.NET.Sdk/targets/../tools/net10.0/Microsoft.NET.Build.Tasks.dll".
       Task "CheckForDuplicateFrameworkReferences"
       Done executing task "CheckForDuplicateFrameworkReferences".
       Using "ProcessFrameworkReferences" task from assembly "/root/.dotnet/sdk/10.0.102/Sdks/Microsoft.NET.Sdk/targets/../tools/net10.0/Microsoft.NET.Build.Tasks.dll".
       Task "ProcessFrameworkReferences"
         Found 1 known framework references for target framework .NETCoreApp
         Found 5 known runtime packs for target framework .NETCoreApp
         Selected Microsoft.NETCore.App with RIDs 'linux-arm;linux-arm64;linux-musl-arm64;linux-musl-x64;linux-x64;osx-x64;tizen.4.0.0-armel;tizen.5.0.0-armel;win-arm64;win-x64;win-x86;linux-musl-arm;osx-arm64;linux-s390x;linux-loongarch64;linux-bionic-arm;linux-bionic-arm64;linux-bionic-x64;linux-bionic-x86;linux-ppc64le;freebsd-x64;freebsd-arm64;linux-riscv64;linux-musl-riscv64;linux-musl-loongarch64'
         Selected targeting pack 'Microsoft.NETCore.App@9.0.12'
         Added runtime framework 'Microsoft.NETCore.App@9.0.0'
         Ignoring framework reference to Microsoft.WindowsDesktop.App as it is Windows-only and the current platform is not Windows.
         Ignoring framework reference to Microsoft.WindowsDesktop.App.WPF as it is Windows-only and the current platform is not Windows.
         Ignoring framework reference to Microsoft.WindowsDesktop.App.WindowsForms as it is Windows-only and the current platform is not Windows.
         Selected Microsoft.AspNetCore.App with RIDs 'win-x64;win-x86;osx-x64;linux-musl-x64;linux-musl-arm64;linux-x64;linux-arm;linux-arm64;linux-musl-arm;win-arm64;osx-arm64;linux-s390x;linux-loongarch64;linux-ppc64le;freebsd-x64;freebsd-arm64;linux-riscv64;linux-musl-riscv64;linux-loongarch64;linux-musl-loongarch64'
         Selected targeting pack 'Microsoft.AspNetCore.App@9.0.12'
         Added runtime framework 'Microsoft.AspNetCore.App@9.0.0'
       Done executing task "ProcessFrameworkReferences".
       Using "ResolveAppHosts" task from assembly "/root/.dotnet/sdk/10.0.102/Sdks/Microsoft.NET.Sdk/targets/../tools/net10.0/Microsoft.NET.Build.Tasks.dll".
       Task "ResolveAppHosts"
       Done executing task "ResolveAppHosts".
   2:6>Done building target "ProcessFrameworkReferences" in project "AdoCore.csproj".
   2:6>Target "_CheckForObsoleteDotNetCliToolReferences" in file "/root/.dotnet/sdk/10.0.102/Sdks/Microsoft.NET.Sdk/targets/Microsoft.NET.ObsoleteReferences.targets" from project "/QNet/site-packages/atx_dot_net_strands_cli/all_local_test_output/artifact-AdoCore/artifact/sourceCode/AdoCore.csproj" (target "CollectPackageReferences" depends on it):
   2:6>Done building target "_CheckForObsoleteDotNetCliToolReferences" in project "AdoCore.csproj".
   2:6>Target "CollectPackageReferences" in file "/root/.dotnet/sdk/10.0.102/NuGet.targets" from project "/QNet/site-packages/atx_dot_net_strands_cli/all_local_test_output/artifact-AdoCore/artifact/sourceCode/AdoCore.csproj" (target "_GetRestoreProjectStyle" depends on it):
       Using "CheckForDuplicateNuGetItemsTask" task from assembly "/root/.dotnet/sdk/10.0.102/NuGet.Build.Tasks.dll".
       Task "CheckForDuplicateNuGetItemsTask"
       Done executing task "CheckForDuplicateNuGetItemsTask".
   2:6>Done building target "CollectPackageReferences" in project "AdoCore.csproj".
   2:6>Target "_GetRestoreProjectStyle" in file "/root/.dotnet/sdk/10.0.102/NuGet.targets" from project "/QNet/site-packages/atx_dot_net_strands_cli/all_local_test_output/artifact-AdoCore/artifact/sourceCode/AdoCore.csproj" (target "EnableIntermediateOutputPathMismatchWarning" depends on it):
       Using "GetRestoreProjectStyleTask" task from assembly "/root/.dotnet/sdk/10.0.102/NuGet.Build.Tasks.dll".
       Task "GetRestoreProjectStyleTask"
       Done executing task "GetRestoreProjectStyleTask".
   2:6>Done building target "_GetRestoreProjectStyle" in project "AdoCore.csproj".
   2:6>Target "EnableIntermediateOutputPathMismatchWarning" in file "/root/.dotnet/sdk/10.0.102/NuGet.targets" from project "/QNet/site-packages/atx_dot_net_strands_cli/all_local_test_output/artifact-AdoCore/artifact/sourceCode/AdoCore.csproj" (target "_CheckForInvalidConfigurationAndPlatform" depends on it):
   2:6>Done building target "EnableIntermediateOutputPathMismatchWarning" in project "AdoCore.csproj".
       Target "ApplyImplicitVersions" skipped. Previously built successfully.
       Target "CheckForImplicitPackageReferenceOverrides" skipped. Previously built successfully.
   2:6>Target "CheckForDuplicateItems" in file "/root/.dotnet/sdk/10.0.102/Sdks/Microsoft.NET.Sdk/targets/Microsoft.NET.Sdk.DefaultItems.Shared.targets" from project "/QNet/site-packages/atx_dot_net_strands_cli/all_local_test_output/artifact-AdoCore/artifact/sourceCode/AdoCore.csproj" (target "_CheckForInvalidConfigurationAndPlatform" depends on it):
       Using "CheckForDuplicateItems" task from assembly "/root/.dotnet/sdk/10.0.102/Sdks/Microsoft.NET.Sdk/targets/../tools/net10.0/Microsoft.NET.Build.Tasks.dll".
       Task "CheckForDuplicateItems"
       Done executing task "CheckForDuplicateItems".
       Task "CheckForDuplicateItems"
       Done executing task "CheckForDuplicateItems".
       Task "CheckForDuplicateItems"
       Done executing task "CheckForDuplicateItems".
   2:6>Done building target "CheckForDuplicateItems" in project "AdoCore.csproj".
       Target "ProcessFrameworkReferences" skipped. Previously built successfully.
   2:6>Target "_CheckForInvalidConfigurationAndPlatform" in file "/root/.dotnet/sdk/10.0.102/Microsoft.Common.CurrentVersion.targets" from project "/QNet/site-packages/atx_dot_net_strands_cli/all_local_test_output/artifact-AdoCore/artifact/sourceCode/AdoCore.csproj" (target "BeforeBuild" depends on it):
       Task "Message"
         Configuration=Debug
       Done executing task "Message".
       Task "Message"
         Platform=AnyCPU
       Done executing task "Message".
   2:6>Done building target "_CheckForInvalidConfigurationAndPlatform" in project "AdoCore.csproj".
   2:6>Target "ValidateCommandLineProperties" in file "/root/.dotnet/sdk/10.0.102/Sdks/Microsoft.NET.Sdk/targets/Microsoft.NET.Sdk.targets" from project "/QNet/site-packages/atx_dot_net_strands_cli/all_local_test_output/artifact-AdoCore/artifact/sourceCode/AdoCore.csproj" (target "BeforeBuild" depends on it):
   2:6>Done building target "ValidateCommandLineProperties" in project "AdoCore.csproj".
   2:6>Target "BeforeBuild" in file "/root/.dotnet/sdk/10.0.102/Microsoft.Common.CurrentVersion.targets" from project "/QNet/site-packages/atx_dot_net_strands_cli/all_local_test_output/artifact-AdoCore/artifact/sourceCode/AdoCore.csproj" (target "Build" depends on it):
   2:6>Done building target "BeforeBuild" in project "AdoCore.csproj".
   2:6>Target "BuildOnlySettings" in file "/root/.dotnet/sdk/10.0.102/Microsoft.Common.CurrentVersion.targets" from project "/QNet/site-packages/atx_dot_net_strands_cli/all_local_test_output/artifact-AdoCore/artifact/sourceCode/AdoCore.csproj" (target "CoreBuild" depends on it):
       /root/.dotnet/sdk/10.0.102/Microsoft.Common.CurrentVersion.targets(1168,7): message : Property reassignment: $(BuildingProject)="true" (previous value: "false") at /root/.dotnet/sdk/10.0.102/Microsoft.Common.CurrentVersion.targets (1168,7) [/QNet/site-packages/atx_dot_net_strands_cli/all_local_test_output/artifact-AdoCore/artifact/sourceCode/AdoCore.csproj]
   2:6>Done building target "BuildOnlySettings" in project "AdoCore.csproj".
   2:6>Target "GetFrameworkPaths" in file "/root/.dotnet/sdk/10.0.102/Sdks/Microsoft.NET.Sdk/targets/Microsoft.NET.DisableStandardFrameworkResolution.targets" from project "/QNet/site-packages/atx_dot_net_strands_cli/all_local_test_output/artifact-AdoCore/artifact/sourceCode/AdoCore.csproj" (target "PrepareForBuild" depends on it):
   2:6>Done building target "GetFrameworkPaths" in project "AdoCore.csproj".
   2:6>Target "GetReferenceAssemblyPaths" in file "/root/.dotnet/sdk/10.0.102/Sdks/Microsoft.NET.Sdk/targets/Microsoft.NET.DisableStandardFrameworkResolution.targets" from project "/QNet/site-packages/atx_dot_net_strands_cli/all_local_test_output/artifact-AdoCore/artifact/sourceCode/AdoCore.csproj" (target "PrepareForBuild" depends on it):
   2:6>Done building target "GetReferenceAssemblyPaths" in project "AdoCore.csproj".
   2:6>Target "PrepareForBuild" in file "/root/.dotnet/sdk/10.0.102/Microsoft.Common.CurrentVersion.targets" from project "/QNet/site-packages/atx_dot_net_strands_cli/all_local_test_output/artifact-AdoCore/artifact/sourceCode/AdoCore.csproj" (target "CoreBuild" depends on it):
       Using "FindAppConfigFile" task from assembly "Microsoft.Build.Tasks.Core, Version=15.1.0.0, Culture=neutral, PublicKeyToken=b03f5f7f11d50a3a".
       Task "FindAppConfigFile"
       Done executing task "FindAppConfigFile".
       Using "MakeDir" task from assembly "Microsoft.Build.Tasks.Core, Version=15.1.0.0, Culture=neutral, PublicKeyToken=b03f5f7f11d50a3a".
       Task "MakeDir"
       Done executing task "MakeDir".
   2:6>Done building target "PrepareForBuild" in project "AdoCore.csproj".
   2:6>Target "GenerateTargetFrameworkDefineConstants" in file "/root/.dotnet/sdk/10.0.102/Sdks/Microsoft.NET.Sdk/targets/Microsoft.NET.Sdk.BeforeCommon.targets" from project "/QNet/site-packages/atx_dot_net_strands_cli/all_local_test_output/artifact-AdoCore/artifact/sourceCode/AdoCore.csproj" (target "AddImplicitDefineConstants" depends on it):
   2:6>Done building target "GenerateTargetFrameworkDefineConstants" in project "AdoCore.csproj".
   2:6>Target "GenerateNETCompatibleDefineConstants" in file "/root/.dotnet/sdk/10.0.102/Sdks/Microsoft.NET.Sdk/targets/Microsoft.NET.Sdk.BeforeCommon.targets" from project "/QNet/site-packages/atx_dot_net_strands_cli/all_local_test_output/artifact-AdoCore/artifact/sourceCode/AdoCore.csproj" (target "AddImplicitDefineConstants" depends on it):
   2:6>Done building target "GenerateNETCompatibleDefineConstants" in project "AdoCore.csproj".
   2:6>Target "AddImplicitDefineConstants" in file "/root/.dotnet/sdk/10.0.102/Sdks/Microsoft.NET.Sdk/targets/Microsoft.NET.Sdk.BeforeCommon.targets" from project "/QNet/site-packages/atx_dot_net_strands_cli/all_local_test_output/artifact-AdoCore/artifact/sourceCode/AdoCore.csproj" (target "CoreBuild" depends on it):
       /root/.dotnet/sdk/10.0.102/Sdks/Microsoft.NET.Sdk/targets/Microsoft.NET.Sdk.BeforeCommon.targets(295,7): message : Property reassignment: $(DefineConstants)="TRACE;DEBUG;NET;NET9_0;NETCOREAPP;NET5_0_OR_GREATER;NET6_0_OR_GREATER;NET7_0_OR_GREATER;NET8_0_OR_GREATER;NET9_0_OR_GREATER;NETCOREAPP1_0_OR_GREATER;NETCOREAPP1_1_OR_GREATER;NETCOREAPP2_0_OR_GREATER;NETCOREAPP2_1_OR_GREATER;NETCOREAPP2_2_OR_GREATER;NETCOREAPP3_0_OR_GREATER;NETCOREAPP3_1_OR_GREATER" (previous value: "TRACE;DEBUG") at /root/.dotnet/sdk/10.0.102/Sdks/Microsoft.NET.Sdk/targets/Microsoft.NET.Sdk.BeforeCommon.targets (295,7) [/QNet/site-packages/atx_dot_net_strands_cli/all_local_test_output/artifact-AdoCore/artifact/sourceCode/AdoCore.csproj]
   2:6>Done building target "AddImplicitDefineConstants" in project "AdoCore.csproj".
   2:6>Target "GenerateGlobalUsings" in file "/root/.dotnet/sdk/10.0.102/Sdks/Microsoft.NET.Sdk/targets/Microsoft.NET.GenerateGlobalUsings.targets" from project "/QNet/site-packages/atx_dot_net_strands_cli/all_local_test_output/artifact-AdoCore/artifact/sourceCode/AdoCore.csproj" (target "CoreBuild" depends on it):
       Using "GenerateGlobalUsings" task from assembly "/root/.dotnet/sdk/10.0.102/Sdks/Microsoft.NET.Sdk/targets/../tools/net10.0/Microsoft.NET.Build.Tasks.dll".
       Task "GenerateGlobalUsings"
       Done executing task "GenerateGlobalUsings".
       Using "WriteLinesToFile" task from assembly "Microsoft.Build.Tasks.Core, Version=15.1.0.0, Culture=neutral, PublicKeyToken=b03f5f7f11d50a3a".
       Task "WriteLinesToFile"
         Skipping write to file "obj/Debug/net9.0/AdoCore.GlobalUsings.g.cs" because content would not change.
       Done executing task "WriteLinesToFile".
   2:6>Done building target "GenerateGlobalUsings" in project "AdoCore.csproj".
   2:6>Target "BeforeResolveReferences" in file "/root/.dotnet/sdk/10.0.102/Microsoft.Common.CurrentVersion.targets" from project "/QNet/site-packages/atx_dot_net_strands_cli/all_local_test_output/artifact-AdoCore/artifact/sourceCode/AdoCore.csproj" (target "ResolveReferences" depends on it):
   2:6>Done building target "BeforeResolveReferences" in project "AdoCore.csproj".
   2:6>Target "IgnoreJavaScriptOutputAssembly" in file "/root/.dotnet/sdk/10.0.102/Microsoft.Common.CurrentVersion.targets" from project "/QNet/site-packages/atx_dot_net_strands_cli/all_local_test_output/artifact-AdoCore/artifact/sourceCode/AdoCore.csproj" (target "AssignProjectConfiguration" depends on it):
   2:6>Done building target "IgnoreJavaScriptOutputAssembly" in project "AdoCore.csproj".
       Target "ProcessFrameworkReferences" skipped. Previously built successfully.
   2:6>Target "_DefaultMicrosoftNETPlatformLibrary" in file "/root/.dotnet/sdk/10.0.102/Sdks/Microsoft.NET.Sdk/targets/Microsoft.NET.Sdk.Shared.targets" from project "/QNet/site-packages/atx_dot_net_strands_cli/all_local_test_output/artifact-AdoCore/artifact/sourceCode/AdoCore.csproj" (target "ResolvePackageAssets" depends on it):
   2:6>Done building target "_DefaultMicrosoftNETPlatformLibrary" in project "AdoCore.csproj".
   2:6>Target "_ComputePackageReferencePublish" in file "/root/.dotnet/sdk/10.0.102/Sdks/Microsoft.NET.Sdk/targets/Microsoft.NET.Sdk.Shared.targets" from project "/QNet/site-packages/atx_dot_net_strands_cli/all_local_test_output/artifact-AdoCore/artifact/sourceCode/AdoCore.csproj" (target "ResolvePackageAssets" depends on it):
   2:6>Done building target "_ComputePackageReferencePublish" in project "AdoCore.csproj".
   2:6>Target "ResolvePackageAssets" in file "/root/.dotnet/sdk/10.0.102/Sdks/Microsoft.NET.Sdk/targets/Microsoft.PackageDependencyResolution.targets" from project "/QNet/site-packages/atx_dot_net_strands_cli/all_local_test_output/artifact-AdoCore/artifact/sourceCode/AdoCore.csproj" (target "ResolveLockFileReferences" depends on it):
       Using "ResolvePackageAssets" task from assembly "/root/.dotnet/sdk/10.0.102/Sdks/Microsoft.NET.Sdk/targets/../tools/net10.0/Microsoft.NET.Build.Tasks.dll".
       Task "ResolvePackageAssets"
       Done executing task "ResolvePackageAssets".
   2:6>Done building target "ResolvePackageAssets" in project "AdoCore.csproj".
   2:6>Target "ResolveLockFileReferences" in file "/root/.dotnet/sdk/10.0.102/Sdks/Microsoft.NET.Sdk/targets/Microsoft.PackageDependencyResolution.targets" from project "/QNet/site-packages/atx_dot_net_strands_cli/all_local_test_output/artifact-AdoCore/artifact/sourceCode/AdoCore.csproj" (target "ResolvePackageDependenciesForBuild" depends on it):
       Using "JoinItems" task from assembly "/root/.dotnet/sdk/10.0.102/Sdks/Microsoft.NET.Sdk/targets/../tools/net10.0/Microsoft.NET.Build.Tasks.dll".
       Task "JoinItems"
       Done executing task "JoinItems".
   2:6>Done building target "ResolveLockFileReferences" in project "AdoCore.csproj".
       Target "ResolvePackageAssets" skipped. Previously built successfully.
   2:6>Target "ResolveLockFileAnalyzers" in file "/root/.dotnet/sdk/10.0.102/Sdks/Microsoft.NET.Sdk/targets/Microsoft.PackageDependencyResolution.targets" from project "/QNet/site-packages/atx_dot_net_strands_cli/all_local_test_output/artifact-AdoCore/artifact/sourceCode/AdoCore.csproj" (target "ResolvePackageDependenciesForBuild" depends on it):
   2:6>Done building target "ResolveLockFileAnalyzers" in project "AdoCore.csproj".
       Target "ResolvePackageAssets" skipped. Previously built successfully.
   2:6>Target "ResolveLockFileCopyLocalFiles" in file "/root/.dotnet/sdk/10.0.102/Sdks/Microsoft.NET.Sdk/targets/Microsoft.PackageDependencyResolution.targets" from project "/QNet/site-packages/atx_dot_net_strands_cli/all_local_test_output/artifact-AdoCore/artifact/sourceCode/AdoCore.csproj" (target "ResolvePackageDependenciesForBuild" depends on it):
   2:6>Done building target "ResolveLockFileCopyLocalFiles" in project "AdoCore.csproj".
       Target "ResolvePackageAssets" skipped. Previously built successfully.
   2:6>Target "IncludeTransitiveProjectReferences" in file "/root/.dotnet/sdk/10.0.102/Sdks/Microsoft.NET.Sdk/targets/Microsoft.PackageDependencyResolution.targets" from project "/QNet/site-packages/atx_dot_net_strands_cli/all_local_test_output/artifact-AdoCore/artifact/sourceCode/AdoCore.csproj" (target "ResolvePackageDependenciesForBuild" depends on it):
   2:6>Done building target "IncludeTransitiveProjectReferences" in project "AdoCore.csproj".
   2:6>Target "ResolvePackageDependenciesForBuild" in file "/root/.dotnet/sdk/10.0.102/Sdks/Microsoft.NET.Sdk/targets/Microsoft.PackageDependencyResolution.targets" from project "/QNet/site-packages/atx_dot_net_strands_cli/all_local_test_output/artifact-AdoCore/artifact/sourceCode/AdoCore.csproj" (target "AssignProjectConfiguration" depends on it):
   2:6>Done building target "ResolvePackageDependenciesForBuild" in project "AdoCore.csproj".
   2:6>Target "AssignProjectConfiguration" in file "/root/.dotnet/sdk/10.0.102/Microsoft.Common.CurrentVersion.targets" from project "/QNet/site-packages/atx_dot_net_strands_cli/all_local_test_output/artifact-AdoCore/artifact/sourceCode/AdoCore.csproj" (target "ResolveReferences" depends on it):
       Using "AssignProjectConfiguration" task from assembly "Microsoft.Build.Tasks.Core, Version=15.1.0.0, Culture=neutral, PublicKeyToken=b03f5f7f11d50a3a".
       Task "AssignProjectConfiguration"
       Done executing task "AssignProjectConfiguration".
   2:6>Done building target "AssignProjectConfiguration" in project "AdoCore.csproj".
       Target "AssignProjectConfiguration" skipped. Previously built successfully.
   2:6>Target "_SplitProjectReferencesByFileExistence" in file "/root/.dotnet/sdk/10.0.102/Microsoft.Common.CurrentVersion.targets" from project "/QNet/site-packages/atx_dot_net_strands_cli/all_local_test_output/artifact-AdoCore/artifact/sourceCode/AdoCore.csproj" (target "PrepareProjectReferences" depends on it):
   2:6>Done building target "_SplitProjectReferencesByFileExistence" in project "AdoCore.csproj".
   2:6>Target "_AddOutputPathToGlobalPropertiesToRemove" in file "/root/.dotnet/sdk/10.0.102/Microsoft.Common.CurrentVersion.targets" from project "/QNet/site-packages/atx_dot_net_strands_cli/all_local_test_output/artifact-AdoCore/artifact/sourceCode/AdoCore.csproj" (target "_GetProjectReferenceTargetFrameworkProperties" depends on it):
   2:6>Done building target "_AddOutputPathToGlobalPropertiesToRemove" in project "AdoCore.csproj".
   2:6>Target "_GetProjectReferenceTargetFrameworkProperties" in file "/root/.dotnet/sdk/10.0.102/Microsoft.Common.CurrentVersion.targets" from project "/QNet/site-packages/atx_dot_net_strands_cli/all_local_test_output/artifact-AdoCore/artifact/sourceCode/AdoCore.csproj" (target "PrepareProjectReferences" depends on it):
       Task "MSBuild"
       Done executing task "MSBuild".
       Using "SetRidAgnosticValueForProjects" task from assembly "Microsoft.Build.Tasks.Core, Version=15.1.0.0, Culture=neutral, PublicKeyToken=b03f5f7f11d50a3a".
       Task "SetRidAgnosticValueForProjects"
       Done executing task "SetRidAgnosticValueForProjects".
   2:6>Done building target "_GetProjectReferenceTargetFrameworkProperties" in project "AdoCore.csproj".
   2:6>Target "_CalculateIsVSTestTestProject" in file "/root/.dotnet/sdk/10.0.102/Sdks/Microsoft.NET.Sdk/targets/Microsoft.NET.Sdk.targets" from project "/QNet/site-packages/atx_dot_net_strands_cli/all_local_test_output/artifact-AdoCore/artifact/sourceCode/AdoCore.csproj" (target "ValidateExecutableReferences" depends on it):
   2:6>Done building target "_CalculateIsVSTestTestProject" in project "AdoCore.csproj".
   2:6>Target "ValidateExecutableReferences" in file "/root/.dotnet/sdk/10.0.102/Sdks/Microsoft.NET.Sdk/targets/Microsoft.NET.Sdk.targets" from project "/QNet/site-packages/atx_dot_net_strands_cli/all_local_test_output/artifact-AdoCore/artifact/sourceCode/AdoCore.csproj" (target "PrepareProjectReferences" depends on it):
       Using "ValidateExecutableReferences" task from assembly "/root/.dotnet/sdk/10.0.102/Sdks/Microsoft.NET.Sdk/targets/../tools/net10.0/Microsoft.NET.Build.Tasks.dll".
       Task "ValidateExecutableReferences"
       Done executing task "ValidateExecutableReferences".
   2:6>Done building target "ValidateExecutableReferences" in project "AdoCore.csproj".
   2:6>Target "PrepareProjectReferences" in file "/root/.dotnet/sdk/10.0.102/Microsoft.Common.CurrentVersion.targets" from project "/QNet/site-packages/atx_dot_net_strands_cli/all_local_test_output/artifact-AdoCore/artifact/sourceCode/AdoCore.csproj" (target "ResolveProjectReferences" depends on it):
   2:6>Done building target "PrepareProjectReferences" in project "AdoCore.csproj".
   2:6>Target "ResolveProjectReferences" in file "/root/.dotnet/sdk/10.0.102/Microsoft.Common.CurrentVersion.targets" from project "/QNet/site-packages/atx_dot_net_strands_cli/all_local_test_output/artifact-AdoCore/artifact/sourceCode/AdoCore.csproj" (target "ResolveReferences" depends on it):
   2:6>Done building target "ResolveProjectReferences" in project "AdoCore.csproj".
       Target "ResolveProjectReferences" skipped. Previously built successfully.
       Target "GetFrameworkPaths" skipped. Previously built successfully.
       Target "GetReferenceAssemblyPaths" skipped. Previously built successfully.
       Target "PrepareForBuild" skipped. Previously built successfully.
   2:6>Target "ResolveSDKReferences" in file "/root/.dotnet/sdk/10.0.102/Microsoft.Common.CurrentVersion.targets" from project "/QNet/site-packages/atx_dot_net_strands_cli/all_local_test_output/artifact-AdoCore/artifact/sourceCode/AdoCore.csproj" (target "ResolveAssemblyReferences" depends on it):
   2:6>Done building target "ResolveSDKReferences" in project "AdoCore.csproj".
       Target "ResolveSDKReferences" skipped. Previously built successfully.
   2:6>Target "ExpandSDKReferences" in file "/root/.dotnet/sdk/10.0.102/Microsoft.Common.CurrentVersion.targets" from project "/QNet/site-packages/atx_dot_net_strands_cli/all_local_test_output/artifact-AdoCore/artifact/sourceCode/AdoCore.csproj" (target "ResolveAssemblyReferences" depends on it):
   2:6>Done building target "ExpandSDKReferences" in project "AdoCore.csproj".
       Target "ResolvePackageDependenciesForBuild" skipped. Previously built successfully.
       Target "GetFrameworkPaths" skipped. Previously built successfully.
       Target "GetReferenceAssemblyPaths" skipped. Previously built successfully.
       Target "ProcessFrameworkReferences" skipped. Previously built successfully.
       Target "ResolvePackageAssets" skipped. Previously built successfully.
   2:6>Target "ResolveFrameworkReferences" in file "/root/.dotnet/sdk/10.0.102/Sdks/Microsoft.NET.Sdk/targets/Microsoft.NET.Sdk.FrameworkReferenceResolution.targets" from project "/QNet/site-packages/atx_dot_net_strands_cli/all_local_test_output/artifact-AdoCore/artifact/sourceCode/AdoCore.csproj" (target "ResolveTargetingPackAssets" depends on it):
       Using "GetPackageDirectory" task from assembly "/root/.dotnet/sdk/10.0.102/Sdks/Microsoft.NET.Sdk/targets/../tools/net10.0/Microsoft.NET.Build.Tasks.dll".
       Task "GetPackageDirectory"
       Done executing task "GetPackageDirectory".
       Task "GetPackageDirectory"
       Done executing task "GetPackageDirectory".
       Task "GetPackageDirectory"
       Done executing task "GetPackageDirectory".
       Task "GetPackageDirectory"
       Done executing task "GetPackageDirectory".
       Task "GetPackageDirectory"
       Done executing task "GetPackageDirectory".
       Task "GetPackageDirectory"
       Done executing task "GetPackageDirectory".
       Task "GetPackageDirectory"
       Done executing task "GetPackageDirectory".
       Task "GetPackageDirectory"
       Done executing task "GetPackageDirectory".
       Task "GetPackageDirectory"
       Done executing task "GetPackageDirectory".
       Task "GetPackageDirectory"
       Done executing task "GetPackageDirectory".
       Using "ResolveFrameworkReferences" task from assembly "/root/.dotnet/sdk/10.0.102/Sdks/Microsoft.NET.Sdk/targets/../tools/net10.0/Microsoft.NET.Build.Tasks.dll".
       Task "ResolveFrameworkReferences"
       Done executing task "ResolveFrameworkReferences".
   2:6>Done building target "ResolveFrameworkReferences" in project "AdoCore.csproj".
   2:6>Target "ResolveTargetingPackAssets" in file "/root/.dotnet/sdk/10.0.102/Sdks/Microsoft.NET.Sdk/targets/Microsoft.NET.Sdk.FrameworkReferenceResolution.targets" from project "/QNet/site-packages/atx_dot_net_strands_cli/all_local_test_output/artifact-AdoCore/artifact/sourceCode/AdoCore.csproj" (target "_HandlePackageFileConflicts" depends on it):
       Using "ResolveTargetingPackAssets" task from assembly "/root/.dotnet/sdk/10.0.102/Sdks/Microsoft.NET.Sdk/targets/../tools/net10.0/Microsoft.NET.Build.Tasks.dll".
       Task "ResolveTargetingPackAssets"
       Done executing task "ResolveTargetingPackAssets".
   2:6>Done building target "ResolveTargetingPackAssets" in project "AdoCore.csproj".
   2:6>Target "ResolveOffByDefaultAnalyzers" in file "/root/.dotnet/sdk/10.0.102/Sdks/Microsoft.NET.Sdk/targets/Microsoft.NET.Sdk.FrameworkReferenceResolution.targets" from project "/QNet/site-packages/atx_dot_net_strands_cli/all_local_test_output/artifact-AdoCore/artifact/sourceCode/AdoCore.csproj" (target "_HandlePackageFileConflicts" depends on it):
   2:6>Done building target "ResolveOffByDefaultAnalyzers" in project "AdoCore.csproj".
   2:6>Target "_HandlePackageFileConflicts" in file "/root/.dotnet/sdk/10.0.102/Sdks/Microsoft.NET.Sdk/targets/Microsoft.NET.ConflictResolution.targets" from project "/QNet/site-packages/atx_dot_net_strands_cli/all_local_test_output/artifact-AdoCore/artifact/sourceCode/AdoCore.csproj" (target "ResolveAssemblyReferences" depends on it):
       Using "ResolvePackageFileConflicts" task from assembly "/root/.dotnet/sdk/10.0.102/Sdks/Microsoft.NET.Sdk/targets/../tools/net10.0/Microsoft.NET.Build.Tasks.dll".
       Task "ResolvePackageFileConflicts"
         Encountered conflict between 'Platform:mscorlib.dll' and 'Platform:mscorlib.dll'. Could not determine winner due to equal file and assembly versions.
         Encountered conflict between 'Platform:Microsoft.VisualBasic.dll' and 'Platform:Microsoft.VisualBasic.dll'. Could not determine winner due to equal file and assembly versions.
         Encountered conflict between 'Platform:System.dll' and 'Platform:System.dll'. Could not determine winner due to equal file and assembly versions.
         Encountered conflict between 'Platform:System.ComponentModel.DataAnnotations.dll' and 'Platform:System.ComponentModel.DataAnnotations.dll'. Could not determine winner due to equal file and assembly versions.
         Encountered conflict between 'Platform:System.Configuration.dll' and 'Platform:System.Configuration.dll'. Could not determine winner due to equal file and assembly versions.
         Encountered conflict between 'Platform:System.Core.dll' and 'Platform:System.Core.dll'. Could not determine winner due to equal file and assembly versions.
         Encountered conflict between 'Platform:System.Data.dll' and 'Platform:System.Data.dll'. Could not determine winner due to equal file and assembly versions.
         Encountered conflict between 'Platform:System.Drawing.dll' and 'Platform:System.Drawing.dll'. Could not determine winner due to equal file and assembly versions.
         Encountered conflict between 'Platform:System.IO.Compression.FileSystem.dll' and 'Platform:System.IO.Compression.FileSystem.dll'. Could not determine winner due to equal file and assembly versions.
         Encountered conflict between 'Platform:System.Net.dll' and 'Platform:System.Net.dll'. Could not determine winner due to equal file and assembly versions.
         Encountered conflict between 'Platform:System.Numerics.dll' and 'Platform:System.Numerics.dll'. Could not determine winner due to equal file and assembly versions.
         Encountered conflict between 'Platform:System.Runtime.Serialization.dll' and 'Platform:System.Runtime.Serialization.dll'. Could not determine winner due to equal file and assembly versions.
         Encountered conflict between 'Platform:System.Security.dll' and 'Platform:System.Security.dll'. Could not determine winner due to equal file and assembly versions.
         Encountered conflict between 'Platform:System.ServiceProcess.dll' and 'Platform:System.ServiceProcess.dll'. Could not determine winner due to equal file and assembly versions.
         Encountered conflict between 'Platform:System.ServiceModel.Web.dll' and 'Platform:System.ServiceModel.Web.dll'. Could not determine winner due to equal file and assembly versions.
         Encountered conflict between 'Platform:System.Transactions.dll' and 'Platform:System.Transactions.dll'. Could not determine winner due to equal file and assembly versions.
         Encountered conflict between 'Platform:System.Web.dll' and 'Platform:System.Web.dll'. Could not determine winner due to equal file and assembly versions.
         Encountered conflict between 'Platform:System.Windows.dll' and 'Platform:System.Windows.dll'. Could not determine winner due to equal file and assembly versions.
         Encountered conflict between 'Platform:System.Xml.dll' and 'Platform:System.Xml.dll'. Could not determine winner due to equal file and assembly versions.
         Encountered conflict between 'Platform:System.Xml.Serialization.dll' and 'Platform:System.Xml.Serialization.dll'. Could not determine winner due to equal file and assembly versions.
         Encountered conflict between 'Platform:System.Xml.Linq.dll' and 'Platform:System.Xml.Linq.dll'. Could not determine winner due to equal file and assembly versions.
         Encountered conflict between 'Platform:WindowsBase.dll' and 'Platform:WindowsBase.dll'. Could not determine winner due to equal file and assembly versions.
         Encountered conflict between 'Platform:netstandard.dll' and 'Platform:netstandard.dll'. Could not determine winner due to equal file and assembly versions.
         Encountered conflict between 'Platform:System.Private.CoreLib.dll' and 'Platform:System.Private.CoreLib.dll'. Could not determine winner due to equal file and assembly versions.
         Encountered conflict between 'Platform:System.Private.DataContractSerialization.dll' and 'Platform:System.Private.DataContractSerialization.dll'. Could not determine winner due to equal file and assembly versions.
         Encountered conflict between 'Platform:System.Private.Uri.dll' and 'Platform:System.Private.Uri.dll'. Could not determine winner due to equal file and assembly versions.
         Encountered conflict between 'Platform:System.Private.Xml.dll' and 'Platform:System.Private.Xml.dll'. Could not determine winner due to equal file and assembly versions.
         Encountered conflict between 'Platform:System.Private.Xml.Linq.dll' and 'Platform:System.Private.Xml.Linq.dll'. Could not determine winner due to equal file and assembly versions.
         Encountered conflict between 'Platform:mscordaccore_amd64_amd64_9.0.1225.60609.dll' and 'Platform:mscordaccore_amd64_amd64_9.0.1225.60609.dll'. Could not determine winner due to equal file and assembly versions.
       Done executing task "ResolvePackageFileConflicts".
   2:6>Done building target "_HandlePackageFileConflicts" in project "AdoCore.csproj".
       Target "ResolveTargetingPackAssets" skipped. Previously built successfully.
   2:6>Target "ResolveAssemblyReferences" in file "/root/.dotnet/sdk/10.0.102/Microsoft.Common.CurrentVersion.targets" from project "/QNet/site-packages/atx_dot_net_strands_cli/all_local_test_output/artifact-AdoCore/artifact/sourceCode/AdoCore.csproj" (target "ResolveReferences" depends on it):
       Using "ResolveAssemblyReference" task from assembly "Microsoft.Build.Tasks.Core, Version=15.1.0.0, Culture=neutral, PublicKeyToken=b03f5f7f11d50a3a".
       Task "ResolveAssemblyReference"
         TargetFrameworkMoniker:
             .NETCoreApp,Version=v9.0
         TargetFrameworkMonikerDisplayName:
             .NET 9.0
         TargetedRuntimeVersion:
             
         Assemblies:
             /root/.nuget/packages/microsoft.extensions.configuration/8.0.0/lib/net8.0/Microsoft.Extensions.Configuration.dll
                 Private = 'false'
                 HintPath = '/root/.nuget/packages/microsoft.extensions.configuration/8.0.0/lib/net8.0/Microsoft.Extensions.Configuration.dll'
             /root/.nuget/packages/microsoft.extensions.configuration.abstractions/8.0.0/lib/net8.0/Microsoft.Extensions.Configuration.Abstractions.dll
                 Private = 'false'
                 HintPath = '/root/.nuget/packages/microsoft.extensions.configuration.abstractions/8.0.0/lib/net8.0/Microsoft.Extensions.Configuration.Abstractions.dll'
             /root/.nuget/packages/microsoft.extensions.configuration.fileextensions/8.0.0/lib/net8.0/Microsoft.Extensions.Configuration.FileExtensions.dll
                 Private = 'false'
                 HintPath = '/root/.nuget/packages/microsoft.extensions.configuration.fileextensions/8.0.0/lib/net8.0/Microsoft.Extensions.Configuration.FileExtensions.dll'
             /root/.nuget/packages/microsoft.extensions.configuration.json/8.0.0/lib/net8.0/Microsoft.Extensions.Configuration.Json.dll
                 Private = 'false'
                 HintPath = '/root/.nuget/packages/microsoft.extensions.configuration.json/8.0.0/lib/net8.0/Microsoft.Extensions.Configuration.Json.dll'
             /root/.nuget/packages/microsoft.extensions.dependencyinjection/8.0.0/lib/net8.0/Microsoft.Extensions.DependencyInjection.dll
                 Private = 'false'
                 HintPath = '/root/.nuget/packages/microsoft.extensions.dependencyinjection/8.0.0/lib/net8.0/Microsoft.Extensions.DependencyInjection.dll'
             /root/.nuget/packages/microsoft.extensions.dependencyinjection.abstractions/8.0.0/lib/net8.0/Microsoft.Extensions.DependencyInjection.Abstractions.dll
                 Private = 'false'
                 HintPath = '/root/.nuget/packages/microsoft.extensions.dependencyinjection.abstractions/8.0.0/lib/net8.0/Microsoft.Extensions.DependencyInjection.Abstractions.dll'
             /root/.nuget/packages/microsoft.extensions.fileproviders.abstractions/8.0.0/lib/net8.0/Microsoft.Extensions.FileProviders.Abstractions.dll
                 Private = 'false'
                 HintPath = '/root/.nuget/packages/microsoft.extensions.fileproviders.abstractions/8.0.0/lib/net8.0/Microsoft.Extensions.FileProviders.Abstractions.dll'
             /root/.nuget/packages/microsoft.extensions.fileproviders.physical/8.0.0/lib/net8.0/Microsoft.Extensions.FileProviders.Physical.dll
                 Private = 'false'
                 HintPath = '/root/.nuget/packages/microsoft.extensions.fileproviders.physical/8.0.0/lib/net8.0/Microsoft.Extensions.FileProviders.Physical.dll'
             /root/.nuget/packages/microsoft.extensions.filesystemglobbing/8.0.0/lib/net8.0/Microsoft.Extensions.FileSystemGlobbing.dll
                 Private = 'false'
                 HintPath = '/root/.nuget/packages/microsoft.extensions.filesystemglobbing/8.0.0/lib/net8.0/Microsoft.Extensions.FileSystemGlobbing.dll'
             /root/.nuget/packages/microsoft.extensions.logging.abstractions/8.0.0/lib/net8.0/Microsoft.Extensions.Logging.Abstractions.dll
                 Private = 'false'
                 HintPath = '/root/.nuget/packages/microsoft.extensions.logging.abstractions/8.0.0/lib/net8.0/Microsoft.Extensions.Logging.Abstractions.dll'
             /root/.nuget/packages/microsoft.extensions.primitives/8.0.0/lib/net8.0/Microsoft.Extensions.Primitives.dll
                 Private = 'false'
                 HintPath = '/root/.nuget/packages/microsoft.extensions.primitives/8.0.0/lib/net8.0/Microsoft.Extensions.Primitives.dll'
             /root/.nuget/packages/npgsql/8.0.5/lib/net8.0/Npgsql.dll
                 Private = 'false'
                 HintPath = '/root/.nuget/packages/npgsql/8.0.5/lib/net8.0/Npgsql.dll'
             /root/.nuget/packages/microsoft.netcore.app.ref/9.0.12/ref/net9.0/Microsoft.CSharp.dll
                 Private = 'false'
             /root/.nuget/packages/microsoft.netcore.app.ref/9.0.12/ref/net9.0/Microsoft.VisualBasic.Core.dll
                 Private = 'false'
             /root/.nuget/packages/microsoft.netcore.app.ref/9.0.12/ref/net9.0/Microsoft.VisualBasic.dll
                 Private = 'false'
             /root/.nuget/packages/microsoft.netcore.app.ref/9.0.12/ref/net9.0/Microsoft.Win32.Primitives.dll
                 Private = 'false'
             /root/.nuget/packages/microsoft.netcore.app.ref/9.0.12/ref/net9.0/Microsoft.Win32.Registry.dll
                 Private = 'false'
             /root/.nuget/packages/microsoft.netcore.app.ref/9.0.12/ref/net9.0/System.AppContext.dll
                 Private = 'false'
             /root/.nuget/packages/microsoft.netcore.app.ref/9.0.12/ref/net9.0/System.Buffers.dll
                 Private = 'false'
             /root/.nuget/packages/microsoft.netcore.app.ref/9.0.12/ref/net9.0/System.Collections.Concurrent.dll
                 Private = 'false'
             /root/.nuget/packages/microsoft.netcore.app.ref/9.0.12/ref/net9.0/System.Collections.Immutable.dll
                 Private = 'false'
             /root/.nuget/packages/microsoft.netcore.app.ref/9.0.12/ref/net9.0/System.Collections.NonGeneric.dll
                 Private = 'false'
             /root/.nuget/packages/microsoft.netcore.app.ref/9.0.12/ref/net9.0/System.Collections.Specialized.dll
                 Private = 'false'
             /root/.nuget/packages/microsoft.netcore.app.ref/9.0.12/ref/net9.0/System.Collections.dll
                 Private = 'false'
             /root/.nuget/packages/microsoft.netcore.app.ref/9.0.12/ref/net9.0/System.ComponentModel.Annotations.dll
                 Private = 'false'
             /root/.nuget/packages/microsoft.netcore.app.ref/9.0.12/ref/net9.0/System.ComponentModel.DataAnnotations.dll
                 Private = 'false'
             /root/.nuget/packages/microsoft.netcore.app.ref/9.0.12/ref/net9.0/System.ComponentModel.EventBasedAsync.dll
                 Private = 'false'
             /root/.nuget/packages/microsoft.netcore.app.ref/9.0.12/ref/net9.0/System.ComponentModel.Primitives.dll
                 Private = 'false'
             /root/.nuget/packages/microsoft.netcore.app.ref/9.0.12/ref/net9.0/System.ComponentModel.TypeConverter.dll
                 Private = 'false'
             /root/.nuget/packages/microsoft.netcore.app.ref/9.0.12/ref/net9.0/System.ComponentModel.dll
                 Private = 'false'
             /root/.nuget/packages/microsoft.netcore.app.ref/9.0.12/ref/net9.0/System.Configuration.dll
                 Private = 'false'
             /root/.nuget/packages/microsoft.netcore.app.ref/9.0.12/ref/net9.0/System.Console.dll
                 Private = 'false'
             /root/.nuget/packages/microsoft.netcore.app.ref/9.0.12/ref/net9.0/System.Core.dll
                 Private = 'false'
             /root/.nuget/packages/microsoft.netcore.app.ref/9.0.12/ref/net9.0/System.Data.Common.dll
                 Private = 'false'
             /root/.nuget/packages/microsoft.netcore.app.ref/9.0.12/ref/net9.0/System.Data.DataSetExtensions.dll
                 Private = 'false'
             /root/.nuget/packages/microsoft.netcore.app.ref/9.0.12/ref/net9.0/System.Data.dll
                 Private = 'false'
             /root/.nuget/packages/microsoft.netcore.app.ref/9.0.12/ref/net9.0/System.Diagnostics.Contracts.dll
                 Private = 'false'
             /root/.nuget/packages/microsoft.netcore.app.ref/9.0.12/ref/net9.0/System.Diagnostics.Debug.dll
                 Private = 'false'
             /root/.nuget/packages/microsoft.netcore.app.ref/9.0.12/ref/net9.0/System.Diagnostics.DiagnosticSource.dll
                 Private = 'false'
             /root/.nuget/packages/microsoft.netcore.app.ref/9.0.12/ref/net9.0/System.Diagnostics.FileVersionInfo.dll
                 Private = 'false'
             /root/.nuget/packages/microsoft.netcore.app.ref/9.0.12/ref/net9.0/System.Diagnostics.Process.dll
                 Private = 'false'
             /root/.nuget/packages/microsoft.netcore.app.ref/9.0.12/ref/net9.0/System.Diagnostics.StackTrace.dll
                 Private = 'false'
             /root/.nuget/packages/microsoft.netcore.app.ref/9.0.12/ref/net9.0/System.Diagnostics.TextWriterTraceListener.dll
                 Private = 'false'
             /root/.nuget/packages/microsoft.netcore.app.ref/9.0.12/ref/net9.0/System.Diagnostics.Tools.dll
                 Private = 'false'
             /root/.nuget/packages/microsoft.netcore.app.ref/9.0.12/ref/net9.0/System.Diagnostics.TraceSource.dll
                 Private = 'false'
             /root/.nuget/packages/microsoft.netcore.app.ref/9.0.12/ref/net9.0/System.Diagnostics.Tracing.dll
                 Private = 'false'
             /root/.nuget/packages/microsoft.netcore.app.ref/9.0.12/ref/net9.0/System.Drawing.Primitives.dll
                 Private = 'false'
             /root/.nuget/packages/microsoft.netcore.app.ref/9.0.12/ref/net9.0/System.Drawing.dll
                 Private = 'false'
             /root/.nuget/packages/microsoft.netcore.app.ref/9.0.12/ref/net9.0/System.Dynamic.Runtime.dll
                 Private = 'false'
             /root/.nuget/packages/microsoft.netcore.app.ref/9.0.12/ref/net9.0/System.Formats.Asn1.dll
                 Private = 'false'
             /root/.nuget/packages/microsoft.netcore.app.ref/9.0.12/ref/net9.0/System.Formats.Tar.dll
                 Private = 'false'
             /root/.nuget/packages/microsoft.netcore.app.ref/9.0.12/ref/net9.0/System.Globalization.Calendars.dll
                 Private = 'false'
             /root/.nuget/packages/microsoft.netcore.app.ref/9.0.12/ref/net9.0/System.Globalization.Extensions.dll
                 Private = 'false'
             /root/.nuget/packages/microsoft.netcore.app.ref/9.0.12/ref/net9.0/System.Globalization.dll
                 Private = 'false'
             /root/.nuget/packages/microsoft.netcore.app.ref/9.0.12/ref/net9.0/System.IO.Compression.Brotli.dll
                 Private = 'false'
             /root/.nuget/packages/microsoft.netcore.app.ref/9.0.12/ref/net9.0/System.IO.Compression.FileSystem.dll
                 Private = 'false'
             /root/.nuget/packages/microsoft.netcore.app.ref/9.0.12/ref/net9.0/System.IO.Compression.ZipFile.dll
                 Private = 'false'
             /root/.nuget/packages/microsoft.netcore.app.ref/9.0.12/ref/net9.0/System.IO.Compression.dll
                 Private = 'false'
             /root/.nuget/packages/microsoft.netcore.app.ref/9.0.12/ref/net9.0/System.IO.FileSystem.AccessControl.dll
                 Private = 'false'
             /root/.nuget/packages/microsoft.netcore.app.ref/9.0.12/ref/net9.0/System.IO.FileSystem.DriveInfo.dll
                 Private = 'false'
             /root/.nuget/packages/microsoft.netcore.app.ref/9.0.12/ref/net9.0/System.IO.FileSystem.Primitives.dll
                 Private = 'false'
             /root/.nuget/packages/microsoft.netcore.app.ref/9.0.12/ref/net9.0/System.IO.FileSystem.Watcher.dll
                 Private = 'false'
             /root/.nuget/packages/microsoft.netcore.app.ref/9.0.12/ref/net9.0/System.IO.FileSystem.dll
                 Private = 'false'
             /root/.nuget/packages/microsoft.netcore.app.ref/9.0.12/ref/net9.0/System.IO.IsolatedStorage.dll
                 Private = 'false'
             /root/.nuget/packages/microsoft.netcore.app.ref/9.0.12/ref/net9.0/System.IO.MemoryMappedFiles.dll
                 Private = 'false'
             /root/.nuget/packages/microsoft.netcore.app.ref/9.0.12/ref/net9.0/System.IO.Pipelines.dll
                 Private = 'false'
             /root/.nuget/packages/microsoft.netcore.app.ref/9.0.12/ref/net9.0/System.IO.Pipes.AccessControl.dll
                 Private = 'false'
             /root/.nuget/packages/microsoft.netcore.app.ref/9.0.12/ref/net9.0/System.IO.Pipes.dll
                 Private = 'false'
             /root/.nuget/packages/microsoft.netcore.app.ref/9.0.12/ref/net9.0/System.IO.UnmanagedMemoryStream.dll
                 Private = 'false'
             /root/.nuget/packages/microsoft.netcore.app.ref/9.0.12/ref/net9.0/System.IO.dll
                 Private = 'false'
             /root/.nuget/packages/microsoft.netcore.app.ref/9.0.12/ref/net9.0/System.Linq.Expressions.dll
                 Private = 'false'
             /root/.nuget/packages/microsoft.netcore.app.ref/9.0.12/ref/net9.0/System.Linq.Parallel.dll
                 Private = 'false'
             /root/.nuget/packages/microsoft.netcore.app.ref/9.0.12/ref/net9.0/System.Linq.Queryable.dll
                 Private = 'false'
             /root/.nuget/packages/microsoft.netcore.app.ref/9.0.12/ref/net9.0/System.Linq.dll
                 Private = 'false'
             /root/.nuget/packages/microsoft.netcore.app.ref/9.0.12/ref/net9.0/System.Memory.dll
                 Private = 'false'
             /root/.nuget/packages/microsoft.netcore.app.ref/9.0.12/ref/net9.0/System.Net.Http.Json.dll
                 Private = 'false'
             /root/.nuget/packages/microsoft.netcore.app.ref/9.0.12/ref/net9.0/System.Net.Http.dll
                 Private = 'false'
             /root/.nuget/packages/microsoft.netcore.app.ref/9.0.12/ref/net9.0/System.Net.HttpListener.dll
                 Private = 'false'
             /root/.nuget/packages/microsoft.netcore.app.ref/9.0.12/ref/net9.0/System.Net.Mail.dll
                 Private = 'false'
             /root/.nuget/packages/microsoft.netcore.app.ref/9.0.12/ref/net9.0/System.Net.NameResolution.dll
                 Private = 'false'
             /root/.nuget/packages/microsoft.netcore.app.ref/9.0.12/ref/net9.0/System.Net.NetworkInformation.dll
                 Private = 'false'
             /root/.nuget/packages/microsoft.netcore.app.ref/9.0.12/ref/net9.0/System.Net.Ping.dll
                 Private = 'false'
             /root/.nuget/packages/microsoft.netcore.app.ref/9.0.12/ref/net9.0/System.Net.Primitives.dll
                 Private = 'false'
             /root/.nuget/packages/microsoft.netcore.app.ref/9.0.12/ref/net9.0/System.Net.Quic.dll
                 Private = 'false'
             /root/.nuget/packages/microsoft.netcore.app.ref/9.0.12/ref/net9.0/System.Net.Requests.dll
                 Private = 'false'
             /root/.nuget/packages/microsoft.netcore.app.ref/9.0.12/ref/net9.0/System.Net.Security.dll
                 Private = 'false'
             /root/.nuget/packages/microsoft.netcore.app.ref/9.0.12/ref/net9.0/System.Net.ServicePoint.dll
                 Private = 'false'
             /root/.nuget/packages/microsoft.netcore.app.ref/9.0.12/ref/net9.0/System.Net.Sockets.dll
                 Private = 'false'
             /root/.nuget/packages/microsoft.netcore.app.ref/9.0.12/ref/net9.0/System.Net.WebClient.dll
                 Private = 'false'
             /root/.nuget/packages/microsoft.netcore.app.ref/9.0.12/ref/net9.0/System.Net.WebHeaderCollection.dll
                 Private = 'false'
             /root/.nuget/packages/microsoft.netcore.app.ref/9.0.12/ref/net9.0/System.Net.WebProxy.dll
                 Private = 'false'
             /root/.nuget/packages/microsoft.netcore.app.ref/9.0.12/ref/net9.0/System.Net.WebSockets.Client.dll
                 Private = 'false'
             /root/.nuget/packages/microsoft.netcore.app.ref/9.0.12/ref/net9.0/System.Net.WebSockets.dll
                 Private = 'false'
             /root/.nuget/packages/microsoft.netcore.app.ref/9.0.12/ref/net9.0/System.Net.dll
                 Private = 'false'
             /root/.nuget/packages/microsoft.netcore.app.ref/9.0.12/ref/net9.0/System.Numerics.Vectors.dll
                 Private = 'false'
             /root/.nuget/packages/microsoft.netcore.app.ref/9.0.12/ref/net9.0/System.Numerics.dll
                 Private = 'false'
             /root/.nuget/packages/microsoft.netcore.app.ref/9.0.12/ref/net9.0/System.ObjectModel.dll
                 Private = 'false'
             /root/.nuget/packages/microsoft.netcore.app.ref/9.0.12/ref/net9.0/System.Reflection.DispatchProxy.dll
                 Private = 'false'
             /root/.nuget/packages/microsoft.netcore.app.ref/9.0.12/ref/net9.0/System.Reflection.Emit.ILGeneration.dll
                 Private = 'false'
             /root/.nuget/packages/microsoft.netcore.app.ref/9.0.12/ref/net9.0/System.Reflection.Emit.Lightweight.dll
                 Private = 'false'
             /root/.nuget/packages/microsoft.netcore.app.ref/9.0.12/ref/net9.0/System.Reflection.Emit.dll
                 Private = 'false'
             /root/.nuget/packages/microsoft.netcore.app.ref/9.0.12/ref/net9.0/System.Reflection.Extensions.dll
                 Private = 'false'
             /root/.nuget/packages/microsoft.netcore.app.ref/9.0.12/ref/net9.0/System.Reflection.Metadata.dll
                 Private = 'false'
             /root/.nuget/packages/microsoft.netcore.app.ref/9.0.12/ref/net9.0/System.Reflection.Primitives.dll
                 Private = 'false'
             /root/.nuget/packages/microsoft.netcore.app.ref/9.0.12/ref/net9.0/System.Reflection.TypeExtensions.dll
                 Private = 'false'
             /root/.nuget/packages/microsoft.netcore.app.ref/9.0.12/ref/net9.0/System.Reflection.dll
                 Private = 'false'
             /root/.nuget/packages/microsoft.netcore.app.ref/9.0.12/ref/net9.0/System.Resources.Reader.dll
                 Private = 'false'
             /root/.nuget/packages/microsoft.netcore.app.ref/9.0.12/ref/net9.0/System.Resources.ResourceManager.dll
                 Private = 'false'
             /root/.nuget/packages/microsoft.netcore.app.ref/9.0.12/ref/net9.0/System.Resources.Writer.dll
                 Private = 'false'
             /root/.nuget/packages/microsoft.netcore.app.ref/9.0.12/ref/net9.0/System.Runtime.CompilerServices.Unsafe.dll
                 Private = 'false'
             /root/.nuget/packages/microsoft.netcore.app.ref/9.0.12/ref/net9.0/System.Runtime.CompilerServices.VisualC.dll
                 Private = 'false'
             /root/.nuget/packages/microsoft.netcore.app.ref/9.0.12/ref/net9.0/System.Runtime.Extensions.dll
                 Private = 'false'
             /root/.nuget/packages/microsoft.netcore.app.ref/9.0.12/ref/net9.0/System.Runtime.Handles.dll
                 Private = 'false'
             /root/.nuget/packages/microsoft.netcore.app.ref/9.0.12/ref/net9.0/System.Runtime.InteropServices.JavaScript.dll
                 Private = 'false'
             /root/.nuget/packages/microsoft.netcore.app.ref/9.0.12/ref/net9.0/System.Runtime.InteropServices.RuntimeInformation.dll
                 Private = 'false'
             /root/.nuget/packages/microsoft.netcore.app.ref/9.0.12/ref/net9.0/System.Runtime.InteropServices.dll
                 Private = 'false'
             /root/.nuget/packages/microsoft.netcore.app.ref/9.0.12/ref/net9.0/System.Runtime.Intrinsics.dll
                 Private = 'false'
             /root/.nuget/packages/microsoft.netcore.app.ref/9.0.12/ref/net9.0/System.Runtime.Loader.dll
                 Private = 'false'
             /root/.nuget/packages/microsoft.netcore.app.ref/9.0.12/ref/net9.0/System.Runtime.Numerics.dll
                 Private = 'false'
             /root/.nuget/packages/microsoft.netcore.app.ref/9.0.12/ref/net9.0/System.Runtime.Serialization.Formatters.dll
                 Private = 'false'
             /root/.nuget/packages/microsoft.netcore.app.ref/9.0.12/ref/net9.0/System.Runtime.Serialization.Json.dll
                 Private = 'false'
             /root/.nuget/packages/microsoft.netcore.app.ref/9.0.12/ref/net9.0/System.Runtime.Serialization.Primitives.dll
                 Private = 'false'
             /root/.nuget/packages/microsoft.netcore.app.ref/9.0.12/ref/net9.0/System.Runtime.Serialization.Xml.dll
                 Private = 'false'
             /root/.nuget/packages/microsoft.netcore.app.ref/9.0.12/ref/net9.0/System.Runtime.Serialization.dll
                 Private = 'false'
             /root/.nuget/packages/microsoft.netcore.app.ref/9.0.12/ref/net9.0/System.Runtime.dll
                 Private = 'false'
             /root/.nuget/packages/microsoft.netcore.app.ref/9.0.12/ref/net9.0/System.Security.AccessControl.dll
                 Private = 'false'
             /root/.nuget/packages/microsoft.netcore.app.ref/9.0.12/ref/net9.0/System.Security.Claims.dll
                 Private = 'false'
             /root/.nuget/packages/microsoft.netcore.app.ref/9.0.12/ref/net9.0/System.Security.Cryptography.Algorithms.dll
                 Private = 'false'
             /root/.nuget/packages/microsoft.netcore.app.ref/9.0.12/ref/net9.0/System.Security.Cryptography.Cng.dll
                 Private = 'false'
             /root/.nuget/packages/microsoft.netcore.app.ref/9.0.12/ref/net9.0/System.Security.Cryptography.Csp.dll
                 Private = 'false'
             /root/.nuget/packages/microsoft.netcore.app.ref/9.0.12/ref/net9.0/System.Security.Cryptography.Encoding.dll
                 Private = 'false'
             /root/.nuget/packages/microsoft.netcore.app.ref/9.0.12/ref/net9.0/System.Security.Cryptography.OpenSsl.dll
                 Private = 'false'
             /root/.nuget/packages/microsoft.netcore.app.ref/9.0.12/ref/net9.0/System.Security.Cryptography.Primitives.dll
                 Private = 'false'
             /root/.nuget/packages/microsoft.netcore.app.ref/9.0.12/ref/net9.0/System.Security.Cryptography.X509Certificates.dll
                 Private = 'false'
             /root/.nuget/packages/microsoft.netcore.app.ref/9.0.12/ref/net9.0/System.Security.Cryptography.dll
                 Private = 'false'
             /root/.nuget/packages/microsoft.netcore.app.ref/9.0.12/ref/net9.0/System.Security.Principal.Windows.dll
                 Private = 'false'
             /root/.nuget/packages/microsoft.netcore.app.ref/9.0.12/ref/net9.0/System.Security.Principal.dll
                 Private = 'false'
             /root/.nuget/packages/microsoft.netcore.app.ref/9.0.12/ref/net9.0/System.Security.SecureString.dll
                 Private = 'false'
             /root/.nuget/packages/microsoft.netcore.app.ref/9.0.12/ref/net9.0/System.Security.dll
                 Private = 'false'
             /root/.nuget/packages/microsoft.netcore.app.ref/9.0.12/ref/net9.0/System.ServiceModel.Web.dll
                 Private = 'false'
             /root/.nuget/packages/microsoft.netcore.app.ref/9.0.12/ref/net9.0/System.ServiceProcess.dll
                 Private = 'false'
             /root/.nuget/packages/microsoft.netcore.app.ref/9.0.12/ref/net9.0/System.Text.Encoding.CodePages.dll
                 Private = 'false'
             /root/.nuget/packages/microsoft.netcore.app.ref/9.0.12/ref/net9.0/System.Text.Encoding.Extensions.dll
                 Private = 'false'
             /root/.nuget/packages/microsoft.netcore.app.ref/9.0.12/ref/net9.0/System.Text.Encoding.dll
                 Private = 'false'
             /root/.nuget/packages/microsoft.netcore.app.ref/9.0.12/ref/net9.0/System.Text.Encodings.Web.dll
                 Private = 'false'
             /root/.nuget/packages/microsoft.netcore.app.ref/9.0.12/ref/net9.0/System.Text.Json.dll
                 Private = 'false'
             /root/.nuget/packages/microsoft.netcore.app.ref/9.0.12/ref/net9.0/System.Text.RegularExpressions.dll
                 Private = 'false'
             /root/.nuget/packages/microsoft.netcore.app.ref/9.0.12/ref/net9.0/System.Threading.Channels.dll
                 Private = 'false'
             /root/.nuget/packages/microsoft.netcore.app.ref/9.0.12/ref/net9.0/System.Threading.Overlapped.dll
                 Private = 'false'
             /root/.nuget/packages/microsoft.netcore.app.ref/9.0.12/ref/net9.0/System.Threading.Tasks.Dataflow.dll
                 Private = 'false'
             /root/.nuget/packages/microsoft.netcore.app.ref/9.0.12/ref/net9.0/System.Threading.Tasks.Extensions.dll
                 Private = 'false'
             /root/.nuget/packages/microsoft.netcore.app.ref/9.0.12/ref/net9.0/System.Threading.Tasks.Parallel.dll
                 Private = 'false'
             /root/.nuget/packages/microsoft.netcore.app.ref/9.0.12/ref/net9.0/System.Threading.Tasks.dll
                 Private = 'false'
             /root/.nuget/packages/microsoft.netcore.app.ref/9.0.12/ref/net9.0/System.Threading.Thread.dll
                 Private = 'false'
             /root/.nuget/packages/microsoft.netcore.app.ref/9.0.12/ref/net9.0/System.Threading.ThreadPool.dll
                 Private = 'false'
             /root/.nuget/packages/microsoft.netcore.app.ref/9.0.12/ref/net9.0/System.Threading.Timer.dll
                 Private = 'false'
             /root/.nuget/packages/microsoft.netcore.app.ref/9.0.12/ref/net9.0/System.Threading.dll
                 Private = 'false'
             /root/.nuget/packages/microsoft.netcore.app.ref/9.0.12/ref/net9.0/System.Transactions.Local.dll
                 Private = 'false'
             /root/.nuget/packages/microsoft.netcore.app.ref/9.0.12/ref/net9.0/System.Transactions.dll
                 Private = 'false'
             /root/.nuget/packages/microsoft.netcore.app.ref/9.0.12/ref/net9.0/System.ValueTuple.dll
                 Private = 'false'
             /root/.nuget/packages/microsoft.netcore.app.ref/9.0.12/ref/net9.0/System.Web.HttpUtility.dll
                 Private = 'false'
             /root/.nuget/packages/microsoft.netcore.app.ref/9.0.12/ref/net9.0/System.Web.dll
                 Private = 'false'
             /root/.nuget/packages/microsoft.netcore.app.ref/9.0.12/ref/net9.0/System.Windows.dll
                 Private = 'false'
             /root/.nuget/packages/microsoft.netcore.app.ref/9.0.12/ref/net9.0/System.Xml.Linq.dll
                 Private = 'false'
             /root/.nuget/packages/microsoft.netcore.app.ref/9.0.12/ref/net9.0/System.Xml.ReaderWriter.dll
                 Private = 'false'
             /root/.nuget/packages/microsoft.netcore.app.ref/9.0.12/ref/net9.0/System.Xml.Serialization.dll
                 Private = 'false'
             /root/.nuget/packages/microsoft.netcore.app.ref/9.0.12/ref/net9.0/System.Xml.XDocument.dll
                 Private = 'false'
             /root/.nuget/packages/microsoft.netcore.app.ref/9.0.12/ref/net9.0/System.Xml.XPath.XDocument.dll
                 Private = 'false'
             /root/.nuget/packages/microsoft.netcore.app.ref/9.0.12/ref/net9.0/System.Xml.XPath.dll
                 Private = 'false'
             /root/.nuget/packages/microsoft.netcore.app.ref/9.0.12/ref/net9.0/System.Xml.XmlDocument.dll
                 Private = 'false'
             /root/.nuget/packages/microsoft.netcore.app.ref/9.0.12/ref/net9.0/System.Xml.XmlSerializer.dll
                 Private = 'false'
             /root/.nuget/packages/microsoft.netcore.app.ref/9.0.12/ref/net9.0/System.Xml.dll
                 Private = 'false'
             /root/.nuget/packages/microsoft.netcore.app.ref/9.0.12/ref/net9.0/System.dll
                 Private = 'false'
             /root/.nuget/packages/microsoft.netcore.app.ref/9.0.12/ref/net9.0/WindowsBase.dll
                 Private = 'false'
             /root/.nuget/packages/microsoft.netcore.app.ref/9.0.12/ref/net9.0/mscorlib.dll
                 Private = 'false'
             /root/.nuget/packages/microsoft.netcore.app.ref/9.0.12/ref/net9.0/netstandard.dll
                 Private = 'false'
         AssemblyFiles:
         CandidateAssemblyFiles:
         TargetFrameworkDirectories:
             
         NonCultureResourceDirectories:
             
         InstalledAssemblyTables:
         IgnoreInstalledAssemblyTable:
             False
         SearchPaths:
             {CandidateAssemblyFiles}
             {HintPathFromItem}
             {TargetFrameworkDirectory}
             {RawFileName}
         AllowedAssemblyExtensions:
             .winmd
             .dll
             .exe
         AllowedRelatedFileExtensions:
             .pdb
             .xml
             .pri
             .dll.config
             .exe.config
         AppConfigFile:
             
         AutoUnify:
             True
         EnableCustomCulture:
             False
         EnableCustomCulture:
             False
         CopyLocalDependenciesWhenParentReferenceInGac:
             True
         FindDependencies:
             True
         TargetProcessorArchitecture:
             msil
         StateFile:
             obj/Debug/net9.0/AdoCore.csproj.AssemblyReference.cache
         InstalledAssemblySubsetTables:
         IgnoreInstalledAssemblySubsetTable:
             False
         TargetFrameworkSubsets:
         FullTargetFrameworkSubsetNames:
             Full
         ProfileName:
             
         FullFrameworkFolders:
         LatestTargetFrameworkDirectories:
         ProfileTablesLocation:
         Primary reference "Microsoft.Extensions.Configuration, Version=8.0.0.0, Culture=neutral, PublicKeyToken=adb9793829ddae60".
             Resolved file path is "/root/.nuget/packages/microsoft.extensions.configuration/8.0.0/lib/net8.0/Microsoft.Extensions.Configuration.dll".
             Reference found at search path location "{HintPathFromItem}".
             This reference is not "CopyLocal" because at least one source item had "Private" set to "false" and no source items had "Private" set to "true".
             The ImageRuntimeVersion for this reference is "".
         Primary reference "Microsoft.Extensions.Configuration.Abstractions, Version=8.0.0.0, Culture=neutral, PublicKeyToken=adb9793829ddae60".
             Resolved file path is "/root/.nuget/packages/microsoft.extensions.configuration.abstractions/8.0.0/lib/net8.0/Microsoft.Extensions.Configuration.Abstractions.dll".
             Reference found at search path location "{HintPathFromItem}".
             This reference is not "CopyLocal" because at least one source item had "Private" set to "false" and no source items had "Private" set to "true".
             The ImageRuntimeVersion for this reference is "".
         Primary reference "Microsoft.Extensions.Configuration.FileExtensions, Version=8.0.0.0, Culture=neutral, PublicKeyToken=adb9793829ddae60".
             Resolved file path is "/root/.nuget/packages/microsoft.extensions.configuration.fileextensions/8.0.0/lib/net8.0/Microsoft.Extensions.Configuration.FileExtensions.dll".
             Reference found at search path location "{HintPathFromItem}".
             This reference is not "CopyLocal" because at least one source item had "Private" set to "false" and no source items had "Private" set to "true".
             The ImageRuntimeVersion for this reference is "".
         Primary reference "Microsoft.Extensions.Configuration.Json, Version=8.0.0.0, Culture=neutral, PublicKeyToken=adb9793829ddae60".
             Resolved file path is "/root/.nuget/packages/microsoft.extensions.configuration.json/8.0.0/lib/net8.0/Microsoft.Extensions.Configuration.Json.dll".
             Reference found at search path location "{HintPathFromItem}".
             This reference is not "CopyLocal" because at least one source item had "Private" set to "false" and no source items had "Private" set to "true".
             The ImageRuntimeVersion for this reference is "".
         Primary reference "Microsoft.Extensions.DependencyInjection, Version=8.0.0.0, Culture=neutral, PublicKeyToken=adb9793829ddae60".
             Resolved file path is "/root/.nuget/packages/microsoft.extensions.dependencyinjection/8.0.0/lib/net8.0/Microsoft.Extensions.DependencyInjection.dll".
             Reference found at search path location "{HintPathFromItem}".
             This reference is not "CopyLocal" because at least one source item had "Private" set to "false" and no source items had "Private" set to "true".
             The ImageRuntimeVersion for this reference is "".
         Primary reference "Microsoft.Extensions.DependencyInjection.Abstractions, Version=8.0.0.0, Culture=neutral, PublicKeyToken=adb9793829ddae60".
             Resolved file path is "/root/.nuget/packages/microsoft.extensions.dependencyinjection.abstractions/8.0.0/lib/net8.0/Microsoft.Extensions.DependencyInjection.Abstractions.dll".
             Reference found at search path location "{HintPathFromItem}".
             This reference is not "CopyLocal" because at least one source item had "Private" set to "false" and no source items had "Private" set to "true".
             The ImageRuntimeVersion for this reference is "".
         Primary reference "Microsoft.Extensions.FileProviders.Abstractions, Version=8.0.0.0, Culture=neutral, PublicKeyToken=adb9793829ddae60".
             Resolved file path is "/root/.nuget/packages/microsoft.extensions.fileproviders.abstractions/8.0.0/lib/net8.0/Microsoft.Extensions.FileProviders.Abstractions.dll".
             Reference found at search path location "{HintPathFromItem}".
             This reference is not "CopyLocal" because at least one source item had "Private" set to "false" and no source items had "Private" set to "true".
             The ImageRuntimeVersion for this reference is "".
         Primary reference "Microsoft.Extensions.FileProviders.Physical, Version=8.0.0.0, Culture=neutral, PublicKeyToken=adb9793829ddae60".
             Resolved file path is "/root/.nuget/packages/microsoft.extensions.fileproviders.physical/8.0.0/lib/net8.0/Microsoft.Extensions.FileProviders.Physical.dll".
             Reference found at search path location "{HintPathFromItem}".
             This reference is not "CopyLocal" because at least one source item had "Private" set to "false" and no source items had "Private" set to "true".
             The ImageRuntimeVersion for this reference is "".
         Primary reference "Microsoft.Extensions.FileSystemGlobbing, Version=8.0.0.0, Culture=neutral, PublicKeyToken=adb9793829ddae60".
             Resolved file path is "/root/.nuget/packages/microsoft.extensions.filesystemglobbing/8.0.0/lib/net8.0/Microsoft.Extensions.FileSystemGlobbing.dll".
             Reference found at search path location "{HintPathFromItem}".
             This reference is not "CopyLocal" because at least one source item had "Private" set to "false" and no source items had "Private" set to "true".
             The ImageRuntimeVersion for this reference is "".
         Primary reference "Microsoft.Extensions.Logging.Abstractions, Version=8.0.0.0, Culture=neutral, PublicKeyToken=adb9793829ddae60".
             Resolved file path is "/root/.nuget/packages/microsoft.extensions.logging.abstractions/8.0.0/lib/net8.0/Microsoft.Extensions.Logging.Abstractions.dll".
             Reference found at search path location "{HintPathFromItem}".
             This reference is not "CopyLocal" because at least one source item had "Private" set to "false" and no source items had "Private" set to "true".
             The ImageRuntimeVersion for this reference is "".
         Primary reference "Microsoft.Extensions.Primitives, Version=8.0.0.0, Culture=neutral, PublicKeyToken=adb9793829ddae60".
             Resolved file path is "/root/.nuget/packages/microsoft.extensions.primitives/8.0.0/lib/net8.0/Microsoft.Extensions.Primitives.dll".
             Reference found at search path location "{HintPathFromItem}".
             This reference is not "CopyLocal" because at least one source item had "Private" set to "false" and no source items had "Private" set to "true".
             The ImageRuntimeVersion for this reference is "".
         Primary reference "Npgsql, Version=8.0.5.0, Culture=neutral, PublicKeyToken=5d8b90d52f46fda7".
             Resolved file path is "/root/.nuget/packages/npgsql/8.0.5/lib/net8.0/Npgsql.dll".
             Reference found at search path location "{HintPathFromItem}".
             This reference is not "CopyLocal" because at least one source item had "Private" set to "false" and no source items had "Private" set to "true".
             The ImageRuntimeVersion for this reference is "".
         Primary reference "Microsoft.CSharp, Version=9.0.0.0, Culture=neutral, PublicKeyToken=b03f5f7f11d50a3a".
             Resolved file path is "/root/.nuget/packages/microsoft.netcore.app.ref/9.0.12/ref/net9.0/Microsoft.CSharp.dll".
             Reference found at search path location "{RawFileName}".
             This reference is not "CopyLocal" because at least one source item had "Private" set to "false" and no source items had "Private" set to "true".
             The ImageRuntimeVersion for this reference is "".
         Primary reference "Microsoft.VisualBasic.Core, Version=14.0.0.0, Culture=neutral, PublicKeyToken=b03f5f7f11d50a3a".
             Resolved file path is "/root/.nuget/packages/microsoft.netcore.app.ref/9.0.12/ref/net9.0/Microsoft.VisualBasic.Core.dll".
             Reference found at search path location "{RawFileName}".
             This reference is not "CopyLocal" because at least one source item had "Private" set to "false" and no source items had "Private" set to "true".
             The ImageRuntimeVersion for this reference is "".
         Primary reference "Microsoft.VisualBasic, Version=10.0.0.0, Culture=neutral, PublicKeyToken=b03f5f7f11d50a3a".
             Resolved file path is "/root/.nuget/packages/microsoft.netcore.app.ref/9.0.12/ref/net9.0/Microsoft.VisualBasic.dll".
             Reference found at search path location "{RawFileName}".
             This reference is not "CopyLocal" because at least one source item had "Private" set to "false" and no source items had "Private" set to "true".
             The ImageRuntimeVersion for this reference is "".
         Primary reference "Microsoft.Win32.Primitives, Version=9.0.0.0, Culture=neutral, PublicKeyToken=b03f5f7f11d50a3a".
             Resolved file path is "/root/.nuget/packages/microsoft.netcore.app.ref/9.0.12/ref/net9.0/Microsoft.Win32.Primitives.dll".
             Reference found at search path location "{RawFileName}".
             This reference is not "CopyLocal" because at least one source item had "Private" set to "false" and no source items had "Private" set to "true".
             The ImageRuntimeVersion for this reference is "".
         Primary reference "Microsoft.Win32.Registry, Version=9.0.0.0, Culture=neutral, PublicKeyToken=b03f5f7f11d50a3a".
             Resolved file path is "/root/.nuget/packages/microsoft.netcore.app.ref/9.0.12/ref/net9.0/Microsoft.Win32.Registry.dll".
             Reference found at search path location "{RawFileName}".
             This reference is not "CopyLocal" because at least one source item had "Private" set to "false" and no source items had "Private" set to "true".
             The ImageRuntimeVersion for this reference is "".
         Primary reference "System.AppContext, Version=9.0.0.0, Culture=neutral, PublicKeyToken=b03f5f7f11d50a3a".
             Resolved file path is "/root/.nuget/packages/microsoft.netcore.app.ref/9.0.12/ref/net9.0/System.AppContext.dll".
             Reference found at search path location "{RawFileName}".
             This reference is not "CopyLocal" because at least one source item had "Private" set to "false" and no source items had "Private" set to "true".
             The ImageRuntimeVersion for this reference is "".
         Primary reference "System.Buffers, Version=9.0.0.0, Culture=neutral, PublicKeyToken=cc7b13ffcd2ddd51".
             Resolved file path is "/root/.nuget/packages/microsoft.netcore.app.ref/9.0.12/ref/net9.0/System.Buffers.dll".
             Reference found at search path location "{RawFileName}".
             This reference is not "CopyLocal" because at least one source item had "Private" set to "false" and no source items had "Private" set to "true".
             The ImageRuntimeVersion for this reference is "".
         Primary reference "System.Collections.Concurrent, Version=9.0.0.0, Culture=neutral, PublicKeyToken=b03f5f7f11d50a3a".
             Resolved file path is "/root/.nuget/packages/microsoft.netcore.app.ref/9.0.12/ref/net9.0/System.Collections.Concurrent.dll".
             Reference found at search path location "{RawFileName}".
             This reference is not "CopyLocal" because at least one source item had "Private" set to "false" and no source items had "Private" set to "true".
             The ImageRuntimeVersion for this reference is "".
         Primary reference "System.Collections.Immutable, Version=9.0.0.0, Culture=neutral, PublicKeyToken=b03f5f7f11d50a3a".
             Resolved file path is "/root/.nuget/packages/microsoft.netcore.app.ref/9.0.12/ref/net9.0/System.Collections.Immutable.dll".
             Reference found at search path location "{RawFileName}".
             This reference is not "CopyLocal" because at least one source item had "Private" set to "false" and no source items had "Private" set to "true".
             The ImageRuntimeVersion for this reference is "".
         Primary reference "System.Collections.NonGeneric, Version=9.0.0.0, Culture=neutral, PublicKeyToken=b03f5f7f11d50a3a".
             Resolved file path is "/root/.nuget/packages/microsoft.netcore.app.ref/9.0.12/ref/net9.0/System.Collections.NonGeneric.dll".
             Reference found at search path location "{RawFileName}".
             This reference is not "CopyLocal" because at least one source item had "Private" set to "false" and no source items had "Private" set to "true".
             The ImageRuntimeVersion for this reference is "".
         Primary reference "System.Collections.Specialized, Version=9.0.0.0, Culture=neutral, PublicKeyToken=b03f5f7f11d50a3a".
             Resolved file path is "/root/.nuget/packages/microsoft.netcore.app.ref/9.0.12/ref/net9.0/System.Collections.Specialized.dll".
             Reference found at search path location "{RawFileName}".
             This reference is not "CopyLocal" because at least one source item had "Private" set to "false" and no source items had "Private" set to "true".
             The ImageRuntimeVersion for this reference is "".
         Primary reference "System.Collections, Version=9.0.0.0, Culture=neutral, PublicKeyToken=b03f5f7f11d50a3a".
             Resolved file path is "/root/.nuget/packages/microsoft.netcore.app.ref/9.0.12/ref/net9.0/System.Collections.dll".
             Reference found at search path location "{RawFileName}".
             This reference is not "CopyLocal" because at least one source item had "Private" set to "false" and no source items had "Private" set to "true".
             The ImageRuntimeVersion for this reference is "".
         Primary reference "System.ComponentModel.Annotations, Version=9.0.0.0, Culture=neutral, PublicKeyToken=b03f5f7f11d50a3a".
             Resolved file path is "/root/.nuget/packages/microsoft.netcore.app.ref/9.0.12/ref/net9.0/System.ComponentModel.Annotations.dll".
             Reference found at search path location "{RawFileName}".
             This reference is not "CopyLocal" because at least one source item had "Private" set to "false" and no source items had "Private" set to "true".
             The ImageRuntimeVersion for this reference is "".
         Primary reference "System.ComponentModel.DataAnnotations, Version=4.0.0.0, Culture=neutral, PublicKeyToken=31bf3856ad364e35".
             Resolved file path is "/root/.nuget/packages/microsoft.netcore.app.ref/9.0.12/ref/net9.0/System.ComponentModel.DataAnnotations.dll".
             Reference found at search path location "{RawFileName}".
             This reference is not "CopyLocal" because at least one source item had "Private" set to "false" and no source items had "Private" set to "true".
             The ImageRuntimeVersion for this reference is "".
         Primary reference "System.ComponentModel.EventBasedAsync, Version=9.0.0.0, Culture=neutral, PublicKeyToken=b03f5f7f11d50a3a".
             Resolved file path is "/root/.nuget/packages/microsoft.netcore.app.ref/9.0.12/ref/net9.0/System.ComponentModel.EventBasedAsync.dll".
             Reference found at search path location "{RawFileName}".
             This reference is not "CopyLocal" because at least one source item had "Private" set to "false" and no source items had "Private" set to "true".
             The ImageRuntimeVersion for this reference is "".
         Primary reference "System.ComponentModel.Primitives, Version=9.0.0.0, Culture=neutral, PublicKeyToken=b03f5f7f11d50a3a".
             Resolved file path is "/root/.nuget/packages/microsoft.netcore.app.ref/9.0.12/ref/net9.0/System.ComponentModel.Primitives.dll".
             Reference found at search path location "{RawFileName}".
             This reference is not "CopyLocal" because at least one source item had "Private" set to "false" and no source items had "Private" set to "true".
             The ImageRuntimeVersion for this reference is "".
         Primary reference "System.ComponentModel.TypeConverter, Version=9.0.0.0, Culture=neutral, PublicKeyToken=b03f5f7f11d50a3a".
             Resolved file path is "/root/.nuget/packages/microsoft.netcore.app.ref/9.0.12/ref/net9.0/System.ComponentModel.TypeConverter.dll".
             Reference found at search path location "{RawFileName}".
             This reference is not "CopyLocal" because at least one source item had "Private" set to "false" and no source items had "Private" set to "true".
             The ImageRuntimeVersion for this reference is "".
         Primary reference "System.ComponentModel, Version=9.0.0.0, Culture=neutral, PublicKeyToken=b03f5f7f11d50a3a".
             Resolved file path is "/root/.nuget/packages/microsoft.netcore.app.ref/9.0.12/ref/net9.0/System.ComponentModel.dll".
             Reference found at search path location "{RawFileName}".
             This reference is not "CopyLocal" because at least one source item had "Private" set to "false" and no source items had "Private" set to "true".
             The ImageRuntimeVersion for this reference is "".
         Primary reference "System.Configuration, Version=4.0.0.0, Culture=neutral, PublicKeyToken=b03f5f7f11d50a3a".
             Resolved file path is "/root/.nuget/packages/microsoft.netcore.app.ref/9.0.12/ref/net9.0/System.Configuration.dll".
             Reference found at search path location "{RawFileName}".
             This reference is not "CopyLocal" because at least one source item had "Private" set to "false" and no source items had "Private" set to "true".
             The ImageRuntimeVersion for this reference is "".
         Primary reference "System.Console, Version=9.0.0.0, Culture=neutral, PublicKeyToken=b03f5f7f11d50a3a".
             Resolved file path is "/root/.nuget/packages/microsoft.netcore.app.ref/9.0.12/ref/net9.0/System.Console.dll".
             Reference found at search path location "{RawFileName}".
             This reference is not "CopyLocal" because at least one source item had "Private" set to "false" and no source items had "Private" set to "true".
             The ImageRuntimeVersion for this reference is "".
         Primary reference "System.Core, Version=4.0.0.0, Culture=neutral, PublicKeyToken=b77a5c561934e089".
             Resolved file path is "/root/.nuget/packages/microsoft.netcore.app.ref/9.0.12/ref/net9.0/System.Core.dll".
             Reference found at search path location "{RawFileName}".
             This reference is not "CopyLocal" because at least one source item had "Private" set to "false" and no source items had "Private" set to "true".
             The ImageRuntimeVersion for this reference is "".
         Primary reference "System.Data.Common, Version=9.0.0.0, Culture=neutral, PublicKeyToken=b03f5f7f11d50a3a".
             Resolved file path is "/root/.nuget/packages/microsoft.netcore.app.ref/9.0.12/ref/net9.0/System.Data.Common.dll".
             Reference found at search path location "{RawFileName}".
             This reference is not "CopyLocal" because at least one source item had "Private" set to "false" and no source items had "Private" set to "true".
             The ImageRuntimeVersion for this reference is "".
         Primary reference "System.Data.DataSetExtensions, Version=9.0.0.0, Culture=neutral, PublicKeyToken=b77a5c561934e089".
             Resolved file path is "/root/.nuget/packages/microsoft.netcore.app.ref/9.0.12/ref/net9.0/System.Data.DataSetExtensions.dll".
             Reference found at search path location "{RawFileName}".
             This reference is not "CopyLocal" because at least one source item had "Private" set to "false" and no source items had "Private" set to "true".
             The ImageRuntimeVersion for this reference is "".
         Primary reference "System.Data, Version=4.0.0.0, Culture=neutral, PublicKeyToken=b77a5c561934e089".
             Resolved file path is "/root/.nuget/packages/microsoft.netcore.app.ref/9.0.12/ref/net9.0/System.Data.dll".
             Reference found at search path location "{RawFileName}".
             This reference is not "CopyLocal" because at least one source item had "Private" set to "false" and no source items had "Private" set to "true".
             The ImageRuntimeVersion for this reference is "".
         Primary reference "System.Diagnostics.Contracts, Version=9.0.0.0, Culture=neutral, PublicKeyToken=b03f5f7f11d50a3a".
             Resolved file path is "/root/.nuget/packages/microsoft.netcore.app.ref/9.0.12/ref/net9.0/System.Diagnostics.Contracts.dll".
             Reference found at search path location "{RawFileName}".
             This reference is not "CopyLocal" because at least one source item had "Private" set to "false" and no source items had "Private" set to "true".
             The ImageRuntimeVersion for this reference is "".
         Primary reference "System.Diagnostics.Debug, Version=9.0.0.0, Culture=neutral, PublicKeyToken=b03f5f7f11d50a3a".
             Resolved file path is "/root/.nuget/packages/microsoft.netcore.app.ref/9.0.12/ref/net9.0/System.Diagnostics.Debug.dll".
             Reference found at search path location "{RawFileName}".
             This reference is not "CopyLocal" because at least one source item had "Private" set to "false" and no source items had "Private" set to "true".
             The ImageRuntimeVersion for this reference is "".
         Primary reference "System.Diagnostics.DiagnosticSource, Version=9.0.0.0, Culture=neutral, PublicKeyToken=cc7b13ffcd2ddd51".
             Resolved file path is "/root/.nuget/packages/microsoft.netcore.app.ref/9.0.12/ref/net9.0/System.Diagnostics.DiagnosticSource.dll".
             Reference found at search path location "{RawFileName}".
             This reference is not "CopyLocal" because at least one source item had "Private" set to "false" and no source items had "Private" set to "true".
             The ImageRuntimeVersion for this reference is "".
         Primary reference "System.Diagnostics.FileVersionInfo, Version=9.0.0.0, Culture=neutral, PublicKeyToken=b03f5f7f11d50a3a".
             Resolved file path is "/root/.nuget/packages/microsoft.netcore.app.ref/9.0.12/ref/net9.0/System.Diagnostics.FileVersionInfo.dll".
             Reference found at search path location "{RawFileName}".
             This reference is not "CopyLocal" because at least one source item had "Private" set to "false" and no source items had "Private" set to "true".
             The ImageRuntimeVersion for this reference is "".
         Primary reference "System.Diagnostics.Process, Version=9.0.0.0, Culture=neutral, PublicKeyToken=b03f5f7f11d50a3a".
             Resolved file path is "/root/.nuget/packages/microsoft.netcore.app.ref/9.0.12/ref/net9.0/System.Diagnostics.Process.dll".
             Reference found at search path location "{RawFileName}".
             This reference is not "CopyLocal" because at least one source item had "Private" set to "false" and no source items had "Private" set to "true".
             The ImageRuntimeVersion for this reference is "".
         Primary reference "System.Diagnostics.StackTrace, Version=9.0.0.0, Culture=neutral, PublicKeyToken=b03f5f7f11d50a3a".
             Resolved file path is "/root/.nuget/packages/microsoft.netcore.app.ref/9.0.12/ref/net9.0/System.Diagnostics.StackTrace.dll".
             Reference found at search path location "{RawFileName}".
             This reference is not "CopyLocal" because at least one source item had "Private" set to "false" and no source items had "Private" set to "true".
             The ImageRuntimeVersion for this reference is "".
         Primary reference "System.Diagnostics.TextWriterTraceListener, Version=9.0.0.0, Culture=neutral, PublicKeyToken=b03f5f7f11d50a3a".
             Resolved file path is "/root/.nuget/packages/microsoft.netcore.app.ref/9.0.12/ref/net9.0/System.Diagnostics.TextWriterTraceListener.dll".
             Reference found at search path location "{RawFileName}".
             This reference is not "CopyLocal" because at least one source item had "Private" set to "false" and no source items had "Private" set to "true".
             The ImageRuntimeVersion for this reference is "".
         Primary reference "System.Diagnostics.Tools, Version=9.0.0.0, Culture=neutral, PublicKeyToken=b03f5f7f11d50a3a".
             Resolved file path is "/root/.nuget/packages/microsoft.netcore.app.ref/9.0.12/ref/net9.0/System.Diagnostics.Tools.dll".
             Reference found at search path location "{RawFileName}".
             This reference is not "CopyLocal" because at least one source item had "Private" set to "false" and no source items had "Private" set to "true".
             The ImageRuntimeVersion for this reference is "".
         Primary reference "System.Diagnostics.TraceSource, Version=9.0.0.0, Culture=neutral, PublicKeyToken=b03f5f7f11d50a3a".
             Resolved file path is "/root/.nuget/packages/microsoft.netcore.app.ref/9.0.12/ref/net9.0/System.Diagnostics.TraceSource.dll".
             Reference found at search path location "{RawFileName}".
             This reference is not "CopyLocal" because at least one source item had "Private" set to "false" and no source items had "Private" set to "true".
             The ImageRuntimeVersion for this reference is "".
         Primary reference "System.Diagnostics.Tracing, Version=9.0.0.0, Culture=neutral, PublicKeyToken=b03f5f7f11d50a3a".
             Resolved file path is "/root/.nuget/packages/microsoft.netcore.app.ref/9.0.12/ref/net9.0/System.Diagnostics.Tracing.dll".
             Reference found at search path location "{RawFileName}".
             This reference is not "CopyLocal" because at least one source item had "Private" set to "false" and no source items had "Private" set to "true".
             The ImageRuntimeVersion for this reference is "".
         Primary reference "System.Drawing.Primitives, Version=9.0.0.0, Culture=neutral, PublicKeyToken=b03f5f7f11d50a3a".
             Resolved file path is "/root/.nuget/packages/microsoft.netcore.app.ref/9.0.12/ref/net9.0/System.Drawing.Primitives.dll".
             Reference found at search path location "{RawFileName}".
             This reference is not "CopyLocal" because at least one source item had "Private" set to "false" and no source items had "Private" set to "true".
             The ImageRuntimeVersion for this reference is "".
         Primary reference "System.Drawing, Version=4.0.0.0, Culture=neutral, PublicKeyToken=b03f5f7f11d50a3a".
             Resolved file path is "/root/.nuget/packages/microsoft.netcore.app.ref/9.0.12/ref/net9.0/System.Drawing.dll".
             Reference found at search path location "{RawFileName}".
             This reference is not "CopyLocal" because at least one source item had "Private" set to "false" and no source items had "Private" set to "true".
             The ImageRuntimeVersion for this reference is "".
         Primary reference "System.Dynamic.Runtime, Version=9.0.0.0, Culture=neutral, PublicKeyToken=b03f5f7f11d50a3a".
             Resolved file path is "/root/.nuget/packages/microsoft.netcore.app.ref/9.0.12/ref/net9.0/System.Dynamic.Runtime.dll".
             Reference found at search path location "{RawFileName}".
             This reference is not "CopyLocal" because at least one source item had "Private" set to "false" and no source items had "Private" set to "true".
             The ImageRuntimeVersion for this reference is "".
         Primary reference "System.Formats.Asn1, Version=9.0.0.0, Culture=neutral, PublicKeyToken=cc7b13ffcd2ddd51".
             Resolved file path is "/root/.nuget/packages/microsoft.netcore.app.ref/9.0.12/ref/net9.0/System.Formats.Asn1.dll".
             Reference found at search path location "{RawFileName}".
             This reference is not "CopyLocal" because at least one source item had "Private" set to "false" and no source items had "Private" set to "true".
             The ImageRuntimeVersion for this reference is "".
         Primary reference "System.Formats.Tar, Version=9.0.0.0, Culture=neutral, PublicKeyToken=cc7b13ffcd2ddd51".
             Resolved file path is "/root/.nuget/packages/microsoft.netcore.app.ref/9.0.12/ref/net9.0/System.Formats.Tar.dll".
             Reference found at search path location "{RawFileName}".
             This reference is not "CopyLocal" because at least one source item had "Private" set to "false" and no source items had "Private" set to "true".
             The ImageRuntimeVersion for this reference is "".
         Primary reference "System.Globalization.Calendars, Version=9.0.0.0, Culture=neutral, PublicKeyToken=b03f5f7f11d50a3a".
             Resolved file path is "/root/.nuget/packages/microsoft.netcore.app.ref/9.0.12/ref/net9.0/System.Globalization.Calendars.dll".
             Reference found at search path location "{RawFileName}".
             This reference is not "CopyLocal" because at least one source item had "Private" set to "false" and no source items had "Private" set to "true".
             The ImageRuntimeVersion for this reference is "".
         Primary reference "System.Globalization.Extensions, Version=9.0.0.0, Culture=neutral, PublicKeyToken=b03f5f7f11d50a3a".
             Resolved file path is "/root/.nuget/packages/microsoft.netcore.app.ref/9.0.12/ref/net9.0/System.Globalization.Extensions.dll".
             Reference found at search path location "{RawFileName}".
             This reference is not "CopyLocal" because at least one source item had "Private" set to "false" and no source items had "Private" set to "true".
             The ImageRuntimeVersion for this reference is "".
         Primary reference "System.Globalization, Version=9.0.0.0, Culture=neutral, PublicKeyToken=b03f5f7f11d50a3a".
             Resolved file path is "/root/.nuget/packages/microsoft.netcore.app.ref/9.0.12/ref/net9.0/System.Globalization.dll".
             Reference found at search path location "{RawFileName}".
             This reference is not "CopyLocal" because at least one source item had "Private" set to "false" and no source items had "Private" set to "true".
             The ImageRuntimeVersion for this reference is "".
         Primary reference "System.IO.Compression.Brotli, Version=9.0.0.0, Culture=neutral, PublicKeyToken=b77a5c561934e089".
             Resolved file path is "/root/.nuget/packages/microsoft.netcore.app.ref/9.0.12/ref/net9.0/System.IO.Compression.Brotli.dll".
             Reference found at search path location "{RawFileName}".
             This reference is not "CopyLocal" because at least one source item had "Private" set to "false" and no source items had "Private" set to "true".
             The ImageRuntimeVersion for this reference is "".
         Primary reference "System.IO.Compression.FileSystem, Version=4.0.0.0, Culture=neutral, PublicKeyToken=b77a5c561934e089".
             Resolved file path is "/root/.nuget/packages/microsoft.netcore.app.ref/9.0.12/ref/net9.0/System.IO.Compression.FileSystem.dll".
             Reference found at search path location "{RawFileName}".
             This reference is not "CopyLocal" because at least one source item had "Private" set to "false" and no source items had "Private" set to "true".
             The ImageRuntimeVersion for this reference is "".
         Primary reference "System.IO.Compression.ZipFile, Version=9.0.0.0, Culture=neutral, PublicKeyToken=b77a5c561934e089".
             Resolved file path is "/root/.nuget/packages/microsoft.netcore.app.ref/9.0.12/ref/net9.0/System.IO.Compression.ZipFile.dll".
             Reference found at search path location "{RawFileName}".
             This reference is not "CopyLocal" because at least one source item had "Private" set to "false" and no source items had "Private" set to "true".
             The ImageRuntimeVersion for this reference is "".
         Primary reference "System.IO.Compression, Version=9.0.0.0, Culture=neutral, PublicKeyToken=b77a5c561934e089".
             Resolved file path is "/root/.nuget/packages/microsoft.netcore.app.ref/9.0.12/ref/net9.0/System.IO.Compression.dll".
             Reference found at search path location "{RawFileName}".
             This reference is not "CopyLocal" because at least one source item had "Private" set to "false" and no source items had "Private" set to "true".
             The ImageRuntimeVersion for this reference is "".
         Primary reference "System.IO.FileSystem.AccessControl, Version=9.0.0.0, Culture=neutral, PublicKeyToken=b03f5f7f11d50a3a".
             Resolved file path is "/root/.nuget/packages/microsoft.netcore.app.ref/9.0.12/ref/net9.0/System.IO.FileSystem.AccessControl.dll".
             Reference found at search path location "{RawFileName}".
             This reference is not "CopyLocal" because at least one source item had "Private" set to "false" and no source items had "Private" set to "true".
             The ImageRuntimeVersion for this reference is "".
         Primary reference "System.IO.FileSystem.DriveInfo, Version=9.0.0.0, Culture=neutral, PublicKeyToken=b03f5f7f11d50a3a".
             Resolved file path is "/root/.nuget/packages/microsoft.netcore.app.ref/9.0.12/ref/net9.0/System.IO.FileSystem.DriveInfo.dll".
             Reference found at search path location "{RawFileName}".
             This reference is not "CopyLocal" because at least one source item had "Private" set to "false" and no source items had "Private" set to "true".
             The ImageRuntimeVersion for this reference is "".
         Primary reference "System.IO.FileSystem.Primitives, Version=9.0.0.0, Culture=neutral, PublicKeyToken=b03f5f7f11d50a3a".
             Resolved file path is "/root/.nuget/packages/microsoft.netcore.app.ref/9.0.12/ref/net9.0/System.IO.FileSystem.Primitives.dll".
             Reference found at search path location "{RawFileName}".
             This reference is not "CopyLocal" because at least one source item had "Private" set to "false" and no source items had "Private" set to "true".
             The ImageRuntimeVersion for this reference is "".
         Primary reference "System.IO.FileSystem.Watcher, Version=9.0.0.0, Culture=neutral, PublicKeyToken=b03f5f7f11d50a3a".
             Resolved file path is "/root/.nuget/packages/microsoft.netcore.app.ref/9.0.12/ref/net9.0/System.IO.FileSystem.Watcher.dll".
             Reference found at search path location "{RawFileName}".
             This reference is not "CopyLocal" because at least one source item had "Private" set to "false" and no source items had "Private" set to "true".
             The ImageRuntimeVersion for this reference is "".
         Primary reference "System.IO.FileSystem, Version=9.0.0.0, Culture=neutral, PublicKeyToken=b03f5f7f11d50a3a".
             Resolved file path is "/root/.nuget/packages/microsoft.netcore.app.ref/9.0.12/ref/net9.0/System.IO.FileSystem.dll".
             Reference found at search path location "{RawFileName}".
             This reference is not "CopyLocal" because at least one source item had "Private" set to "false" and no source items had "Private" set to "true".
             The ImageRuntimeVersion for this reference is "".
         Primary reference "System.IO.IsolatedStorage, Version=9.0.0.0, Culture=neutral, PublicKeyToken=b03f5f7f11d50a3a".
             Resolved file path is "/root/.nuget/packages/microsoft.netcore.app.ref/9.0.12/ref/net9.0/System.IO.IsolatedStorage.dll".
             Reference found at search path location "{RawFileName}".
             This reference is not "CopyLocal" because at least one source item had "Private" set to "false" and no source items had "Private" set to "true".
             The ImageRuntimeVersion for this reference is "".
         Primary reference "System.IO.MemoryMappedFiles, Version=9.0.0.0, Culture=neutral, PublicKeyToken=b03f5f7f11d50a3a".
             Resolved file path is "/root/.nuget/packages/microsoft.netcore.app.ref/9.0.12/ref/net9.0/System.IO.MemoryMappedFiles.dll".
             Reference found at search path location "{RawFileName}".
             This reference is not "CopyLocal" because at least one source item had "Private" set to "false" and no source items had "Private" set to "true".
             The ImageRuntimeVersion for this reference is "".
         Primary reference "System.IO.Pipelines, Version=9.0.0.0, Culture=neutral, PublicKeyToken=cc7b13ffcd2ddd51".
             Resolved file path is "/root/.nuget/packages/microsoft.netcore.app.ref/9.0.12/ref/net9.0/System.IO.Pipelines.dll".
             Reference found at search path location "{RawFileName}".
             This reference is not "CopyLocal" because at least one source item had "Private" set to "false" and no source items had "Private" set to "true".
             The ImageRuntimeVersion for this reference is "".
         Primary reference "System.IO.Pipes.AccessControl, Version=9.0.0.0, Culture=neutral, PublicKeyToken=b03f5f7f11d50a3a".
             Resolved file path is "/root/.nuget/packages/microsoft.netcore.app.ref/9.0.12/ref/net9.0/System.IO.Pipes.AccessControl.dll".
             Reference found at search path location "{RawFileName}".
             This reference is not "CopyLocal" because at least one source item had "Private" set to "false" and no source items had "Private" set to "true".
             The ImageRuntimeVersion for this reference is "".
         Primary reference "System.IO.Pipes, Version=9.0.0.0, Culture=neutral, PublicKeyToken=b03f5f7f11d50a3a".
             Resolved file path is "/root/.nuget/packages/microsoft.netcore.app.ref/9.0.12/ref/net9.0/System.IO.Pipes.dll".
             Reference found at search path location "{RawFileName}".
             This reference is not "CopyLocal" because at least one source item had "Private" set to "false" and no source items had "Private" set to "true".
             The ImageRuntimeVersion for this reference is "".
         Primary reference "System.IO.UnmanagedMemoryStream, Version=9.0.0.0, Culture=neutral, PublicKeyToken=b03f5f7f11d50a3a".
             Resolved file path is "/root/.nuget/packages/microsoft.netcore.app.ref/9.0.12/ref/net9.0/System.IO.UnmanagedMemoryStream.dll".
             Reference found at search path location "{RawFileName}".
             This reference is not "CopyLocal" because at least one source item had "Private" set to "false" and no source items had "Private" set to "true".
             The ImageRuntimeVersion for this reference is "".
         Primary reference "System.IO, Version=9.0.0.0, Culture=neutral, PublicKeyToken=b03f5f7f11d50a3a".
             Resolved file path is "/root/.nuget/packages/microsoft.netcore.app.ref/9.0.12/ref/net9.0/System.IO.dll".
             Reference found at search path location "{RawFileName}".
             This reference is not "CopyLocal" because at least one source item had "Private" set to "false" and no source items had "Private" set to "true".
             The ImageRuntimeVersion for this reference is "".
         Primary reference "System.Linq.Expressions, Version=9.0.0.0, Culture=neutral, PublicKeyToken=b03f5f7f11d50a3a".
             Resolved file path is "/root/.nuget/packages/microsoft.netcore.app.ref/9.0.12/ref/net9.0/System.Linq.Expressions.dll".
             Reference found at search path location "{RawFileName}".
             This reference is not "CopyLocal" because at least one source item had "Private" set to "false" and no source items had "Private" set to "true".
             The ImageRuntimeVersion for this reference is "".
         Primary reference "System.Linq.Parallel, Version=9.0.0.0, Culture=neutral, PublicKeyToken=b03f5f7f11d50a3a".
             Resolved file path is "/root/.nuget/packages/microsoft.netcore.app.ref/9.0.12/ref/net9.0/System.Linq.Parallel.dll".
             Reference found at search path location "{RawFileName}".
             This reference is not "CopyLocal" because at least one source item had "Private" set to "false" and no source items had "Private" set to "true".
             The ImageRuntimeVersion for this reference is "".
         Primary reference "System.Linq.Queryable, Version=9.0.0.0, Culture=neutral, PublicKeyToken=b03f5f7f11d50a3a".
             Resolved file path is "/root/.nuget/packages/microsoft.netcore.app.ref/9.0.12/ref/net9.0/System.Linq.Queryable.dll".
             Reference found at search path location "{RawFileName}".
             This reference is not "CopyLocal" because at least one source item had "Private" set to "false" and no source items had "Private" set to "true".
             The ImageRuntimeVersion for this reference is "".
         Primary reference "System.Linq, Version=9.0.0.0, Culture=neutral, PublicKeyToken=b03f5f7f11d50a3a".
             Resolved file path is "/root/.nuget/packages/microsoft.netcore.app.ref/9.0.12/ref/net9.0/System.Linq.dll".
             Reference found at search path location "{RawFileName}".
             This reference is not "CopyLocal" because at least one source item had "Private" set to "false" and no source items had "Private" set to "true".
             The ImageRuntimeVersion for this reference is "".
         Primary reference "System.Memory, Version=9.0.0.0, Culture=neutral, PublicKeyToken=cc7b13ffcd2ddd51".
             Resolved file path is "/root/.nuget/packages/microsoft.netcore.app.ref/9.0.12/ref/net9.0/System.Memory.dll".
             Reference found at search path location "{RawFileName}".
             This reference is not "CopyLocal" because at least one source item had "Private" set to "false" and no source items had "Private" set to "true".
             The ImageRuntimeVersion for this reference is "".
         Primary reference "System.Net.Http.Json, Version=9.0.0.0, Culture=neutral, PublicKeyToken=cc7b13ffcd2ddd51".
             Resolved file path is "/root/.nuget/packages/microsoft.netcore.app.ref/9.0.12/ref/net9.0/System.Net.Http.Json.dll".
             Reference found at search path location "{RawFileName}".
             This reference is not "CopyLocal" because at least one source item had "Private" set to "false" and no source items had "Private" set to "true".
             The ImageRuntimeVersion for this reference is "".
         Primary reference "System.Net.Http, Version=9.0.0.0, Culture=neutral, PublicKeyToken=b03f5f7f11d50a3a".
             Resolved file path is "/root/.nuget/packages/microsoft.netcore.app.ref/9.0.12/ref/net9.0/System.Net.Http.dll".
             Reference found at search path location "{RawFileName}".
             This reference is not "CopyLocal" because at least one source item had "Private" set to "false" and no source items had "Private" set to "true".
             The ImageRuntimeVersion for this reference is "".
         Primary reference "System.Net.HttpListener, Version=9.0.0.0, Culture=neutral, PublicKeyToken=cc7b13ffcd2ddd51".
             Resolved file path is "/root/.nuget/packages/microsoft.netcore.app.ref/9.0.12/ref/net9.0/System.Net.HttpListener.dll".
             Reference found at search path location "{RawFileName}".
             This reference is not "CopyLocal" because at least one source item had "Private" set to "false" and no source items had "Private" set to "true".
             The ImageRuntimeVersion for this reference is "".
         Primary reference "System.Net.Mail, Version=9.0.0.0, Culture=neutral, PublicKeyToken=cc7b13ffcd2ddd51".
             Resolved file path is "/root/.nuget/packages/microsoft.netcore.app.ref/9.0.12/ref/net9.0/System.Net.Mail.dll".
             Reference found at search path location "{RawFileName}".
             This reference is not "CopyLocal" because at least one source item had "Private" set to "false" and no source items had "Private" set to "true".
             The ImageRuntimeVersion for this reference is "".
         Primary reference "System.Net.NameResolution, Version=9.0.0.0, Culture=neutral, PublicKeyToken=b03f5f7f11d50a3a".
             Resolved file path is "/root/.nuget/packages/microsoft.netcore.app.ref/9.0.12/ref/net9.0/System.Net.NameResolution.dll".
             Reference found at search path location "{RawFileName}".
             This reference is not "CopyLocal" because at least one source item had "Private" set to "false" and no source items had "Private" set to "true".
             The ImageRuntimeVersion for this reference is "".
         Primary reference "System.Net.NetworkInformation, Version=9.0.0.0, Culture=neutral, PublicKeyToken=b03f5f7f11d50a3a".
             Resolved file path is "/root/.nuget/packages/microsoft.netcore.app.ref/9.0.12/ref/net9.0/System.Net.NetworkInformation.dll".
             Reference found at search path location "{RawFileName}".
             This reference is not "CopyLocal" because at least one source item had "Private" set to "false" and no source items had "Private" set to "true".
             The ImageRuntimeVersion for this reference is "".
         Primary reference "System.Net.Ping, Version=9.0.0.0, Culture=neutral, PublicKeyToken=b03f5f7f11d50a3a".
             Resolved file path is "/root/.nuget/packages/microsoft.netcore.app.ref/9.0.12/ref/net9.0/System.Net.Ping.dll".
             Reference found at search path location "{RawFileName}".
             This reference is not "CopyLocal" because at least one source item had "Private" set to "false" and no source items had "Private" set to "true".
             The ImageRuntimeVersion for this reference is "".
         Primary reference "System.Net.Primitives, Version=9.0.0.0, Culture=neutral, PublicKeyToken=b03f5f7f11d50a3a".
             Resolved file path is "/root/.nuget/packages/microsoft.netcore.app.ref/9.0.12/ref/net9.0/System.Net.Primitives.dll".
             Reference found at search path location "{RawFileName}".
             This reference is not "CopyLocal" because at least one source item had "Private" set to "false" and no source items had "Private" set to "true".
             The ImageRuntimeVersion for this reference is "".
         Primary reference "System.Net.Quic, Version=9.0.0.0, Culture=neutral, PublicKeyToken=b03f5f7f11d50a3a".
             Resolved file path is "/root/.nuget/packages/microsoft.netcore.app.ref/9.0.12/ref/net9.0/System.Net.Quic.dll".
             Reference found at search path location "{RawFileName}".
             This reference is not "CopyLocal" because at least one source item had "Private" set to "false" and no source items had "Private" set to "true".
             The ImageRuntimeVersion for this reference is "".
         Primary reference "System.Net.Requests, Version=9.0.0.0, Culture=neutral, PublicKeyToken=b03f5f7f11d50a3a".
             Resolved file path is "/root/.nuget/packages/microsoft.netcore.app.ref/9.0.12/ref/net9.0/System.Net.Requests.dll".
             Reference found at search path location "{RawFileName}".
             This reference is not "CopyLocal" because at least one source item had "Private" set to "false" and no source items had "Private" set to "true".
             The ImageRuntimeVersion for this reference is "".
         Primary reference "System.Net.Security, Version=9.0.0.0, Culture=neutral, PublicKeyToken=b03f5f7f11d50a3a".
             Resolved file path is "/root/.nuget/packages/microsoft.netcore.app.ref/9.0.12/ref/net9.0/System.Net.Security.dll".
             Reference found at search path location "{RawFileName}".
             This reference is not "CopyLocal" because at least one source item had "Private" set to "false" and no source items had "Private" set to "true".
             The ImageRuntimeVersion for this reference is "".
         Primary reference "System.Net.ServicePoint, Version=9.0.0.0, Culture=neutral, PublicKeyToken=cc7b13ffcd2ddd51".
             Resolved file path is "/root/.nuget/packages/microsoft.netcore.app.ref/9.0.12/ref/net9.0/System.Net.ServicePoint.dll".
             Reference found at search path location "{RawFileName}".
             This reference is not "CopyLocal" because at least one source item had "Private" set to "false" and no source items had "Private" set to "true".
             The ImageRuntimeVersion for this reference is "".
         Primary reference "System.Net.Sockets, Version=9.0.0.0, Culture=neutral, PublicKeyToken=b03f5f7f11d50a3a".
             Resolved file path is "/root/.nuget/packages/microsoft.netcore.app.ref/9.0.12/ref/net9.0/System.Net.Sockets.dll".
             Reference found at search path location "{RawFileName}".
             This reference is not "CopyLocal" because at least one source item had "Private" set to "false" and no source items had "Private" set to "true".
             The ImageRuntimeVersion for this reference is "".
         Primary reference "System.Net.WebClient, Version=9.0.0.0, Culture=neutral, PublicKeyToken=cc7b13ffcd2ddd51".
             Resolved file path is "/root/.nuget/packages/microsoft.netcore.app.ref/9.0.12/ref/net9.0/System.Net.WebClient.dll".
             Reference found at search path location "{RawFileName}".
             This reference is not "CopyLocal" because at least one source item had "Private" set to "false" and no source items had "Private" set to "true".
             The ImageRuntimeVersion for this reference is "".
         Primary reference "System.Net.WebHeaderCollection, Version=9.0.0.0, Culture=neutral, PublicKeyToken=b03f5f7f11d50a3a".
             Resolved file path is "/root/.nuget/packages/microsoft.netcore.app.ref/9.0.12/ref/net9.0/System.Net.WebHeaderCollection.dll".
             Reference found at search path location "{RawFileName}".
             This reference is not "CopyLocal" because at least one source item had "Private" set to "false" and no source items had "Private" set to "true".
             The ImageRuntimeVersion for this reference is "".
         Primary reference "System.Net.WebProxy, Version=9.0.0.0, Culture=neutral, PublicKeyToken=cc7b13ffcd2ddd51".
             Resolved file path is "/root/.nuget/packages/microsoft.netcore.app.ref/9.0.12/ref/net9.0/System.Net.WebProxy.dll".
             Reference found at search path location "{RawFileName}".
             This reference is not "CopyLocal" because at least one source item had "Private" set to "false" and no source items had "Private" set to "true".
             The ImageRuntimeVersion for this reference is "".
         Primary reference "System.Net.WebSockets.Client, Version=9.0.0.0, Culture=neutral, PublicKeyToken=b03f5f7f11d50a3a".
             Resolved file path is "/root/.nuget/packages/microsoft.netcore.app.ref/9.0.12/ref/net9.0/System.Net.WebSockets.Client.dll".
             Reference found at search path location "{RawFileName}".
             This reference is not "CopyLocal" because at least one source item had "Private" set to "false" and no source items had "Private" set to "true".
             The ImageRuntimeVersion for this reference is "".
         Primary reference "System.Net.WebSockets, Version=9.0.0.0, Culture=neutral, PublicKeyToken=b03f5f7f11d50a3a".
             Resolved file path is "/root/.nuget/packages/microsoft.netcore.app.ref/9.0.12/ref/net9.0/System.Net.WebSockets.dll".
             Reference found at search path location "{RawFileName}".
             This reference is not "CopyLocal" because at least one source item had "Private" set to "false" and no source items had "Private" set to "true".
             The ImageRuntimeVersion for this reference is "".
         Primary reference "System.Net, Version=4.0.0.0, Culture=neutral, PublicKeyToken=b03f5f7f11d50a3a".
             Resolved file path is "/root/.nuget/packages/microsoft.netcore.app.ref/9.0.12/ref/net9.0/System.Net.dll".
             Reference found at search path location "{RawFileName}".
             This reference is not "CopyLocal" because at least one source item had "Private" set to "false" and no source items had "Private" set to "true".
             The ImageRuntimeVersion for this reference is "".
         Primary reference "System.Numerics.Vectors, Version=9.0.0.0, Culture=neutral, PublicKeyToken=b03f5f7f11d50a3a".
             Resolved file path is "/root/.nuget/packages/microsoft.netcore.app.ref/9.0.12/ref/net9.0/System.Numerics.Vectors.dll".
             Reference found at search path location "{RawFileName}".
             This reference is not "CopyLocal" because at least one source item had "Private" set to "false" and no source items had "Private" set to "true".
             The ImageRuntimeVersion for this reference is "".
         Primary reference "System.Numerics, Version=4.0.0.0, Culture=neutral, PublicKeyToken=b77a5c561934e089".
             Resolved file path is "/root/.nuget/packages/microsoft.netcore.app.ref/9.0.12/ref/net9.0/System.Numerics.dll".
             Reference found at search path location "{RawFileName}".
             This reference is not "CopyLocal" because at least one source item had "Private" set to "false" and no source items had "Private" set to "true".
             The ImageRuntimeVersion for this reference is "".
         Primary reference "System.ObjectModel, Version=9.0.0.0, Culture=neutral, PublicKeyToken=b03f5f7f11d50a3a".
             Resolved file path is "/root/.nuget/packages/microsoft.netcore.app.ref/9.0.12/ref/net9.0/System.ObjectModel.dll".
             Reference found at search path location "{RawFileName}".
             This reference is not "CopyLocal" because at least one source item had "Private" set to "false" and no source items had "Private" set to "true".
             The ImageRuntimeVersion for this reference is "".
         Primary reference "System.Reflection.DispatchProxy, Version=9.0.0.0, Culture=neutral, PublicKeyToken=b03f5f7f11d50a3a".
             Resolved file path is "/root/.nuget/packages/microsoft.netcore.app.ref/9.0.12/ref/net9.0/System.Reflection.DispatchProxy.dll".
             Reference found at search path location "{RawFileName}".
             This reference is not "CopyLocal" because at least one source item had "Private" set to "false" and no source items had "Private" set to "true".
             The ImageRuntimeVersion for this reference is "".
         Primary reference "System.Reflection.Emit.ILGeneration, Version=9.0.0.0, Culture=neutral, PublicKeyToken=b03f5f7f11d50a3a".
             Resolved file path is "/root/.nuget/packages/microsoft.netcore.app.ref/9.0.12/ref/net9.0/System.Reflection.Emit.ILGeneration.dll".
             Reference found at search path location "{RawFileName}".
             This reference is not "CopyLocal" because at least one source item had "Private" set to "false" and no source items had "Private" set to "true".
             The ImageRuntimeVersion for this reference is "".
         Primary reference "System.Reflection.Emit.Lightweight, Version=9.0.0.0, Culture=neutral, PublicKeyToken=b03f5f7f11d50a3a".
             Resolved file path is "/root/.nuget/packages/microsoft.netcore.app.ref/9.0.12/ref/net9.0/System.Reflection.Emit.Lightweight.dll".
             Reference found at search path location "{RawFileName}".
             This reference is not "CopyLocal" because at least one source item had "Private" set to "false" and no source items had "Private" set to "true".
             The ImageRuntimeVersion for this reference is "".
         Primary reference "System.Reflection.Emit, Version=9.0.0.0, Culture=neutral, PublicKeyToken=b03f5f7f11d50a3a".
             Resolved file path is "/root/.nuget/packages/microsoft.netcore.app.ref/9.0.12/ref/net9.0/System.Reflection.Emit.dll".
             Reference found at search path location "{RawFileName}".
             This reference is not "CopyLocal" because at least one source item had "Private" set to "false" and no source items had "Private" set to "true".
             The ImageRuntimeVersion for this reference is "".
         Primary reference "System.Reflection.Extensions, Version=9.0.0.0, Culture=neutral, PublicKeyToken=b03f5f7f11d50a3a".
             Resolved file path is "/root/.nuget/packages/microsoft.netcore.app.ref/9.0.12/ref/net9.0/System.Reflection.Extensions.dll".
             Reference found at search path location "{RawFileName}".
             This reference is not "CopyLocal" because at least one source item had "Private" set to "false" and no source items had "Private" set to "true".
             The ImageRuntimeVersion for this reference is "".
         Primary reference "System.Reflection.Metadata, Version=9.0.0.0, Culture=neutral, PublicKeyToken=b03f5f7f11d50a3a".
             Resolved file path is "/root/.nuget/packages/microsoft.netcore.app.ref/9.0.12/ref/net9.0/System.Reflection.Metadata.dll".
             Reference found at search path location "{RawFileName}".
             This reference is not "CopyLocal" because at least one source item had "Private" set to "false" and no source items had "Private" set to "true".
             The ImageRuntimeVersion for this reference is "".
         Primary reference "System.Reflection.Primitives, Version=9.0.0.0, Culture=neutral, PublicKeyToken=b03f5f7f11d50a3a".
             Resolved file path is "/root/.nuget/packages/microsoft.netcore.app.ref/9.0.12/ref/net9.0/System.Reflection.Primitives.dll".
             Reference found at search path location "{RawFileName}".
             This reference is not "CopyLocal" because at least one source item had "Private" set to "false" and no source items had "Private" set to "true".
             The ImageRuntimeVersion for this reference is "".
         Primary reference "System.Reflection.TypeExtensions, Version=9.0.0.0, Culture=neutral, PublicKeyToken=b03f5f7f11d50a3a".
             Resolved file path is "/root/.nuget/packages/microsoft.netcore.app.ref/9.0.12/ref/net9.0/System.Reflection.TypeExtensions.dll".
             Reference found at search path location "{RawFileName}".
             This reference is not "CopyLocal" because at least one source item had "Private" set to "false" and no source items had "Private" set to "true".
             The ImageRuntimeVersion for this reference is "".
         Primary reference "System.Reflection, Version=9.0.0.0, Culture=neutral, PublicKeyToken=b03f5f7f11d50a3a".
             Resolved file path is "/root/.nuget/packages/microsoft.netcore.app.ref/9.0.12/ref/net9.0/System.Reflection.dll".
             Reference found at search path location "{RawFileName}".
             This reference is not "CopyLocal" because at least one source item had "Private" set to "false" and no source items had "Private" set to "true".
             The ImageRuntimeVersion for this reference is "".
         Primary reference "System.Resources.Reader, Version=9.0.0.0, Culture=neutral, PublicKeyToken=b03f5f7f11d50a3a".
             Resolved file path is "/root/.nuget/packages/microsoft.netcore.app.ref/9.0.12/ref/net9.0/System.Resources.Reader.dll".
             Reference found at search path location "{RawFileName}".
             This reference is not "CopyLocal" because at least one source item had "Private" set to "false" and no source items had "Private" set to "true".
             The ImageRuntimeVersion for this reference is "".
         Primary reference "System.Resources.ResourceManager, Version=9.0.0.0, Culture=neutral, PublicKeyToken=b03f5f7f11d50a3a".
             Resolved file path is "/root/.nuget/packages/microsoft.netcore.app.ref/9.0.12/ref/net9.0/System.Resources.ResourceManager.dll".
             Reference found at search path location "{RawFileName}".
             This reference is not "CopyLocal" because at least one source item had "Private" set to "false" and no source items had "Private" set to "true".
             The ImageRuntimeVersion for this reference is "".
         Primary reference "System.Resources.Writer, Version=9.0.0.0, Culture=neutral, PublicKeyToken=b03f5f7f11d50a3a".
             Resolved file path is "/root/.nuget/packages/microsoft.netcore.app.ref/9.0.12/ref/net9.0/System.Resources.Writer.dll".
             Reference found at search path location "{RawFileName}".
             This reference is not "CopyLocal" because at least one source item had "Private" set to "false" and no source items had "Private" set to "true".
             The ImageRuntimeVersion for this reference is "".
         Primary reference "System.Runtime.CompilerServices.Unsafe, Version=9.0.0.0, Culture=neutral, PublicKeyToken=b03f5f7f11d50a3a".
             Resolved file path is "/root/.nuget/packages/microsoft.netcore.app.ref/9.0.12/ref/net9.0/System.Runtime.CompilerServices.Unsafe.dll".
             Reference found at search path location "{RawFileName}".
             This reference is not "CopyLocal" because at least one source item had "Private" set to "false" and no source items had "Private" set to "true".
             The ImageRuntimeVersion for this reference is "".
         Primary reference "System.Runtime.CompilerServices.VisualC, Version=9.0.0.0, Culture=neutral, PublicKeyToken=b03f5f7f11d50a3a".
             Resolved file path is "/root/.nuget/packages/microsoft.netcore.app.ref/9.0.12/ref/net9.0/System.Runtime.CompilerServices.VisualC.dll".
             Reference found at search path location "{RawFileName}".
             This reference is not "CopyLocal" because at least one source item had "Private" set to "false" and no source items had "Private" set to "true".
             The ImageRuntimeVersion for this reference is "".
         Primary reference "System.Runtime.Extensions, Version=9.0.0.0, Culture=neutral, PublicKeyToken=b03f5f7f11d50a3a".
             Resolved file path is "/root/.nuget/packages/microsoft.netcore.app.ref/9.0.12/ref/net9.0/System.Runtime.Extensions.dll".
             Reference found at search path location "{RawFileName}".
             This reference is not "CopyLocal" because at least one source item had "Private" set to "false" and no source items had "Private" set to "true".
             The ImageRuntimeVersion for this reference is "".
         Primary reference "System.Runtime.Handles, Version=9.0.0.0, Culture=neutral, PublicKeyToken=b03f5f7f11d50a3a".
             Resolved file path is "/root/.nuget/packages/microsoft.netcore.app.ref/9.0.12/ref/net9.0/System.Runtime.Handles.dll".
             Reference found at search path location "{RawFileName}".
             This reference is not "CopyLocal" because at least one source item had "Private" set to "false" and no source items had "Private" set to "true".
             The ImageRuntimeVersion for this reference is "".
         Primary reference "System.Runtime.InteropServices.JavaScript, Version=9.0.0.0, Culture=neutral, PublicKeyToken=b03f5f7f11d50a3a".
             Resolved file path is "/root/.nuget/packages/microsoft.netcore.app.ref/9.0.12/ref/net9.0/System.Runtime.InteropServices.JavaScript.dll".
             Reference found at search path location "{RawFileName}".
             This reference is not "CopyLocal" because at least one source item had "Private" set to "false" and no source items had "Private" set to "true".
             The ImageRuntimeVersion for this reference is "".
         Primary reference "System.Runtime.InteropServices.RuntimeInformation, Version=9.0.0.0, Culture=neutral, PublicKeyToken=b03f5f7f11d50a3a".
             Resolved file path is "/root/.nuget/packages/microsoft.netcore.app.ref/9.0.12/ref/net9.0/System.Runtime.InteropServices.RuntimeInformation.dll".
             Reference found at search path location "{RawFileName}".
             This reference is not "CopyLocal" because at least one source item had "Private" set to "false" and no source items had "Private" set to "true".
             The ImageRuntimeVersion for this reference is "".
         Primary reference "System.Runtime.InteropServices, Version=9.0.0.0, Culture=neutral, PublicKeyToken=b03f5f7f11d50a3a".
             Resolved file path is "/root/.nuget/packages/microsoft.netcore.app.ref/9.0.12/ref/net9.0/System.Runtime.InteropServices.dll".
             Reference found at search path location "{RawFileName}".
             This reference is not "CopyLocal" because at least one source item had "Private" set to "false" and no source items had "Private" set to "true".
             The ImageRuntimeVersion for this reference is "".
         Primary reference "System.Runtime.Intrinsics, Version=9.0.0.0, Culture=neutral, PublicKeyToken=cc7b13ffcd2ddd51".
             Resolved file path is "/root/.nuget/packages/microsoft.netcore.app.ref/9.0.12/ref/net9.0/System.Runtime.Intrinsics.dll".
             Reference found at search path location "{RawFileName}".
             This reference is not "CopyLocal" because at least one source item had "Private" set to "false" and no source items had "Private" set to "true".
             The ImageRuntimeVersion for this reference is "".
         Primary reference "System.Runtime.Loader, Version=9.0.0.0, Culture=neutral, PublicKeyToken=b03f5f7f11d50a3a".
             Resolved file path is "/root/.nuget/packages/microsoft.netcore.app.ref/9.0.12/ref/net9.0/System.Runtime.Loader.dll".
             Reference found at search path location "{RawFileName}".
             This reference is not "CopyLocal" because at least one source item had "Private" set to "false" and no source items had "Private" set to "true".
             The ImageRuntimeVersion for this reference is "".
         Primary reference "System.Runtime.Numerics, Version=9.0.0.0, Culture=neutral, PublicKeyToken=b03f5f7f11d50a3a".
             Resolved file path is "/root/.nuget/packages/microsoft.netcore.app.ref/9.0.12/ref/net9.0/System.Runtime.Numerics.dll".
             Reference found at search path location "{RawFileName}".
             This reference is not "CopyLocal" because at least one source item had "Private" set to "false" and no source items had "Private" set to "true".
             The ImageRuntimeVersion for this reference is "".
         Primary reference "System.Runtime.Serialization.Formatters, Version=8.1.0.0, Culture=neutral, PublicKeyToken=b03f5f7f11d50a3a".
             Resolved file path is "/root/.nuget/packages/microsoft.netcore.app.ref/9.0.12/ref/net9.0/System.Runtime.Serialization.Formatters.dll".
             Reference found at search path location "{RawFileName}".
             This reference is not "CopyLocal" because at least one source item had "Private" set to "false" and no source items had "Private" set to "true".
             The ImageRuntimeVersion for this reference is "".
         Primary reference "System.Runtime.Serialization.Json, Version=9.0.0.0, Culture=neutral, PublicKeyToken=b03f5f7f11d50a3a".
             Resolved file path is "/root/.nuget/packages/microsoft.netcore.app.ref/9.0.12/ref/net9.0/System.Runtime.Serialization.Json.dll".
             Reference found at search path location "{RawFileName}".
             This reference is not "CopyLocal" because at least one source item had "Private" set to "false" and no source items had "Private" set to "true".
             The ImageRuntimeVersion for this reference is "".
         Primary reference "System.Runtime.Serialization.Primitives, Version=9.0.0.0, Culture=neutral, PublicKeyToken=b03f5f7f11d50a3a".
             Resolved file path is "/root/.nuget/packages/microsoft.netcore.app.ref/9.0.12/ref/net9.0/System.Runtime.Serialization.Primitives.dll".
             Reference found at search path location "{RawFileName}".
             This reference is not "CopyLocal" because at least one source item had "Private" set to "false" and no source items had "Private" set to "true".
             The ImageRuntimeVersion for this reference is "".
         Primary reference "System.Runtime.Serialization.Xml, Version=9.0.0.0, Culture=neutral, PublicKeyToken=b03f5f7f11d50a3a".
             Resolved file path is "/root/.nuget/packages/microsoft.netcore.app.ref/9.0.12/ref/net9.0/System.Runtime.Serialization.Xml.dll".
             Reference found at search path location "{RawFileName}".
             This reference is not "CopyLocal" because at least one source item had "Private" set to "false" and no source items had "Private" set to "true".
             The ImageRuntimeVersion for this reference is "".
         Primary reference "System.Runtime.Serialization, Version=4.0.0.0, Culture=neutral, PublicKeyToken=b77a5c561934e089".
             Resolved file path is "/root/.nuget/packages/microsoft.netcore.app.ref/9.0.12/ref/net9.0/System.Runtime.Serialization.dll".
             Reference found at search path location "{RawFileName}".
             This reference is not "CopyLocal" because at least one source item had "Private" set to "false" and no source items had "Private" set to "true".
             The ImageRuntimeVersion for this reference is "".
         Primary reference "System.Runtime, Version=9.0.0.0, Culture=neutral, PublicKeyToken=b03f5f7f11d50a3a".
             Resolved file path is "/root/.nuget/packages/microsoft.netcore.app.ref/9.0.12/ref/net9.0/System.Runtime.dll".
             Reference found at search path location "{RawFileName}".
             This reference is not "CopyLocal" because at least one source item had "Private" set to "false" and no source items had "Private" set to "true".
             The ImageRuntimeVersion for this reference is "".
         Primary reference "System.Security.AccessControl, Version=9.0.0.0, Culture=neutral, PublicKeyToken=b03f5f7f11d50a3a".
             Resolved file path is "/root/.nuget/packages/microsoft.netcore.app.ref/9.0.12/ref/net9.0/System.Security.AccessControl.dll".
             Reference found at search path location "{RawFileName}".
             This reference is not "CopyLocal" because at least one source item had "Private" set to "false" and no source items had "Private" set to "true".
             The ImageRuntimeVersion for this reference is "".
         Primary reference "System.Security.Claims, Version=9.0.0.0, Culture=neutral, PublicKeyToken=b03f5f7f11d50a3a".
             Resolved file path is "/root/.nuget/packages/microsoft.netcore.app.ref/9.0.12/ref/net9.0/System.Security.Claims.dll".
             Reference found at search path location "{RawFileName}".
             This reference is not "CopyLocal" because at least one source item had "Private" set to "false" and no source items had "Private" set to "true".
             The ImageRuntimeVersion for this reference is "".
         Primary reference "System.Security.Cryptography.Algorithms, Version=9.0.0.0, Culture=neutral, PublicKeyToken=b03f5f7f11d50a3a".
             Resolved file path is "/root/.nuget/packages/microsoft.netcore.app.ref/9.0.12/ref/net9.0/System.Security.Cryptography.Algorithms.dll".
             Reference found at search path location "{RawFileName}".
             This reference is not "CopyLocal" because at least one source item had "Private" set to "false" and no source items had "Private" set to "true".
             The ImageRuntimeVersion for this reference is "".
         Primary reference "System.Security.Cryptography.Cng, Version=9.0.0.0, Culture=neutral, PublicKeyToken=b03f5f7f11d50a3a".
             Resolved file path is "/root/.nuget/packages/microsoft.netcore.app.ref/9.0.12/ref/net9.0/System.Security.Cryptography.Cng.dll".
             Reference found at search path location "{RawFileName}".
             This reference is not "CopyLocal" because at least one source item had "Private" set to "false" and no source items had "Private" set to "true".
             The ImageRuntimeVersion for this reference is "".
         Primary reference "System.Security.Cryptography.Csp, Version=9.0.0.0, Culture=neutral, PublicKeyToken=b03f5f7f11d50a3a".
             Resolved file path is "/root/.nuget/packages/microsoft.netcore.app.ref/9.0.12/ref/net9.0/System.Security.Cryptography.Csp.dll".
             Reference found at search path location "{RawFileName}".
             This reference is not "CopyLocal" because at least one source item had "Private" set to "false" and no source items had "Private" set to "true".
             The ImageRuntimeVersion for this reference is "".
         Primary reference "System.Security.Cryptography.Encoding, Version=9.0.0.0, Culture=neutral, PublicKeyToken=b03f5f7f11d50a3a".
             Resolved file path is "/root/.nuget/packages/microsoft.netcore.app.ref/9.0.12/ref/net9.0/System.Security.Cryptography.Encoding.dll".
             Reference found at search path location "{RawFileName}".
             This reference is not "CopyLocal" because at least one source item had "Private" set to "false" and no source items had "Private" set to "true".
             The ImageRuntimeVersion for this reference is "".
         Primary reference "System.Security.Cryptography.OpenSsl, Version=9.0.0.0, Culture=neutral, PublicKeyToken=b03f5f7f11d50a3a".
             Resolved file path is "/root/.nuget/packages/microsoft.netcore.app.ref/9.0.12/ref/net9.0/System.Security.Cryptography.OpenSsl.dll".
             Reference found at search path location "{RawFileName}".
             This reference is not "CopyLocal" because at least one source item had "Private" set to "false" and no source items had "Private" set to "true".
             The ImageRuntimeVersion for this reference is "".
         Primary reference "System.Security.Cryptography.Primitives, Version=9.0.0.0, Culture=neutral, PublicKeyToken=b03f5f7f11d50a3a".
             Resolved file path is "/root/.nuget/packages/microsoft.netcore.app.ref/9.0.12/ref/net9.0/System.Security.Cryptography.Primitives.dll".
             Reference found at search path location "{RawFileName}".
             This reference is not "CopyLocal" because at least one source item had "Private" set to "false" and no source items had "Private" set to "true".
             The ImageRuntimeVersion for this reference is "".
         Primary reference "System.Security.Cryptography.X509Certificates, Version=9.0.0.0, Culture=neutral, PublicKeyToken=b03f5f7f11d50a3a".
             Resolved file path is "/root/.nuget/packages/microsoft.netcore.app.ref/9.0.12/ref/net9.0/System.Security.Cryptography.X509Certificates.dll".
             Reference found at search path location "{RawFileName}".
             This reference is not "CopyLocal" because at least one source item had "Private" set to "false" and no source items had "Private" set to "true".
             The ImageRuntimeVersion for this reference is "".
         Primary reference "System.Security.Cryptography, Version=9.0.0.0, Culture=neutral, PublicKeyToken=b03f5f7f11d50a3a".
             Resolved file path is "/root/.nuget/packages/microsoft.netcore.app.ref/9.0.12/ref/net9.0/System.Security.Cryptography.dll".
             Reference found at search path location "{RawFileName}".
             This reference is not "CopyLocal" because at least one source item had "Private" set to "false" and no source items had "Private" set to "true".
             The ImageRuntimeVersion for this reference is "".
         Primary reference "System.Security.Principal.Windows, Version=9.0.0.0, Culture=neutral, PublicKeyToken=b03f5f7f11d50a3a".
             Resolved file path is "/root/.nuget/packages/microsoft.netcore.app.ref/9.0.12/ref/net9.0/System.Security.Principal.Windows.dll".
             Reference found at search path location "{RawFileName}".
             This reference is not "CopyLocal" because at least one source item had "Private" set to "false" and no source items had "Private" set to "true".
             The ImageRuntimeVersion for this reference is "".
         Primary reference "System.Security.Principal, Version=9.0.0.0, Culture=neutral, PublicKeyToken=b03f5f7f11d50a3a".
             Resolved file path is "/root/.nuget/packages/microsoft.netcore.app.ref/9.0.12/ref/net9.0/System.Security.Principal.dll".
             Reference found at search path location "{RawFileName}".
             This reference is not "CopyLocal" because at least one source item had "Private" set to "false" and no source items had "Private" set to "true".
             The ImageRuntimeVersion for this reference is "".
         Primary reference "System.Security.SecureString, Version=9.0.0.0, Culture=neutral, PublicKeyToken=b03f5f7f11d50a3a".
             Resolved file path is "/root/.nuget/packages/microsoft.netcore.app.ref/9.0.12/ref/net9.0/System.Security.SecureString.dll".
             Reference found at search path location "{RawFileName}".
             This reference is not "CopyLocal" because at least one source item had "Private" set to "false" and no source items had "Private" set to "true".
             The ImageRuntimeVersion for this reference is "".
         Primary reference "System.Security, Version=4.0.0.0, Culture=neutral, PublicKeyToken=b03f5f7f11d50a3a".
             Resolved file path is "/root/.nuget/packages/microsoft.netcore.app.ref/9.0.12/ref/net9.0/System.Security.dll".
             Reference found at search path location "{RawFileName}".
             This reference is not "CopyLocal" because at least one source item had "Private" set to "false" and no source items had "Private" set to "true".
             The ImageRuntimeVersion for this reference is "".
         Primary reference "System.ServiceModel.Web, Version=4.0.0.0, Culture=neutral, PublicKeyToken=31bf3856ad364e35".
             Resolved file path is "/root/.nuget/packages/microsoft.netcore.app.ref/9.0.12/ref/net9.0/System.ServiceModel.Web.dll".
             Reference found at search path location "{RawFileName}".
             This reference is not "CopyLocal" because at least one source item had "Private" set to "false" and no source items had "Private" set to "true".
             The ImageRuntimeVersion for this reference is "".
         Primary reference "System.ServiceProcess, Version=4.0.0.0, Culture=neutral, PublicKeyToken=b03f5f7f11d50a3a".
             Resolved file path is "/root/.nuget/packages/microsoft.netcore.app.ref/9.0.12/ref/net9.0/System.ServiceProcess.dll".
             Reference found at search path location "{RawFileName}".
             This reference is not "CopyLocal" because at least one source item had "Private" set to "false" and no source items had "Private" set to "true".
             The ImageRuntimeVersion for this reference is "".
         Primary reference "System.Text.Encoding.CodePages, Version=9.0.0.0, Culture=neutral, PublicKeyToken=b03f5f7f11d50a3a".
             Resolved file path is "/root/.nuget/packages/microsoft.netcore.app.ref/9.0.12/ref/net9.0/System.Text.Encoding.CodePages.dll".
             Reference found at search path location "{RawFileName}".
             This reference is not "CopyLocal" because at least one source item had "Private" set to "false" and no source items had "Private" set to "true".
             The ImageRuntimeVersion for this reference is "".
         Primary reference "System.Text.Encoding.Extensions, Version=9.0.0.0, Culture=neutral, PublicKeyToken=b03f5f7f11d50a3a".
             Resolved file path is "/root/.nuget/packages/microsoft.netcore.app.ref/9.0.12/ref/net9.0/System.Text.Encoding.Extensions.dll".
             Reference found at search path location "{RawFileName}".
             This reference is not "CopyLocal" because at least one source item had "Private" set to "false" and no source items had "Private" set to "true".
             The ImageRuntimeVersion for this reference is "".
         Primary reference "System.Text.Encoding, Version=9.0.0.0, Culture=neutral, PublicKeyToken=b03f5f7f11d50a3a".
             Resolved file path is "/root/.nuget/packages/microsoft.netcore.app.ref/9.0.12/ref/net9.0/System.Text.Encoding.dll".
             Reference found at search path location "{RawFileName}".
             This reference is not "CopyLocal" because at least one source item had "Private" set to "false" and no source items had "Private" set to "true".
             The ImageRuntimeVersion for this reference is "".
         Primary reference "System.Text.Encodings.Web, Version=9.0.0.0, Culture=neutral, PublicKeyToken=cc7b13ffcd2ddd51".
             Resolved file path is "/root/.nuget/packages/microsoft.netcore.app.ref/9.0.12/ref/net9.0/System.Text.Encodings.Web.dll".
             Reference found at search path location "{RawFileName}".
             This reference is not "CopyLocal" because at least one source item had "Private" set to "false" and no source items had "Private" set to "true".
             The ImageRuntimeVersion for this reference is "".
         Primary reference "System.Text.Json, Version=9.0.0.0, Culture=neutral, PublicKeyToken=cc7b13ffcd2ddd51".
             Resolved file path is "/root/.nuget/packages/microsoft.netcore.app.ref/9.0.12/ref/net9.0/System.Text.Json.dll".
             Reference found at search path location "{RawFileName}".
             This reference is not "CopyLocal" because at least one source item had "Private" set to "false" and no source items had "Private" set to "true".
             The ImageRuntimeVersion for this reference is "".
         Primary reference "System.Text.RegularExpressions, Version=9.0.0.0, Culture=neutral, PublicKeyToken=b03f5f7f11d50a3a".
             Resolved file path is "/root/.nuget/packages/microsoft.netcore.app.ref/9.0.12/ref/net9.0/System.Text.RegularExpressions.dll".
             Reference found at search path location "{RawFileName}".
             This reference is not "CopyLocal" because at least one source item had "Private" set to "false" and no source items had "Private" set to "true".
             The ImageRuntimeVersion for this reference is "".
         Primary reference "System.Threading.Channels, Version=9.0.0.0, Culture=neutral, PublicKeyToken=cc7b13ffcd2ddd51".
             Resolved file path is "/root/.nuget/packages/microsoft.netcore.app.ref/9.0.12/ref/net9.0/System.Threading.Channels.dll".
             Reference found at search path location "{RawFileName}".
             This reference is not "CopyLocal" because at least one source item had "Private" set to "false" and no source items had "Private" set to "true".
             The ImageRuntimeVersion for this reference is "".
         Primary reference "System.Threading.Overlapped, Version=9.0.0.0, Culture=neutral, PublicKeyToken=b03f5f7f11d50a3a".
             Resolved file path is "/root/.nuget/packages/microsoft.netcore.app.ref/9.0.12/ref/net9.0/System.Threading.Overlapped.dll".
             Reference found at search path location "{RawFileName}".
             This reference is not "CopyLocal" because at least one source item had "Private" set to "false" and no source items had "Private" set to "true".
             The ImageRuntimeVersion for this reference is "".
         Primary reference "System.Threading.Tasks.Dataflow, Version=9.0.0.0, Culture=neutral, PublicKeyToken=b03f5f7f11d50a3a".
             Resolved file path is "/root/.nuget/packages/microsoft.netcore.app.ref/9.0.12/ref/net9.0/System.Threading.Tasks.Dataflow.dll".
             Reference found at search path location "{RawFileName}".
             This reference is not "CopyLocal" because at least one source item had "Private" set to "false" and no source items had "Private" set to "true".
             The ImageRuntimeVersion for this reference is "".
         Primary reference "System.Threading.Tasks.Extensions, Version=9.0.0.0, Culture=neutral, PublicKeyToken=cc7b13ffcd2ddd51".
             Resolved file path is "/root/.nuget/packages/microsoft.netcore.app.ref/9.0.12/ref/net9.0/System.Threading.Tasks.Extensions.dll".
             Reference found at search path location "{RawFileName}".
             This reference is not "CopyLocal" because at least one source item had "Private" set to "false" and no source items had "Private" set to "true".
             The ImageRuntimeVersion for this reference is "".
         Primary reference "System.Threading.Tasks.Parallel, Version=9.0.0.0, Culture=neutral, PublicKeyToken=b03f5f7f11d50a3a".
             Resolved file path is "/root/.nuget/packages/microsoft.netcore.app.ref/9.0.12/ref/net9.0/System.Threading.Tasks.Parallel.dll".
             Reference found at search path location "{RawFileName}".
             This reference is not "CopyLocal" because at least one source item had "Private" set to "false" and no source items had "Private" set to "true".
             The ImageRuntimeVersion for this reference is "".
         Primary reference "System.Threading.Tasks, Version=9.0.0.0, Culture=neutral, PublicKeyToken=b03f5f7f11d50a3a".
             Resolved file path is "/root/.nuget/packages/microsoft.netcore.app.ref/9.0.12/ref/net9.0/System.Threading.Tasks.dll".
             Reference found at search path location "{RawFileName}".
             This reference is not "CopyLocal" because at least one source item had "Private" set to "false" and no source items had "Private" set to "true".
             The ImageRuntimeVersion for this reference is "".
         Primary reference "System.Threading.Thread, Version=9.0.0.0, Culture=neutral, PublicKeyToken=b03f5f7f11d50a3a".
             Resolved file path is "/root/.nuget/packages/microsoft.netcore.app.ref/9.0.12/ref/net9.0/System.Threading.Thread.dll".
             Reference found at search path location "{RawFileName}".
             This reference is not "CopyLocal" because at least one source item had "Private" set to "false" and no source items had "Private" set to "true".
             The ImageRuntimeVersion for this reference is "".
         Primary reference "System.Threading.ThreadPool, Version=9.0.0.0, Culture=neutral, PublicKeyToken=b03f5f7f11d50a3a".
             Resolved file path is "/root/.nuget/packages/microsoft.netcore.app.ref/9.0.12/ref/net9.0/System.Threading.ThreadPool.dll".
             Reference found at search path location "{RawFileName}".
             This reference is not "CopyLocal" because at least one source item had "Private" set to "false" and no source items had "Private" set to "true".
             The ImageRuntimeVersion for this reference is "".
         Primary reference "System.Threading.Timer, Version=9.0.0.0, Culture=neutral, PublicKeyToken=b03f5f7f11d50a3a".
             Resolved file path is "/root/.nuget/packages/microsoft.netcore.app.ref/9.0.12/ref/net9.0/System.Threading.Timer.dll".
             Reference found at search path location "{RawFileName}".
             This reference is not "CopyLocal" because at least one source item had "Private" set to "false" and no source items had "Private" set to "true".
             The ImageRuntimeVersion for this reference is "".
         Primary reference "System.Threading, Version=9.0.0.0, Culture=neutral, PublicKeyToken=b03f5f7f11d50a3a".
             Resolved file path is "/root/.nuget/packages/microsoft.netcore.app.ref/9.0.12/ref/net9.0/System.Threading.dll".
             Reference found at search path location "{RawFileName}".
             This reference is not "CopyLocal" because at least one source item had "Private" set to "false" and no source items had "Private" set to "true".
             The ImageRuntimeVersion for this reference is "".
         Primary reference "System.Transactions.Local, Version=9.0.0.0, Culture=neutral, PublicKeyToken=cc7b13ffcd2ddd51".
             Resolved file path is "/root/.nuget/packages/microsoft.netcore.app.ref/9.0.12/ref/net9.0/System.Transactions.Local.dll".
             Reference found at search path location "{RawFileName}".
             This reference is not "CopyLocal" because at least one source item had "Private" set to "false" and no source items had "Private" set to "true".
             The ImageRuntimeVersion for this reference is "".
         Primary reference "System.Transactions, Version=4.0.0.0, Culture=neutral, PublicKeyToken=b77a5c561934e089".
             Resolved file path is "/root/.nuget/packages/microsoft.netcore.app.ref/9.0.12/ref/net9.0/System.Transactions.dll".
             Reference found at search path location "{RawFileName}".
             This reference is not "CopyLocal" because at least one source item had "Private" set to "false" and no source items had "Private" set to "true".
             The ImageRuntimeVersion for this reference is "".
         Primary reference "System.ValueTuple, Version=9.0.0.0, Culture=neutral, PublicKeyToken=cc7b13ffcd2ddd51".
             Resolved file path is "/root/.nuget/packages/microsoft.netcore.app.ref/9.0.12/ref/net9.0/System.ValueTuple.dll".
             Reference found at search path location "{RawFileName}".
             This reference is not "CopyLocal" because at least one source item had "Private" set to "false" and no source items had "Private" set to "true".
             The ImageRuntimeVersion for this reference is "".
         Primary reference "System.Web.HttpUtility, Version=9.0.0.0, Culture=neutral, PublicKeyToken=cc7b13ffcd2ddd51".
             Resolved file path is "/root/.nuget/packages/microsoft.netcore.app.ref/9.0.12/ref/net9.0/System.Web.HttpUtility.dll".
             Reference found at search path location "{RawFileName}".
             This reference is not "CopyLocal" because at least one source item had "Private" set to "false" and no source items had "Private" set to "true".
             The ImageRuntimeVersion for this reference is "".
         Primary reference "System.Web, Version=4.0.0.0, Culture=neutral, PublicKeyToken=b03f5f7f11d50a3a".
             Resolved file path is "/root/.nuget/packages/microsoft.netcore.app.ref/9.0.12/ref/net9.0/System.Web.dll".
             Reference found at search path location "{RawFileName}".
             This reference is not "CopyLocal" because at least one source item had "Private" set to "false" and no source items had "Private" set to "true".
             The ImageRuntimeVersion for this reference is "".
         Primary reference "System.Windows, Version=4.0.0.0, Culture=neutral, PublicKeyToken=b03f5f7f11d50a3a".
             Resolved file path is "/root/.nuget/packages/microsoft.netcore.app.ref/9.0.12/ref/net9.0/System.Windows.dll".
             Reference found at search path location "{RawFileName}".
             This reference is not "CopyLocal" because at least one source item had "Private" set to "false" and no source items had "Private" set to "true".
             The ImageRuntimeVersion for this reference is "".
         Primary reference "System.Xml.Linq, Version=4.0.0.0, Culture=neutral, PublicKeyToken=b77a5c561934e089".
             Resolved file path is "/root/.nuget/packages/microsoft.netcore.app.ref/9.0.12/ref/net9.0/System.Xml.Linq.dll".
             Reference found at search path location "{RawFileName}".
             This reference is not "CopyLocal" because at least one source item had "Private" set to "false" and no source items had "Private" set to "true".
             The ImageRuntimeVersion for this reference is "".
         Primary reference "System.Xml.ReaderWriter, Version=9.0.0.0, Culture=neutral, PublicKeyToken=b03f5f7f11d50a3a".
             Resolved file path is "/root/.nuget/packages/microsoft.netcore.app.ref/9.0.12/ref/net9.0/System.Xml.ReaderWriter.dll".
             Reference found at search path location "{RawFileName}".
             This reference is not "CopyLocal" because at least one source item had "Private" set to "false" and no source items had "Private" set to "true".
             The ImageRuntimeVersion for this reference is "".
         Primary reference "System.Xml.Serialization, Version=4.0.0.0, Culture=neutral, PublicKeyToken=b77a5c561934e089".
             Resolved file path is "/root/.nuget/packages/microsoft.netcore.app.ref/9.0.12/ref/net9.0/System.Xml.Serialization.dll".
             Reference found at search path location "{RawFileName}".
             This reference is not "CopyLocal" because at least one source item had "Private" set to "false" and no source items had "Private" set to "true".
             The ImageRuntimeVersion for this reference is "".
         Primary reference "System.Xml.XDocument, Version=9.0.0.0, Culture=neutral, PublicKeyToken=b03f5f7f11d50a3a".
             Resolved file path is "/root/.nuget/packages/microsoft.netcore.app.ref/9.0.12/ref/net9.0/System.Xml.XDocument.dll".
             Reference found at search path location "{RawFileName}".
             This reference is not "CopyLocal" because at least one source item had "Private" set to "false" and no source items had "Private" set to "true".
             The ImageRuntimeVersion for this reference is "".
         Primary reference "System.Xml.XPath.XDocument, Version=9.0.0.0, Culture=neutral, PublicKeyToken=b03f5f7f11d50a3a".
             Resolved file path is "/root/.nuget/packages/microsoft.netcore.app.ref/9.0.12/ref/net9.0/System.Xml.XPath.XDocument.dll".
             Reference found at search path location "{RawFileName}".
             This reference is not "CopyLocal" because at least one source item had "Private" set to "false" and no source items had "Private" set to "true".
             The ImageRuntimeVersion for this reference is "".
         Primary reference "System.Xml.XPath, Version=9.0.0.0, Culture=neutral, PublicKeyToken=b03f5f7f11d50a3a".
             Resolved file path is "/root/.nuget/packages/microsoft.netcore.app.ref/9.0.12/ref/net9.0/System.Xml.XPath.dll".
             Reference found at search path location "{RawFileName}".
             This reference is not "CopyLocal" because at least one source item had "Private" set to "false" and no source items had "Private" set to "true".
             The ImageRuntimeVersion for this reference is "".
         Primary reference "System.Xml.XmlDocument, Version=9.0.0.0, Culture=neutral, PublicKeyToken=b03f5f7f11d50a3a".
             Resolved file path is "/root/.nuget/packages/microsoft.netcore.app.ref/9.0.12/ref/net9.0/System.Xml.XmlDocument.dll".
             Reference found at search path location "{RawFileName}".
             This reference is not "CopyLocal" because at least one source item had "Private" set to "false" and no source items had "Private" set to "true".
             The ImageRuntimeVersion for this reference is "".
         Primary reference "System.Xml.XmlSerializer, Version=9.0.0.0, Culture=neutral, PublicKeyToken=b03f5f7f11d50a3a".
             Resolved file path is "/root/.nuget/packages/microsoft.netcore.app.ref/9.0.12/ref/net9.0/System.Xml.XmlSerializer.dll".
             Reference found at search path location "{RawFileName}".
             This reference is not "CopyLocal" because at least one source item had "Private" set to "false" and no source items had "Private" set to "true".
             The ImageRuntimeVersion for this reference is "".
         Primary reference "System.Xml, Version=4.0.0.0, Culture=neutral, PublicKeyToken=b77a5c561934e089".
             Resolved file path is "/root/.nuget/packages/microsoft.netcore.app.ref/9.0.12/ref/net9.0/System.Xml.dll".
             Reference found at search path location "{RawFileName}".
             This reference is not "CopyLocal" because at least one source item had "Private" set to "false" and no source items had "Private" set to "true".
             The ImageRuntimeVersion for this reference is "".
         Primary reference "System, Version=4.0.0.0, Culture=neutral, PublicKeyToken=b77a5c561934e089".
             Resolved file path is "/root/.nuget/packages/microsoft.netcore.app.ref/9.0.12/ref/net9.0/System.dll".
             Reference found at search path location "{RawFileName}".
             This reference is not "CopyLocal" because at least one source item had "Private" set to "false" and no source items had "Private" set to "true".
             The ImageRuntimeVersion for this reference is "".
         Primary reference "WindowsBase, Version=4.0.0.0, Culture=neutral, PublicKeyToken=31bf3856ad364e35".
             Resolved file path is "/root/.nuget/packages/microsoft.netcore.app.ref/9.0.12/ref/net9.0/WindowsBase.dll".
             Reference found at search path location "{RawFileName}".
             This reference is not "CopyLocal" because at least one source item had "Private" set to "false" and no source items had "Private" set to "true".
             The ImageRuntimeVersion for this reference is "".
         Primary reference "mscorlib, Version=4.0.0.0, Culture=neutral, PublicKeyToken=b77a5c561934e089".
             Resolved file path is "/root/.nuget/packages/microsoft.netcore.app.ref/9.0.12/ref/net9.0/mscorlib.dll".
             Reference found at search path location "{RawFileName}".
             This reference is not "CopyLocal" because at least one source item had "Private" set to "false" and no source items had "Private" set to "true".
             The ImageRuntimeVersion for this reference is "".
         Primary reference "netstandard, Version=2.1.0.0, Culture=neutral, PublicKeyToken=cc7b13ffcd2ddd51".
             Resolved file path is "/root/.nuget/packages/microsoft.netcore.app.ref/9.0.12/ref/net9.0/netstandard.dll".
             Reference found at search path location "{RawFileName}".
             This reference is not "CopyLocal" because at least one source item had "Private" set to "false" and no source items had "Private" set to "true".
             The ImageRuntimeVersion for this reference is "".
       Done executing task "ResolveAssemblyReference".
   2:6>Done building target "ResolveAssemblyReferences" in project "AdoCore.csproj".
   2:6>Target "AfterResolveReferences" in file "/root/.dotnet/sdk/10.0.102/Microsoft.Common.CurrentVersion.targets" from project "/QNet/site-packages/atx_dot_net_strands_cli/all_local_test_output/artifact-AdoCore/artifact/sourceCode/AdoCore.csproj" (target "ResolveReferences" depends on it):
   2:6>Done building target "AfterResolveReferences" in project "AdoCore.csproj".
   2:6>Target "ResolveReferences" in file "/root/.dotnet/sdk/10.0.102/Microsoft.Common.CurrentVersion.targets" from project "/QNet/site-packages/atx_dot_net_strands_cli/all_local_test_output/artifact-AdoCore/artifact/sourceCode/AdoCore.csproj" (target "_BlockWinMDsOnUnsupportedTFMs" depends on it):
   2:6>Done building target "ResolveReferences" in project "AdoCore.csproj".
   2:6>Target "_BlockWinMDsOnUnsupportedTFMs" in file "/root/.dotnet/sdk/10.0.102/Sdks/Microsoft.NET.Sdk/targets/Microsoft.NET.Sdk.targets" from project "/QNet/site-packages/atx_dot_net_strands_cli/all_local_test_output/artifact-AdoCore/artifact/sourceCode/AdoCore.csproj" (target "CoreBuild" depends on it):
       Using "CheckForUnsupportedWinMDReferences" task from assembly "/root/.dotnet/sdk/10.0.102/Sdks/Microsoft.NET.Sdk/targets/../tools/net10.0/Microsoft.NET.Build.Tasks.dll".
       Task "CheckForUnsupportedWinMDReferences"
       Done executing task "CheckForUnsupportedWinMDReferences".
   2:6>Done building target "_BlockWinMDsOnUnsupportedTFMs" in project "AdoCore.csproj".
       Target "ResolveReferences" skipped. Previously built successfully.
       Target "ResolvePackageDependenciesForBuild" skipped. Previously built successfully.
       Target "_HandlePackageFileConflicts" skipped. Previously built successfully.
   2:6>Target "CopyAdditionalFiles" in file "/root/.dotnet/sdk/10.0.102/Roslyn/Microsoft.Managed.Core.targets" from project "/QNet/site-packages/atx_dot_net_strands_cli/all_local_test_output/artifact-AdoCore/artifact/sourceCode/AdoCore.csproj" (target "AssignTargetPaths" depends on it):
   2:6>Done building target "CopyAdditionalFiles" in project "AdoCore.csproj".
       Target "ResolvePackageAssets" skipped. Previously built successfully.
       Target "ResolveFrameworkReferences" skipped. Previously built successfully.
   2:6>Target "_GetAppHostPaths" in file "/root/.dotnet/sdk/10.0.102/Sdks/Microsoft.NET.Sdk/targets/Microsoft.NET.Sdk.targets" from project "/QNet/site-packages/atx_dot_net_strands_cli/all_local_test_output/artifact-AdoCore/artifact/sourceCode/AdoCore.csproj" (target "_ComputeNETCoreBuildOutputFiles" depends on it):
   2:6>Done building target "_GetAppHostPaths" in project "AdoCore.csproj".
   2:6>Target "_GetAppHostCreationConfiguration" in file "/root/.dotnet/sdk/10.0.102/Sdks/Microsoft.NET.Sdk/targets/Microsoft.NET.Sdk.targets" from project "/QNet/site-packages/atx_dot_net_strands_cli/all_local_test_output/artifact-AdoCore/artifact/sourceCode/AdoCore.csproj" (target "_ComputeNETCoreBuildOutputFiles" depends on it):
   2:6>Done building target "_GetAppHostCreationConfiguration" in project "AdoCore.csproj".
   2:6>Target "_ComputeNETCoreBuildOutputFiles" in file "/root/.dotnet/sdk/10.0.102/Sdks/Microsoft.NET.Sdk/targets/Microsoft.NET.Sdk.targets" from project "/QNet/site-packages/atx_dot_net_strands_cli/all_local_test_output/artifact-AdoCore/artifact/sourceCode/AdoCore.csproj" (target "AssignTargetPaths" depends on it):
   2:6>Done building target "_ComputeNETCoreBuildOutputFiles" in project "AdoCore.csproj".
   2:6>Target "AssignTargetPaths" in file "/root/.dotnet/sdk/10.0.102/Microsoft.Common.CurrentVersion.targets" from project "/QNet/site-packages/atx_dot_net_strands_cli/all_local_test_output/artifact-AdoCore/artifact/sourceCode/AdoCore.csproj" (target "PrepareResourceNames" depends on it):
       Using "AssignTargetPath" task from assembly "Microsoft.Build.Tasks.Core, Version=15.1.0.0, Culture=neutral, PublicKeyToken=b03f5f7f11d50a3a".
       Task "AssignTargetPath"
       Done executing task "AssignTargetPath".
       Task "AssignTargetPath"
       Done executing task "AssignTargetPath".
       Task "AssignTargetPath"
       Done executing task "AssignTargetPath".
       Task "AssignTargetPath"
       Done executing task "AssignTargetPath".
   2:6>Done building target "AssignTargetPaths" in project "AdoCore.csproj".
       Target "AssignTargetPaths" skipped. Previously built successfully.
   2:6>Target "SplitResourcesByCulture" in file "/root/.dotnet/sdk/10.0.102/Microsoft.Common.CurrentVersion.targets" from project "/QNet/site-packages/atx_dot_net_strands_cli/all_local_test_output/artifact-AdoCore/artifact/sourceCode/AdoCore.csproj" (target "PrepareResourceNames" depends on it):
       Using "AssignCulture" task from assembly "Microsoft.Build.Tasks.Core, Version=15.1.0.0, Culture=neutral, PublicKeyToken=b03f5f7f11d50a3a".
       Task "AssignCulture"
       Done executing task "AssignCulture".
   2:6>Done building target "SplitResourcesByCulture" in project "AdoCore.csproj".
   2:6>Target "CreateCustomManifestResourceNames" in file "/root/.dotnet/sdk/10.0.102/Microsoft.Common.CurrentVersion.targets" from project "/QNet/site-packages/atx_dot_net_strands_cli/all_local_test_output/artifact-AdoCore/artifact/sourceCode/AdoCore.csproj" (target "PrepareResourceNames" depends on it):
   2:6>Done building target "CreateCustomManifestResourceNames" in project "AdoCore.csproj".
   2:6>Target "PrepareResourceNames" in file "/root/.dotnet/sdk/10.0.102/Microsoft.Common.CurrentVersion.targets" from project "/QNet/site-packages/atx_dot_net_strands_cli/all_local_test_output/artifact-AdoCore/artifact/sourceCode/AdoCore.csproj" (target "PrepareResources" depends on it):
   2:6>Done building target "PrepareResourceNames" in project "AdoCore.csproj".
       Target "ResolveAssemblyReferences" skipped. Previously built successfully.
       Target "SplitResourcesByCulture" skipped. Previously built successfully.
   2:6>Target "BeforeResGen" in file "/root/.dotnet/sdk/10.0.102/Microsoft.Common.CurrentVersion.targets" from project "/QNet/site-packages/atx_dot_net_strands_cli/all_local_test_output/artifact-AdoCore/artifact/sourceCode/AdoCore.csproj" (target "ResGen" depends on it):
   2:6>Done building target "BeforeResGen" in project "AdoCore.csproj".
       Target "ResolveReferences" skipped. Previously built successfully.
   2:6>Target "FindReferenceAssembliesForReferences" in file "/root/.dotnet/sdk/10.0.102/Microsoft.Common.CurrentVersion.targets" from project "/QNet/site-packages/atx_dot_net_strands_cli/all_local_test_output/artifact-AdoCore/artifact/sourceCode/AdoCore.csproj" (target "CoreResGen" depends on it):
   2:6>Done building target "FindReferenceAssembliesForReferences" in project "AdoCore.csproj".
   2:6>Target "CoreResGen" in file "/root/.dotnet/sdk/10.0.102/Microsoft.Common.CurrentVersion.targets" from project "/QNet/site-packages/atx_dot_net_strands_cli/all_local_test_output/artifact-AdoCore/artifact/sourceCode/AdoCore.csproj" (target "ResGen" depends on it):
   2:6>Done building target "CoreResGen" in project "AdoCore.csproj".
   2:6>Target "AfterResGen" in file "/root/.dotnet/sdk/10.0.102/Microsoft.Common.CurrentVersion.targets" from project "/QNet/site-packages/atx_dot_net_strands_cli/all_local_test_output/artifact-AdoCore/artifact/sourceCode/AdoCore.csproj" (target "ResGen" depends on it):
   2:6>Done building target "AfterResGen" in project "AdoCore.csproj".
   2:6>Target "ResGen" in file "/root/.dotnet/sdk/10.0.102/Microsoft.Common.CurrentVersion.targets" from project "/QNet/site-packages/atx_dot_net_strands_cli/all_local_test_output/artifact-AdoCore/artifact/sourceCode/AdoCore.csproj" (target "PrepareResources" depends on it):
   2:6>Done building target "ResGen" in project "AdoCore.csproj".
   2:6>Target "PrepareResources" in file "/root/.dotnet/sdk/10.0.102/Microsoft.Common.CurrentVersion.targets" from project "/QNet/site-packages/atx_dot_net_strands_cli/all_local_test_output/artifact-AdoCore/artifact/sourceCode/AdoCore.csproj" (target "CoreBuild" depends on it):
   2:6>Done building target "PrepareResources" in project "AdoCore.csproj".
       Target "ResolveReferences" skipped. Previously built successfully.
   2:6>Target "_SetEmbeddedWin32ManifestProperties" in file "/root/.dotnet/sdk/10.0.102/Microsoft.Common.CurrentVersion.targets" from project "/QNet/site-packages/atx_dot_net_strands_cli/all_local_test_output/artifact-AdoCore/artifact/sourceCode/AdoCore.csproj" (target "SetWin32ManifestProperties" depends on it):
       Using "GetFrameworkPath" task from assembly "Microsoft.Build.Tasks.Core, Version=15.1.0.0, Culture=neutral, PublicKeyToken=b03f5f7f11d50a3a".
       Task "GetFrameworkPath"
       Done executing task "GetFrameworkPath".
   2:6>Done building target "_SetEmbeddedWin32ManifestProperties" in project "AdoCore.csproj".
   2:6>Target "SetWin32ManifestProperties" in file "/root/.dotnet/sdk/10.0.102/Microsoft.Common.CurrentVersion.targets" from project "/QNet/site-packages/atx_dot_net_strands_cli/all_local_test_output/artifact-AdoCore/artifact/sourceCode/AdoCore.csproj" (target "Compile" depends on it):
   2:6>Done building target "SetWin32ManifestProperties" in project "AdoCore.csproj".
       Target "FindReferenceAssembliesForReferences" skipped. Previously built successfully.
   2:6>Target "_GenerateCompileInputs" in file "/root/.dotnet/sdk/10.0.102/Microsoft.Common.CurrentVersion.targets" from project "/QNet/site-packages/atx_dot_net_strands_cli/all_local_test_output/artifact-AdoCore/artifact/sourceCode/AdoCore.csproj" (target "Compile" depends on it):
   2:6>Done building target "_GenerateCompileInputs" in project "AdoCore.csproj".
       Target "PrepareForBuild" skipped. Previously built successfully.
   2:6>Target "GenerateMSBuildEditorConfigFileShouldRun" in file "/root/.dotnet/sdk/10.0.102/Roslyn/Microsoft.Managed.Core.targets" from project "/QNet/site-packages/atx_dot_net_strands_cli/all_local_test_output/artifact-AdoCore/artifact/sourceCode/AdoCore.csproj" (target "GenerateMSBuildEditorConfigFile" depends on it):
   2:6>Done building target "GenerateMSBuildEditorConfigFileShouldRun" in project "AdoCore.csproj".
   2:6>Target "AddGlobalAnalyzerConfigForPackage_MicrosoftCodeAnalysisCSharpCodeStyle" in file "/root/.dotnet/sdk/10.0.102/Sdks/Microsoft.NET.Sdk/codestyle/cs/build/Microsoft.CodeAnalysis.CSharp.CodeStyle.targets" from project "/QNet/site-packages/atx_dot_net_strands_cli/all_local_test_output/artifact-AdoCore/artifact/sourceCode/AdoCore.csproj" (target "GenerateMSBuildEditorConfigFileCore" depends on it):
   2:6>Done building target "AddGlobalAnalyzerConfigForPackage_MicrosoftCodeAnalysisCSharpCodeStyle" in project "AdoCore.csproj".
   2:6>Target "GenerateMSBuildEditorConfigFileCore" in file "/root/.dotnet/sdk/10.0.102/Roslyn/Microsoft.Managed.Core.targets" from project "/QNet/site-packages/atx_dot_net_strands_cli/all_local_test_output/artifact-AdoCore/artifact/sourceCode/AdoCore.csproj" (target "GenerateMSBuildEditorConfigFile" depends on it):
       Building target "GenerateMSBuildEditorConfigFileCore" completely.
       No input files were specified.
       Using "GenerateMSBuildEditorConfig" task from assembly "/root/.dotnet/sdk/10.0.102/Sdks/Microsoft.NET.Sdk/targets/../../../Roslyn/Microsoft.Build.Tasks.CodeAnalysis.dll".
       Task "GenerateMSBuildEditorConfig"
       Done executing task "GenerateMSBuildEditorConfig".
   2:6>Done building target "GenerateMSBuildEditorConfigFileCore" in project "AdoCore.csproj".
   2:6>Target "GenerateMSBuildEditorConfigFile" in file "/root/.dotnet/sdk/10.0.102/Roslyn/Microsoft.Managed.Core.targets" from project "/QNet/site-packages/atx_dot_net_strands_cli/all_local_test_output/artifact-AdoCore/artifact/sourceCode/AdoCore.csproj" (target "BeforeCompile" depends on it):
   2:6>Done building target "GenerateMSBuildEditorConfigFile" in project "AdoCore.csproj".
       Target "PrepareForBuild" skipped. Previously built successfully.
       Target "GetReferenceAssemblyPaths" skipped. Previously built successfully.
   2:6>Target "_SetTargetFrameworkMonikerAttribute" in file "/root/.dotnet/sdk/10.0.102/Microsoft.CSharp.CurrentVersion.targets" from project "/QNet/site-packages/atx_dot_net_strands_cli/all_local_test_output/artifact-AdoCore/artifact/sourceCode/AdoCore.csproj" (target "GenerateTargetFrameworkMonikerAttribute" depends on it):
   2:6>Done building target "_SetTargetFrameworkMonikerAttribute" in project "AdoCore.csproj".
   2:6>Target "GenerateTargetFrameworkMonikerAttribute" in file "/root/.dotnet/sdk/10.0.102/Microsoft.Common.CurrentVersion.targets" from project "/QNet/site-packages/atx_dot_net_strands_cli/all_local_test_output/artifact-AdoCore/artifact/sourceCode/AdoCore.csproj" (target "BeforeCompile" depends on it):
       Skipping target "GenerateTargetFrameworkMonikerAttribute" because all output files are up-to-date with respect to the input files.
       Input files: /root/.dotnet/sdk/10.0.102/Microsoft.Common.targets
       Output files: obj/Debug/net9.0/.NETCoreApp,Version=v9.0.AssemblyAttributes.cs
   2:6>Done building target "GenerateTargetFrameworkMonikerAttribute" in project "AdoCore.csproj".
       Target "PrepareForBuild" skipped. Previously built successfully.
   2:6>Target "GetAssemblyVersion" in file "/root/.dotnet/sdk/10.0.102/Sdks/Microsoft.NET.Sdk/targets/Microsoft.NET.GenerateAssemblyInfo.targets" from project "/QNet/site-packages/atx_dot_net_strands_cli/all_local_test_output/artifact-AdoCore/artifact/sourceCode/AdoCore.csproj" (target "GetAssemblyAttributes" depends on it):
       Using "GetAssemblyVersion" task from assembly "/root/.dotnet/sdk/10.0.102/Sdks/Microsoft.NET.Sdk/targets/../tools/net10.0/Microsoft.NET.Build.Tasks.dll".
       Task "GetAssemblyVersion"
       Done executing task "GetAssemblyVersion".
   2:6>Done building target "GetAssemblyVersion" in project "AdoCore.csproj".
   2:6>Target "InitializeSourceControlInformationFromSourceControlManager" in file "/root/.dotnet/sdk/10.0.102/Sdks/Microsoft.Build.Tasks.Git/build/Microsoft.Build.Tasks.Git.targets" from project "/QNet/site-packages/atx_dot_net_strands_cli/all_local_test_output/artifact-AdoCore/artifact/sourceCode/AdoCore.csproj" (target "_InitializeSourceControlInformationFromSourceControlManager" depends on it):
       Using "Microsoft.Build.Tasks.Git.LocateRepository" task from assembly "/root/.dotnet/sdk/10.0.102/Sdks/Microsoft.Build.Tasks.Git/build/../tools/net/Microsoft.Build.Tasks.Git.dll".
       Task "Microsoft.Build.Tasks.Git.LocateRepository"
         SourceLink: Repository instance not found in cache: '*:/QNet/site-packages/atx_dot_net_strands_cli/all_local_test_output/artifact-AdoCore/artifact/sourceCode/.git'
       Done executing task "Microsoft.Build.Tasks.Git.LocateRepository".
   2:6>Done building target "InitializeSourceControlInformationFromSourceControlManager" in project "AdoCore.csproj".
   2:6>Target "_SourceLinkHasSingleProvider" in file "/root/.dotnet/sdk/10.0.102/Sdks/Microsoft.SourceLink.Common/build/InitializeSourceControlInformation.targets" from project "/QNet/site-packages/atx_dot_net_strands_cli/all_local_test_output/artifact-AdoCore/artifact/sourceCode/AdoCore.csproj" (target "_InitializeSourceControlInformationFromSourceControlManager" depends on it):
       Assembly loaded during TaskRun: Microsoft.SourceLink.Common, Version=10.0.13.11305, Culture=neutral, PublicKeyToken=31bf3856ad364e35 (location: /root/.dotnet/sdk/10.0.102/Sdks/Microsoft.SourceLink.Common/tools/net/Microsoft.SourceLink.Common.dll, MVID: c9323ba4-2f6e-49e9-9d97-53e0c2df2869, AssemblyLoadContext: MSBuild plugin /root/.dotnet/sdk/10.0.102/Sdks/Microsoft.SourceLink.Common/tools/net/Microsoft.SourceLink.Common.dll)
       Using "Microsoft.SourceLink.Common.SourceLinkHasSingleProvider" task from assembly "/root/.dotnet/sdk/10.0.102/Sdks/Microsoft.SourceLink.Common/build/../tools/net/Microsoft.SourceLink.Common.dll".
       Task "Microsoft.SourceLink.Common.SourceLinkHasSingleProvider"
       Done executing task "Microsoft.SourceLink.Common.SourceLinkHasSingleProvider".
   2:6>Done building target "_SourceLinkHasSingleProvider" in project "AdoCore.csproj".
   2:6>Target "TranslateGitHubUrlsInSourceControlInformation" in file "/root/.dotnet/sdk/10.0.102/Sdks/Microsoft.SourceLink.GitHub/build/Microsoft.SourceLink.GitHub.targets" from project "/QNet/site-packages/atx_dot_net_strands_cli/all_local_test_output/artifact-AdoCore/artifact/sourceCode/AdoCore.csproj" (target "_InitializeSourceControlInformationFromSourceControlManager" depends on it):
       Assembly loaded during TaskRun: Microsoft.SourceLink.GitHub, Version=10.0.13.11305, Culture=neutral, PublicKeyToken=31bf3856ad364e35 (location: /root/.dotnet/sdk/10.0.102/Sdks/Microsoft.SourceLink.GitHub/tools/net/Microsoft.SourceLink.GitHub.dll, MVID: bdec3f67-2c60-4b20-81c4-02e562eaa70a, AssemblyLoadContext: MSBuild plugin /root/.dotnet/sdk/10.0.102/Sdks/Microsoft.SourceLink.GitHub/tools/net/Microsoft.SourceLink.GitHub.dll)
       Using "Microsoft.SourceLink.GitHub.TranslateRepositoryUrls" task from assembly "/root/.dotnet/sdk/10.0.102/Sdks/Microsoft.SourceLink.GitHub/build/../tools/net/Microsoft.SourceLink.GitHub.dll".
       Task "Microsoft.SourceLink.GitHub.TranslateRepositoryUrls"
       Done executing task "Microsoft.SourceLink.GitHub.TranslateRepositoryUrls".
   2:6>Done building target "TranslateGitHubUrlsInSourceControlInformation" in project "AdoCore.csproj".
   2:6>Target "TranslateGitLabUrlsInSourceControlInformation" in file "/root/.dotnet/sdk/10.0.102/Sdks/Microsoft.SourceLink.GitLab/build/Microsoft.SourceLink.GitLab.targets" from project "/QNet/site-packages/atx_dot_net_strands_cli/all_local_test_output/artifact-AdoCore/artifact/sourceCode/AdoCore.csproj" (target "_InitializeSourceControlInformationFromSourceControlManager" depends on it):
       Assembly loaded during TaskRun: Microsoft.SourceLink.GitLab, Version=10.0.13.11305, Culture=neutral, PublicKeyToken=31bf3856ad364e35 (location: /root/.dotnet/sdk/10.0.102/Sdks/Microsoft.SourceLink.GitLab/tools/net/Microsoft.SourceLink.GitLab.dll, MVID: ca096563-e65c-4c7a-9561-c17bef48c540, AssemblyLoadContext: MSBuild plugin /root/.dotnet/sdk/10.0.102/Sdks/Microsoft.SourceLink.GitLab/tools/net/Microsoft.SourceLink.GitLab.dll)
       Using "Microsoft.SourceLink.GitLab.TranslateRepositoryUrls" task from assembly "/root/.dotnet/sdk/10.0.102/Sdks/Microsoft.SourceLink.GitLab/build/../tools/net/Microsoft.SourceLink.GitLab.dll".
       Task "Microsoft.SourceLink.GitLab.TranslateRepositoryUrls"
       Done executing task "Microsoft.SourceLink.GitLab.TranslateRepositoryUrls".
   2:6>Done building target "TranslateGitLabUrlsInSourceControlInformation" in project "AdoCore.csproj".
   2:6>Target "TranslateAzureReposGitUrlsInSourceControlInformation" in file "/root/.dotnet/sdk/10.0.102/Sdks/Microsoft.SourceLink.AzureRepos.Git/build/Microsoft.SourceLink.AzureRepos.Git.targets" from project "/QNet/site-packages/atx_dot_net_strands_cli/all_local_test_output/artifact-AdoCore/artifact/sourceCode/AdoCore.csproj" (target "_InitializeSourceControlInformationFromSourceControlManager" depends on it):
       Assembly loaded during TaskRun: Microsoft.SourceLink.AzureRepos.Git, Version=10.0.13.11305, Culture=neutral, PublicKeyToken=31bf3856ad364e35 (location: /root/.dotnet/sdk/10.0.102/Sdks/Microsoft.SourceLink.AzureRepos.Git/tools/net/Microsoft.SourceLink.AzureRepos.Git.dll, MVID: 30113bf3-f008-4d2d-a7e1-32e79f59ea03, AssemblyLoadContext: MSBuild plugin /root/.dotnet/sdk/10.0.102/Sdks/Microsoft.SourceLink.AzureRepos.Git/tools/net/Microsoft.SourceLink.AzureRepos.Git.dll)
       Using "Microsoft.SourceLink.AzureRepos.Git.TranslateRepositoryUrls" task from assembly "/root/.dotnet/sdk/10.0.102/Sdks/Microsoft.SourceLink.AzureRepos.Git/build/../tools/net/Microsoft.SourceLink.AzureRepos.Git.dll".
       Task "Microsoft.SourceLink.AzureRepos.Git.TranslateRepositoryUrls"
       Done executing task "Microsoft.SourceLink.AzureRepos.Git.TranslateRepositoryUrls".
   2:6>Done building target "TranslateAzureReposGitUrlsInSourceControlInformation" in project "AdoCore.csproj".
   2:6>Target "TranslateBitbucketGitUrlsInSourceControlInformation" in file "/root/.dotnet/sdk/10.0.102/Sdks/Microsoft.SourceLink.Bitbucket.Git/build/Microsoft.SourceLink.Bitbucket.Git.targets" from project "/QNet/site-packages/atx_dot_net_strands_cli/all_local_test_output/artifact-AdoCore/artifact/sourceCode/AdoCore.csproj" (target "_InitializeSourceControlInformationFromSourceControlManager" depends on it):
       Assembly loaded during TaskRun: Microsoft.SourceLink.Bitbucket.Git, Version=10.0.13.11305, Culture=neutral, PublicKeyToken=31bf3856ad364e35 (location: /root/.dotnet/sdk/10.0.102/Sdks/Microsoft.SourceLink.Bitbucket.Git/tools/net/Microsoft.SourceLink.Bitbucket.Git.dll, MVID: 48f94add-b942-42cc-9b43-3b72a1a8d615, AssemblyLoadContext: MSBuild plugin /root/.dotnet/sdk/10.0.102/Sdks/Microsoft.SourceLink.Bitbucket.Git/tools/net/Microsoft.SourceLink.Bitbucket.Git.dll)
       Using "Microsoft.SourceLink.Bitbucket.Git.TranslateRepositoryUrls" task from assembly "/root/.dotnet/sdk/10.0.102/Sdks/Microsoft.SourceLink.Bitbucket.Git/build/../tools/net/Microsoft.SourceLink.Bitbucket.Git.dll".
       Task "Microsoft.SourceLink.Bitbucket.Git.TranslateRepositoryUrls"
       Done executing task "Microsoft.SourceLink.Bitbucket.Git.TranslateRepositoryUrls".
   2:6>Done building target "TranslateBitbucketGitUrlsInSourceControlInformation" in project "AdoCore.csproj".
   2:6>Target "SourceControlManagerPublishTranslatedUrls" in file "/root/.dotnet/sdk/10.0.102/Sdks/Microsoft.SourceLink.Common/build/InitializeSourceControlInformation.targets" from project "/QNet/site-packages/atx_dot_net_strands_cli/all_local_test_output/artifact-AdoCore/artifact/sourceCode/AdoCore.csproj" (target "_InitializeSourceControlInformationFromSourceControlManager" depends on it):
   2:6>Done building target "SourceControlManagerPublishTranslatedUrls" in project "AdoCore.csproj".
   2:6>Target "_InitializeSourceControlInformationFromSourceControlManager" in file "/root/.dotnet/sdk/10.0.102/Sdks/Microsoft.SourceLink.Common/build/InitializeSourceControlInformation.targets" from project "/QNet/site-packages/atx_dot_net_strands_cli/all_local_test_output/artifact-AdoCore/artifact/sourceCode/AdoCore.csproj" (target "InitializeSourceControlInformation" depends on it):
   2:6>Done building target "_InitializeSourceControlInformationFromSourceControlManager" in project "AdoCore.csproj".
   2:6>Target "InitializeSourceControlInformation" in file "/root/.dotnet/sdk/10.0.102/Microsoft.Common.CurrentVersion.targets" from project "/QNet/site-packages/atx_dot_net_strands_cli/all_local_test_output/artifact-AdoCore/artifact/sourceCode/AdoCore.csproj" (target "GetAssemblyAttributes" depends on it):
   2:6>Done building target "InitializeSourceControlInformation" in project "AdoCore.csproj".
       Target "GetAssemblyVersion" skipped. Previously built successfully.
       Target "InitializeSourceControlInformation" skipped. Previously built successfully.
   2:6>Target "AddSourceRevisionToInformationalVersion" in file "/root/.dotnet/sdk/10.0.102/Sdks/Microsoft.NET.Sdk/targets/Microsoft.NET.GenerateAssemblyInfo.targets" from project "/QNet/site-packages/atx_dot_net_strands_cli/all_local_test_output/artifact-AdoCore/artifact/sourceCode/AdoCore.csproj" (target "GetAssemblyAttributes" depends on it):
       /root/.dotnet/sdk/10.0.102/Sdks/Microsoft.NET.Sdk/targets/Microsoft.NET.GenerateAssemblyInfo.targets(70,7): message : Property reassignment: $(InformationalVersion)="1.0.0+750d1f962cf9f35f86fc791559b135afd9f6dc05" (previous value: "1.0.0") at /root/.dotnet/sdk/10.0.102/Sdks/Microsoft.NET.Sdk/targets/Microsoft.NET.GenerateAssemblyInfo.targets (70,7) [/QNet/site-packages/atx_dot_net_strands_cli/all_local_test_output/artifact-AdoCore/artifact/sourceCode/AdoCore.csproj]
   2:6>Done building target "AddSourceRevisionToInformationalVersion" in project "AdoCore.csproj".
   2:6>Target "GetAssemblyAttributes" in file "/root/.dotnet/sdk/10.0.102/Sdks/Microsoft.NET.Sdk/targets/Microsoft.NET.GenerateAssemblyInfo.targets" from project "/QNet/site-packages/atx_dot_net_strands_cli/all_local_test_output/artifact-AdoCore/artifact/sourceCode/AdoCore.csproj" (target "CreateGeneratedAssemblyInfoInputsCacheFile" depends on it):
   2:6>Done building target "GetAssemblyAttributes" in project "AdoCore.csproj".
   2:6>Target "CreateGeneratedAssemblyInfoInputsCacheFile" in file "/root/.dotnet/sdk/10.0.102/Sdks/Microsoft.NET.Sdk/targets/Microsoft.NET.GenerateAssemblyInfo.targets" from project "/QNet/site-packages/atx_dot_net_strands_cli/all_local_test_output/artifact-AdoCore/artifact/sourceCode/AdoCore.csproj" (target "CoreGenerateAssemblyInfo" depends on it):
       Using "Hash" task from assembly "Microsoft.Build.Tasks.Core, Version=15.1.0.0, Culture=neutral, PublicKeyToken=b03f5f7f11d50a3a".
       Task "Hash"
       Done executing task "Hash".
       Task "WriteLinesToFile"
       Done executing task "WriteLinesToFile".
   2:6>Done building target "CreateGeneratedAssemblyInfoInputsCacheFile" in project "AdoCore.csproj".
   2:6>Target "CoreGenerateAssemblyInfo" in file "/root/.dotnet/sdk/10.0.102/Sdks/Microsoft.NET.Sdk/targets/Microsoft.NET.GenerateAssemblyInfo.targets" from project "/QNet/site-packages/atx_dot_net_strands_cli/all_local_test_output/artifact-AdoCore/artifact/sourceCode/AdoCore.csproj" (target "GenerateAssemblyInfo" depends on it):
       Building target "CoreGenerateAssemblyInfo" completely.
       Output file "obj/Debug/net9.0/AdoCore.AssemblyInfo.cs" does not exist.
       Using "WriteCodeFragment" task from assembly "Microsoft.Build.Tasks.Core, Version=15.1.0.0, Culture=neutral, PublicKeyToken=b03f5f7f11d50a3a".
       Task "WriteCodeFragment"
         Emitted specified code into "obj/Debug/net9.0/AdoCore.AssemblyInfo.cs".
       Done executing task "WriteCodeFragment".
   2:6>Done building target "CoreGenerateAssemblyInfo" in project "AdoCore.csproj".
   2:6>Target "GenerateAssemblyInfo" in file "/root/.dotnet/sdk/10.0.102/Sdks/Microsoft.NET.Sdk/targets/Microsoft.NET.GenerateAssemblyInfo.targets" from project "/QNet/site-packages/atx_dot_net_strands_cli/all_local_test_output/artifact-AdoCore/artifact/sourceCode/AdoCore.csproj" (target "BeforeCompile" depends on it):
   2:6>Done building target "GenerateAssemblyInfo" in project "AdoCore.csproj".
   2:6>Target "BeforeCompile" in file "/root/.dotnet/sdk/10.0.102/Microsoft.Common.CurrentVersion.targets" from project "/QNet/site-packages/atx_dot_net_strands_cli/all_local_test_output/artifact-AdoCore/artifact/sourceCode/AdoCore.csproj" (target "Compile" depends on it):
   2:6>Done building target "BeforeCompile" in project "AdoCore.csproj".
       Target "ResolveAssemblyReferences" skipped. Previously built successfully.
       Target "_GenerateCompileInputs" skipped. Previously built successfully.
   2:6>Target "_GenerateCompileDependencyCache" in file "/root/.dotnet/sdk/10.0.102/Microsoft.Common.CurrentVersion.targets" from project "/QNet/site-packages/atx_dot_net_strands_cli/all_local_test_output/artifact-AdoCore/artifact/sourceCode/AdoCore.csproj" (target "Compile" depends on it):
       Task "Hash"
       Done executing task "Hash".
       Task "WriteLinesToFile"
       Done executing task "WriteLinesToFile".
   2:6>Done building target "_GenerateCompileDependencyCache" in project "AdoCore.csproj".
   2:6>Target "_BeforeVBCSCoreCompile" in file "/root/.dotnet/sdk/10.0.102/Roslyn/Microsoft.Managed.Core.targets" from project "/QNet/site-packages/atx_dot_net_strands_cli/all_local_test_output/artifact-AdoCore/artifact/sourceCode/AdoCore.csproj" (target "CoreCompile" depends on it):
   2:6>Done building target "_BeforeVBCSCoreCompile" in project "AdoCore.csproj".
   2:6>Target "_ComputeSkipAnalyzers" in file "/root/.dotnet/sdk/10.0.102/Roslyn/Microsoft.Managed.Core.targets" from project "/QNet/site-packages/atx_dot_net_strands_cli/all_local_test_output/artifact-AdoCore/artifact/sourceCode/AdoCore.csproj" (target "CoreCompile" depends on it):
   2:6>Done building target "_ComputeSkipAnalyzers" in project "AdoCore.csproj".
       Target "BeforeCompile" skipped. Previously built successfully.
       Target "InitializeSourceControlInformationFromSourceControlManager" skipped. Previously built successfully.
   2:6>Target "SetEmbeddedFilesFromSourceControlManagerUntrackedFiles" in file "/root/.dotnet/sdk/10.0.102/Sdks/Microsoft.Build.Tasks.Git/build/Microsoft.Build.Tasks.Git.targets" from project "/QNet/site-packages/atx_dot_net_strands_cli/all_local_test_output/artifact-AdoCore/artifact/sourceCode/AdoCore.csproj" (target "_SetEmbeddedFilesFromSourceControlManagerUntrackedFiles" depends on it):
       Using "Microsoft.Build.Tasks.Git.GetUntrackedFiles" task from assembly "/root/.dotnet/sdk/10.0.102/Sdks/Microsoft.Build.Tasks.Git/build/../tools/net/Microsoft.Build.Tasks.Git.dll".
       Task "Microsoft.Build.Tasks.Git.GetUntrackedFiles"
         SourceLink: Reusing cached git repository information.
       Done executing task "Microsoft.Build.Tasks.Git.GetUntrackedFiles".
   2:6>Done building target "SetEmbeddedFilesFromSourceControlManagerUntrackedFiles" in project "AdoCore.csproj".
   2:6>Target "_SetEmbeddedFilesFromSourceControlManagerUntrackedFiles" in file "/root/.dotnet/sdk/10.0.102/Sdks/Microsoft.SourceLink.Common/build/Microsoft.SourceLink.Common.targets" from project "/QNet/site-packages/atx_dot_net_strands_cli/all_local_test_output/artifact-AdoCore/artifact/sourceCode/AdoCore.csproj" (target "CoreCompile" depends on it):
   2:6>Done building target "_SetEmbeddedFilesFromSourceControlManagerUntrackedFiles" in project "AdoCore.csproj".
       Target "InitializeSourceControlInformation" skipped. Previously built successfully.
   2:6>Target "_SetSourceLinkFilePath" in file "/root/.dotnet/sdk/10.0.102/Sdks/Microsoft.SourceLink.Common/build/Microsoft.SourceLink.Common.targets" from project "/QNet/site-packages/atx_dot_net_strands_cli/all_local_test_output/artifact-AdoCore/artifact/sourceCode/AdoCore.csproj" (target "_GenerateSourceLinkFile" depends on it):
   2:6>Done building target "_SetSourceLinkFilePath" in project "AdoCore.csproj".
       Target "InitializeSourceControlInformation" skipped. Previously built successfully.
   2:6>Target "_InitializeSourceRootMappedPathsFromSourceControl" in file "/root/.dotnet/sdk/10.0.102/Roslyn/Microsoft.Managed.Core.targets" from project "/QNet/site-packages/atx_dot_net_strands_cli/all_local_test_output/artifact-AdoCore/artifact/sourceCode/AdoCore.csproj" (target "InitializeSourceRootMappedPaths" depends on it):
   2:6>Done building target "_InitializeSourceRootMappedPathsFromSourceControl" in project "AdoCore.csproj".
   2:6>Target "InitializeSourceRootMappedPaths" in file "/root/.dotnet/sdk/10.0.102/Roslyn/Microsoft.Managed.Core.targets" from project "/QNet/site-packages/atx_dot_net_strands_cli/all_local_test_output/artifact-AdoCore/artifact/sourceCode/AdoCore.csproj" (target "_InitializeSourceRootMappedPathsOpt" depends on it):
       Using "Microsoft.CodeAnalysis.BuildTasks.MapSourceRoots" task from assembly "/root/.dotnet/sdk/10.0.102/Sdks/Microsoft.NET.Sdk/targets/../../../Roslyn/Microsoft.Build.Tasks.CodeAnalysis.dll".
       Task "Microsoft.CodeAnalysis.BuildTasks.MapSourceRoots"
       Done executing task "Microsoft.CodeAnalysis.BuildTasks.MapSourceRoots".
   2:6>Done building target "InitializeSourceRootMappedPaths" in project "AdoCore.csproj".
   2:6>Target "_InitializeSourceRootMappedPathsOpt" in file "/root/.dotnet/sdk/10.0.102/Sdks/Microsoft.SourceLink.Common/build/Microsoft.SourceLink.Common.targets" from project "/QNet/site-packages/atx_dot_net_strands_cli/all_local_test_output/artifact-AdoCore/artifact/sourceCode/AdoCore.csproj" (target "_GenerateSourceLinkFile" depends on it):
   2:6>Done building target "_InitializeSourceRootMappedPathsOpt" in project "AdoCore.csproj".
   2:6>Target "_InitializeGitHubSourceLinkUrl" in file "/root/.dotnet/sdk/10.0.102/Sdks/Microsoft.SourceLink.GitHub/build/Microsoft.SourceLink.GitHub.targets" from project "/QNet/site-packages/atx_dot_net_strands_cli/all_local_test_output/artifact-AdoCore/artifact/sourceCode/AdoCore.csproj" (target "_GenerateSourceLinkFile" depends on it):
       Building target "_InitializeGitHubSourceLinkUrl" completely.
       No input files were specified.
       Using "Microsoft.SourceLink.GitHub.GetSourceLinkUrl" task from assembly "/root/.dotnet/sdk/10.0.102/Sdks/Microsoft.SourceLink.GitHub/build/../tools/net/Microsoft.SourceLink.GitHub.dll".
       Task "Microsoft.SourceLink.GitHub.GetSourceLinkUrl"
       Done executing task "Microsoft.SourceLink.GitHub.GetSourceLinkUrl".
   2:6>Done building target "_InitializeGitHubSourceLinkUrl" in project "AdoCore.csproj".
   2:6>Target "_InitializeGitHubSourceLinkUrl" in file "/root/.dotnet/sdk/10.0.102/Sdks/Microsoft.SourceLink.GitHub/build/Microsoft.SourceLink.GitHub.targets" from project "/QNet/site-packages/atx_dot_net_strands_cli/all_local_test_output/artifact-AdoCore/artifact/sourceCode/AdoCore.csproj" (target "_GenerateSourceLinkFile" depends on it):
       Building target "_InitializeGitHubSourceLinkUrl" completely.
       No input files were specified.
       Task "Microsoft.SourceLink.GitHub.GetSourceLinkUrl"
       Done executing task "Microsoft.SourceLink.GitHub.GetSourceLinkUrl".
   2:6>Done building target "_InitializeGitHubSourceLinkUrl" in project "AdoCore.csproj".
   2:6>Target "_InitializeGitLabSourceLinkUrl" in file "/root/.dotnet/sdk/10.0.102/Sdks/Microsoft.SourceLink.GitLab/build/Microsoft.SourceLink.GitLab.targets" from project "/QNet/site-packages/atx_dot_net_strands_cli/all_local_test_output/artifact-AdoCore/artifact/sourceCode/AdoCore.csproj" (target "_GenerateSourceLinkFile" depends on it):
       Building target "_InitializeGitLabSourceLinkUrl" completely.
       No input files were specified.
       Using "Microsoft.SourceLink.GitLab.GetSourceLinkUrl" task from assembly "/root/.dotnet/sdk/10.0.102/Sdks/Microsoft.SourceLink.GitLab/build/../tools/net/Microsoft.SourceLink.GitLab.dll".
       Task "Microsoft.SourceLink.GitLab.GetSourceLinkUrl"
       Done executing task "Microsoft.SourceLink.GitLab.GetSourceLinkUrl".
   2:6>Done building target "_InitializeGitLabSourceLinkUrl" in project "AdoCore.csproj".
   2:6>Target "_InitializeGitLabSourceLinkUrl" in file "/root/.dotnet/sdk/10.0.102/Sdks/Microsoft.SourceLink.GitLab/build/Microsoft.SourceLink.GitLab.targets" from project "/QNet/site-packages/atx_dot_net_strands_cli/all_local_test_output/artifact-AdoCore/artifact/sourceCode/AdoCore.csproj" (target "_GenerateSourceLinkFile" depends on it):
       Building target "_InitializeGitLabSourceLinkUrl" completely.
       No input files were specified.
       Task "Microsoft.SourceLink.GitLab.GetSourceLinkUrl"
       Done executing task "Microsoft.SourceLink.GitLab.GetSourceLinkUrl".
   2:6>Done building target "_InitializeGitLabSourceLinkUrl" in project "AdoCore.csproj".
   2:6>Target "_InitializeAzureReposGitSourceLinkUrl" in file "/root/.dotnet/sdk/10.0.102/Sdks/Microsoft.SourceLink.AzureRepos.Git/build/Microsoft.SourceLink.AzureRepos.Git.targets" from project "/QNet/site-packages/atx_dot_net_strands_cli/all_local_test_output/artifact-AdoCore/artifact/sourceCode/AdoCore.csproj" (target "_GenerateSourceLinkFile" depends on it):
       Building target "_InitializeAzureReposGitSourceLinkUrl" completely.
       No input files were specified.
       Using "Microsoft.SourceLink.AzureRepos.Git.GetSourceLinkUrl" task from assembly "/root/.dotnet/sdk/10.0.102/Sdks/Microsoft.SourceLink.AzureRepos.Git/build/../tools/net/Microsoft.SourceLink.AzureRepos.Git.dll".
       Task "Microsoft.SourceLink.AzureRepos.Git.GetSourceLinkUrl"
       Done executing task "Microsoft.SourceLink.AzureRepos.Git.GetSourceLinkUrl".
   2:6>Done building target "_InitializeAzureReposGitSourceLinkUrl" in project "AdoCore.csproj".
   2:6>Target "_InitializeAzureReposGitSourceLinkUrl" in file "/root/.dotnet/sdk/10.0.102/Sdks/Microsoft.SourceLink.AzureRepos.Git/build/Microsoft.SourceLink.AzureRepos.Git.targets" from project "/QNet/site-packages/atx_dot_net_strands_cli/all_local_test_output/artifact-AdoCore/artifact/sourceCode/AdoCore.csproj" (target "_GenerateSourceLinkFile" depends on it):
       Building target "_InitializeAzureReposGitSourceLinkUrl" completely.
       No input files were specified.
       Task "Microsoft.SourceLink.AzureRepos.Git.GetSourceLinkUrl"
       Done executing task "Microsoft.SourceLink.AzureRepos.Git.GetSourceLinkUrl".
   2:6>Done building target "_InitializeAzureReposGitSourceLinkUrl" in project "AdoCore.csproj".
   2:6>Target "_InitializeBitbucketGitSourceLinkUrl" in file "/root/.dotnet/sdk/10.0.102/Sdks/Microsoft.SourceLink.Bitbucket.Git/build/Microsoft.SourceLink.Bitbucket.Git.targets" from project "/QNet/site-packages/atx_dot_net_strands_cli/all_local_test_output/artifact-AdoCore/artifact/sourceCode/AdoCore.csproj" (target "_GenerateSourceLinkFile" depends on it):
       Building target "_InitializeBitbucketGitSourceLinkUrl" completely.
       No input files were specified.
       Using "Microsoft.SourceLink.Bitbucket.Git.GetSourceLinkUrl" task from assembly "/root/.dotnet/sdk/10.0.102/Sdks/Microsoft.SourceLink.Bitbucket.Git/build/../tools/net/Microsoft.SourceLink.Bitbucket.Git.dll".
       Task "Microsoft.SourceLink.Bitbucket.Git.GetSourceLinkUrl"
       Done executing task "Microsoft.SourceLink.Bitbucket.Git.GetSourceLinkUrl".
   2:6>Done building target "_InitializeBitbucketGitSourceLinkUrl" in project "AdoCore.csproj".
   2:6>Target "_InitializeBitbucketGitSourceLinkUrl" in file "/root/.dotnet/sdk/10.0.102/Sdks/Microsoft.SourceLink.Bitbucket.Git/build/Microsoft.SourceLink.Bitbucket.Git.targets" from project "/QNet/site-packages/atx_dot_net_strands_cli/all_local_test_output/artifact-AdoCore/artifact/sourceCode/AdoCore.csproj" (target "_GenerateSourceLinkFile" depends on it):
       Building target "_InitializeBitbucketGitSourceLinkUrl" completely.
       No input files were specified.
       Task "Microsoft.SourceLink.Bitbucket.Git.GetSourceLinkUrl"
       Done executing task "Microsoft.SourceLink.Bitbucket.Git.GetSourceLinkUrl".
   2:6>Done building target "_InitializeBitbucketGitSourceLinkUrl" in project "AdoCore.csproj".
   2:6>Target "_GenerateSourceLinkFile" in file "/root/.dotnet/sdk/10.0.102/Sdks/Microsoft.SourceLink.Common/build/Microsoft.SourceLink.Common.targets" from project "/QNet/site-packages/atx_dot_net_strands_cli/all_local_test_output/artifact-AdoCore/artifact/sourceCode/AdoCore.csproj" (target "GenerateSourceLinkFile" depends on it):
       Building target "_GenerateSourceLinkFile" completely.
       No input files were specified.
       Using "Microsoft.SourceLink.Common.GenerateSourceLinkFile" task from assembly "/root/.dotnet/sdk/10.0.102/Sdks/Microsoft.SourceLink.Common/build/../tools/net/Microsoft.SourceLink.Common.dll".
       Task "Microsoft.SourceLink.Common.GenerateSourceLinkFile"
         Source Link is empty, file 'obj/Debug/net9.0/AdoCore.sourcelink.json' does not exist.
       Done executing task "Microsoft.SourceLink.Common.GenerateSourceLinkFile".
   2:6>Done building target "_GenerateSourceLinkFile" in project "AdoCore.csproj".
   2:6>Target "GenerateSourceLinkFile" in file "/root/.dotnet/sdk/10.0.102/Sdks/Microsoft.SourceLink.Common/build/Microsoft.SourceLink.Common.targets" from project "/QNet/site-packages/atx_dot_net_strands_cli/all_local_test_output/artifact-AdoCore/artifact/sourceCode/AdoCore.csproj" (target "CoreCompile" depends on it):
   2:6>Done building target "GenerateSourceLinkFile" in project "AdoCore.csproj".
   2:6>Target "AddGlobalAnalyzerConfigForPackage_MicrosoftCodeAnalysisNetAnalyzers" in file "/root/.dotnet/sdk/10.0.102/Sdks/Microsoft.NET.Sdk/analyzers/build/Microsoft.CodeAnalysis.NetAnalyzers.targets" from project "/QNet/site-packages/atx_dot_net_strands_cli/all_local_test_output/artifact-AdoCore/artifact/sourceCode/AdoCore.csproj" (target "CoreCompile" depends on it):
   2:6>Done building target "AddGlobalAnalyzerConfigForPackage_MicrosoftCodeAnalysisNetAnalyzers" in project "AdoCore.csproj".
   2:6>Target "CoreCompile" in file "/root/.dotnet/sdk/10.0.102/Roslyn/Microsoft.CSharp.Core.targets" from project "/QNet/site-packages/atx_dot_net_strands_cli/all_local_test_output/artifact-AdoCore/artifact/sourceCode/AdoCore.csproj" (target "Compile" depends on it):
       Building target "CoreCompile" completely.
       Output file "obj/Debug/net9.0/AdoCore.dll" does not exist.
       /root/.dotnet/sdk/10.0.102/Roslyn/Microsoft.CSharp.Core.targets(66,7): message : Property reassignment: $(NoWarn)="1701;1702;1701;1702" (previous value: "1701;1702") at /root/.dotnet/sdk/10.0.102/Roslyn/Microsoft.CSharp.Core.targets (66,7) [/QNet/site-packages/atx_dot_net_strands_cli/all_local_test_output/artifact-AdoCore/artifact/sourceCode/AdoCore.csproj]
       Using "Csc" task from assembly "/root/.dotnet/sdk/10.0.102/Sdks/Microsoft.NET.Sdk/targets/../../../Roslyn/Microsoft.Build.Tasks.CodeAnalysis.dll".
       Task "Csc"
         Setting DOTNET_ROOT to '/root/.dotnet'
         Environment Variables passed to tool:
           DOTNET_ROOT=
           DOTNET_ROOT=/root/.dotnet
         /root/.dotnet/sdk/10.0.102/Roslyn/bincore/csc /noconfig /unsafe- /checked- /nowarn:1701,1702,1701,1702 /fullpaths /nostdlib+ /errorreport:prompt /warn:9 /define:TRACE;DEBUG;NET;NET9_0;NETCOREAPP;NET5_0_OR_GREATER;NET6_0_OR_GREATER;NET7_0_OR_GREATER;NET8_0_OR_GREATER;NET9_0_OR_GREATER;NETCOREAPP1_0_OR_GREATER;NETCOREAPP1_1_OR_GREATER;NETCOREAPP2_0_OR_GREATER;NETCOREAPP2_1_OR_GREATER;NETCOREAPP2_2_OR_GREATER;NETCOREAPP3_0_OR_GREATER;NETCOREAPP3_1_OR_GREATER /highentropyva+ /nullable:enable /reference:/root/.nuget/packages/microsoft.netcore.app.ref/9.0.12/ref/net9.0/Microsoft.CSharp.dll /reference:/root/.nuget/packages/microsoft.extensions.configuration.abstractions/8.0.0/lib/net8.0/Microsoft.Extensions.Configuration.Abstractions.dll /reference:/root/.nuget/packages/microsoft.extensions.configuration/8.0.0/lib/net8.0/Microsoft.Extensions.Configuration.dll /reference:/root/.nuget/packages/microsoft.extensions.configuration.fileextensions/8.0.0/lib/net8.0/Microsoft.Extensions.Configuration.FileExtensions.dll /reference:/root/.nuget/packages/microsoft.extensions.configuration.json/8.0.0/lib/net8.0/Microsoft.Extensions.Configuration.Json.dll /reference:/root/.nuget/packages/microsoft.extensions.dependencyinjection.abstractions/8.0.0/lib/net8.0/Microsoft.Extensions.DependencyInjection.Abstractions.dll /reference:/root/.nuget/packages/microsoft.extensions.dependencyinjection/8.0.0/lib/net8.0/Microsoft.Extensions.DependencyInjection.dll /reference:/root/.nuget/packages/microsoft.extensions.fileproviders.abstractions/8.0.0/lib/net8.0/Microsoft.Extensions.FileProviders.Abstractions.dll /reference:/root/.nuget/packages/microsoft.extensions.fileproviders.physical/8.0.0/lib/net8.0/Microsoft.Extensions.FileProviders.Physical.dll /reference:/root/.nuget/packages/microsoft.extensions.filesystemglobbing/8.0.0/lib/net8.0/Microsoft.Extensions.FileSystemGlobbing.dll /reference:/root/.nuget/packages/microsoft.extensions.logging.abstractions/8.0.0/lib/net8.0/Microsoft.Extensions.Logging.Abstractions.dll /reference:/root/.nuget/packages/microsoft.extensions.primitives/8.0.0/lib/net8.0/Microsoft.Extensions.Primitives.dll /reference:/root/.nuget/packages/microsoft.netcore.app.ref/9.0.12/ref/net9.0/Microsoft.VisualBasic.Core.dll /reference:/root/.nuget/packages/microsoft.netcore.app.ref/9.0.12/ref/net9.0/Microsoft.VisualBasic.dll /reference:/root/.nuget/packages/microsoft.netcore.app.ref/9.0.12/ref/net9.0/Microsoft.Win32.Primitives.dll /reference:/root/.nuget/packages/microsoft.netcore.app.ref/9.0.12/ref/net9.0/Microsoft.Win32.Registry.dll /reference:/root/.nuget/packages/microsoft.netcore.app.ref/9.0.12/ref/net9.0/mscorlib.dll /reference:/root/.nuget/packages/microsoft.netcore.app.ref/9.0.12/ref/net9.0/netstandard.dll /reference:/root/.nuget/packages/npgsql/8.0.5/lib/net8.0/Npgsql.dll /reference:/root/.nuget/packages/microsoft.netcore.app.ref/9.0.12/ref/net9.0/System.AppContext.dll /reference:/root/.nuget/packages/microsoft.netcore.app.ref/9.0.12/ref/net9.0/System.Buffers.dll /reference:/root/.nuget/packages/microsoft.netcore.app.ref/9.0.12/ref/net9.0/System.Collections.Concurrent.dll /reference:/root/.nuget/packages/microsoft.netcore.app.ref/9.0.12/ref/net9.0/System.Collections.dll /reference:/root/.nuget/packages/microsoft.netcore.app.ref/9.0.12/ref/net9.0/System.Collections.Immutable.dll /reference:/root/.nuget/packages/microsoft.netcore.app.ref/9.0.12/ref/net9.0/System.Collections.NonGeneric.dll /reference:/root/.nuget/packages/microsoft.netcore.app.ref/9.0.12/ref/net9.0/System.Collections.Specialized.dll /reference:/root/.nuget/packages/microsoft.netcore.app.ref/9.0.12/ref/net9.0/System.ComponentModel.Annotations.dll /reference:/root/.nuget/packages/microsoft.netcore.app.ref/9.0.12/ref/net9.0/System.ComponentModel.DataAnnotations.dll /reference:/root/.nuget/packages/microsoft.netcore.app.ref/9.0.12/ref/net9.0/System.ComponentModel.dll /reference:/root/.nuget/packages/microsoft.netcore.app.ref/9.0.12/ref/net9.0/System.ComponentModel.EventBasedAsync.dll /reference:/root/.nuget/packages/microsoft.netcore.app.ref/9.0.12/ref/net9.0/System.ComponentModel.Primitives.dll /reference:/root/.nuget/packages/microsoft.netcore.app.ref/9.0.12/ref/net9.0/System.ComponentModel.TypeConverter.dll /reference:/root/.nuget/packages/microsoft.netcore.app.ref/9.0.12/ref/net9.0/System.Configuration.dll /reference:/root/.nuget/packages/microsoft.netcore.app.ref/9.0.12/ref/net9.0/System.Console.dll /reference:/root/.nuget/packages/microsoft.netcore.app.ref/9.0.12/ref/net9.0/System.Core.dll /reference:/root/.nuget/packages/microsoft.netcore.app.ref/9.0.12/ref/net9.0/System.Data.Common.dll /reference:/root/.nuget/packages/microsoft.netcore.app.ref/9.0.12/ref/net9.0/System.Data.DataSetExtensions.dll /reference:/root/.nuget/packages/microsoft.netcore.app.ref/9.0.12/ref/net9.0/System.Data.dll /reference:/root/.nuget/packages/microsoft.netcore.app.ref/9.0.12/ref/net9.0/System.Diagnostics.Contracts.dll /reference:/root/.nuget/packages/microsoft.netcore.app.ref/9.0.12/ref/net9.0/System.Diagnostics.Debug.dll /reference:/root/.nuget/packages/microsoft.netcore.app.ref/9.0.12/ref/net9.0/System.Diagnostics.DiagnosticSource.dll /reference:/root/.nuget/packages/microsoft.netcore.app.ref/9.0.12/ref/net9.0/System.Diagnostics.FileVersionInfo.dll /reference:/root/.nuget/packages/microsoft.netcore.app.ref/9.0.12/ref/net9.0/System.Diagnostics.Process.dll /reference:/root/.nuget/packages/microsoft.netcore.app.ref/9.0.12/ref/net9.0/System.Diagnostics.StackTrace.dll /reference:/root/.nuget/packages/microsoft.netcore.app.ref/9.0.12/ref/net9.0/System.Diagnostics.TextWriterTraceListener.dll /reference:/root/.nuget/packages/microsoft.netcore.app.ref/9.0.12/ref/net9.0/System.Diagnostics.Tools.dll /reference:/root/.nuget/packages/microsoft.netcore.app.ref/9.0.12/ref/net9.0/System.Diagnostics.TraceSource.dll /reference:/root/.nuget/packages/microsoft.netcore.app.ref/9.0.12/ref/net9.0/System.Diagnostics.Tracing.dll /reference:/root/.nuget/packages/microsoft.netcore.app.ref/9.0.12/ref/net9.0/System.dll /reference:/root/.nuget/packages/microsoft.netcore.app.ref/9.0.12/ref/net9.0/System.Drawing.dll /reference:/root/.nuget/packages/microsoft.netcore.app.ref/9.0.12/ref/net9.0/System.Drawing.Primitives.dll /reference:/root/.nuget/packages/microsoft.netcore.app.ref/9.0.12/ref/net9.0/System.Dynamic.Runtime.dll /reference:/root/.nuget/packages/microsoft.netcore.app.ref/9.0.12/ref/net9.0/System.Formats.Asn1.dll /reference:/root/.nuget/packages/microsoft.netcore.app.ref/9.0.12/ref/net9.0/System.Formats.Tar.dll /reference:/root/.nuget/packages/microsoft.netcore.app.ref/9.0.12/ref/net9.0/System.Globalization.Calendars.dll /reference:/root/.nuget/packages/microsoft.netcore.app.ref/9.0.12/ref/net9.0/System.Globalization.dll /reference:/root/.nuget/packages/microsoft.netcore.app.ref/9.0.12/ref/net9.0/System.Globalization.Extensions.dll /reference:/root/.nuget/packages/microsoft.netcore.app.ref/9.0.12/ref/net9.0/System.IO.Compression.Brotli.dll /reference:/root/.nuget/packages/microsoft.netcore.app.ref/9.0.12/ref/net9.0/System.IO.Compression.dll /reference:/root/.nuget/packages/microsoft.netcore.app.ref/9.0.12/ref/net9.0/System.IO.Compression.FileSystem.dll /reference:/root/.nuget/packages/microsoft.netcore.app.ref/9.0.12/ref/net9.0/System.IO.Compression.ZipFile.dll /reference:/root/.nuget/packages/microsoft.netcore.app.ref/9.0.12/ref/net9.0/System.IO.dll /reference:/root/.nuget/packages/microsoft.netcore.app.ref/9.0.12/ref/net9.0/System.IO.FileSystem.AccessControl.dll /reference:/root/.nuget/packages/microsoft.netcore.app.ref/9.0.12/ref/net9.0/System.IO.FileSystem.dll /reference:/root/.nuget/packages/microsoft.netcore.app.ref/9.0.12/ref/net9.0/System.IO.FileSystem.DriveInfo.dll /reference:/root/.nuget/packages/microsoft.netcore.app.ref/9.0.12/ref/net9.0/System.IO.FileSystem.Primitives.dll /reference:/root/.nuget/packages/microsoft.netcore.app.ref/9.0.12/ref/net9.0/System.IO.FileSystem.Watcher.dll /reference:/root/.nuget/packages/microsoft.netcore.app.ref/9.0.12/ref/net9.0/System.IO.IsolatedStorage.dll /reference:/root/.nuget/packages/microsoft.netcore.app.ref/9.0.12/ref/net9.0/System.IO.MemoryMappedFiles.dll /reference:/root/.nuget/packages/microsoft.netcore.app.ref/9.0.12/ref/net9.0/System.IO.Pipelines.dll /reference:/root/.nuget/packages/microsoft.netcore.app.ref/9.0.12/ref/net9.0/System.IO.Pipes.AccessControl.dll /reference:/root/.nuget/packages/microsoft.netcore.app.ref/9.0.12/ref/net9.0/System.IO.Pipes.dll /reference:/root/.nuget/packages/microsoft.netcore.app.ref/9.0.12/ref/net9.0/System.IO.UnmanagedMemoryStream.dll /reference:/root/.nuget/packages/microsoft.netcore.app.ref/9.0.12/ref/net9.0/System.Linq.dll /reference:/root/.nuget/packages/microsoft.netcore.app.ref/9.0.12/ref/net9.0/System.Linq.Expressions.dll /reference:/root/.nuget/packages/microsoft.netcore.app.ref/9.0.12/ref/net9.0/System.Linq.Parallel.dll /reference:/root/.nuget/packages/microsoft.netcore.app.ref/9.0.12/ref/net9.0/System.Linq.Queryable.dll /reference:/root/.nuget/packages/microsoft.netcore.app.ref/9.0.12/ref/net9.0/System.Memory.dll /reference:/root/.nuget/packages/microsoft.netcore.app.ref/9.0.12/ref/net9.0/System.Net.dll /reference:/root/.nuget/packages/microsoft.netcore.app.ref/9.0.12/ref/net9.0/System.Net.Http.dll /reference:/root/.nuget/packages/microsoft.netcore.app.ref/9.0.12/ref/net9.0/System.Net.Http.Json.dll /reference:/root/.nuget/packages/microsoft.netcore.app.ref/9.0.12/ref/net9.0/System.Net.HttpListener.dll /reference:/root/.nuget/packages/microsoft.netcore.app.ref/9.0.12/ref/net9.0/System.Net.Mail.dll /reference:/root/.nuget/packages/microsoft.netcore.app.ref/9.0.12/ref/net9.0/System.Net.NameResolution.dll /reference:/root/.nuget/packages/microsoft.netcore.app.ref/9.0.12/ref/net9.0/System.Net.NetworkInformation.dll /reference:/root/.nuget/packages/microsoft.netcore.app.ref/9.0.12/ref/net9.0/System.Net.Ping.dll /reference:/root/.nuget/packages/microsoft.netcore.app.ref/9.0.12/ref/net9.0/System.Net.Primitives.dll /reference:/root/.nuget/packages/microsoft.netcore.app.ref/9.0.12/ref/net9.0/System.Net.Quic.dll /reference:/root/.nuget/packages/microsoft.netcore.app.ref/9.0.12/ref/net9.0/System.Net.Requests.dll /reference:/root/.nuget/packages/microsoft.netcore.app.ref/9.0.12/ref/net9.0/System.Net.Security.dll /reference:/root/.nuget/packages/microsoft.netcore.app.ref/9.0.12/ref/net9.0/System.Net.ServicePoint.dll /reference:/root/.nuget/packages/microsoft.netcore.app.ref/9.0.12/ref/net9.0/System.Net.Sockets.dll /reference:/root/.nuget/packages/microsoft.netcore.app.ref/9.0.12/ref/net9.0/System.Net.WebClient.dll /reference:/root/.nuget/packages/microsoft.netcore.app.ref/9.0.12/ref/net9.0/System.Net.WebHeaderCollection.dll /reference:/root/.nuget/packages/microsoft.netcore.app.ref/9.0.12/ref/net9.0/System.Net.WebProxy.dll /reference:/root/.nuget/packages/microsoft.netcore.app.ref/9.0.12/ref/net9.0/System.Net.WebSockets.Client.dll /reference:/root/.nuget/packages/microsoft.netcore.app.ref/9.0.12/ref/net9.0/System.Net.WebSockets.dll /reference:/root/.nuget/packages/microsoft.netcore.app.ref/9.0.12/ref/net9.0/System.Numerics.dll /reference:/root/.nuget/packages/microsoft.netcore.app.ref/9.0.12/ref/net9.0/System.Numerics.Vectors.dll /reference:/root/.nuget/packages/microsoft.netcore.app.ref/9.0.12/ref/net9.0/System.ObjectModel.dll /reference:/root/.nuget/packages/microsoft.netcore.app.ref/9.0.12/ref/net9.0/System.Reflection.DispatchProxy.dll /reference:/root/.nuget/packages/microsoft.netcore.app.ref/9.0.12/ref/net9.0/System.Reflection.dll /reference:/root/.nuget/packages/microsoft.netcore.app.ref/9.0.12/ref/net9.0/System.Reflection.Emit.dll /reference:/root/.nuget/packages/microsoft.netcore.app.ref/9.0.12/ref/net9.0/System.Reflection.Emit.ILGeneration.dll /reference:/root/.nuget/packages/microsoft.netcore.app.ref/9.0.12/ref/net9.0/System.Reflection.Emit.Lightweight.dll /reference:/root/.nuget/packages/microsoft.netcore.app.ref/9.0.12/ref/net9.0/System.Reflection.Extensions.dll /reference:/root/.nuget/packages/microsoft.netcore.app.ref/9.0.12/ref/net9.0/System.Reflection.Metadata.dll /reference:/root/.nuget/packages/microsoft.netcore.app.ref/9.0.12/ref/net9.0/System.Reflection.Primitives.dll /reference:/root/.nuget/packages/microsoft.netcore.app.ref/9.0.12/ref/net9.0/System.Reflection.TypeExtensions.dll /reference:/root/.nuget/packages/microsoft.netcore.app.ref/9.0.12/ref/net9.0/System.Resources.Reader.dll /reference:/root/.nuget/packages/microsoft.netcore.app.ref/9.0.12/ref/net9.0/System.Resources.ResourceManager.dll /reference:/root/.nuget/packages/microsoft.netcore.app.ref/9.0.12/ref/net9.0/System.Resources.Writer.dll /reference:/root/.nuget/packages/microsoft.netcore.app.ref/9.0.12/ref/net9.0/System.Runtime.CompilerServices.Unsafe.dll /reference:/root/.nuget/packages/microsoft.netcore.app.ref/9.0.12/ref/net9.0/System.Runtime.CompilerServices.VisualC.dll /reference:/root/.nuget/packages/microsoft.netcore.app.ref/9.0.12/ref/net9.0/System.Runtime.dll /reference:/root/.nuget/packages/microsoft.netcore.app.ref/9.0.12/ref/net9.0/System.Runtime.Extensions.dll /reference:/root/.nuget/packages/microsoft.netcore.app.ref/9.0.12/ref/net9.0/System.Runtime.Handles.dll /reference:/root/.nuget/packages/microsoft.netcore.app.ref/9.0.12/ref/net9.0/System.Runtime.InteropServices.dll /reference:/root/.nuget/packages/microsoft.netcore.app.ref/9.0.12/ref/net9.0/System.Runtime.InteropServices.JavaScript.dll /reference:/root/.nuget/packages/microsoft.netcore.app.ref/9.0.12/ref/net9.0/System.Runtime.InteropServices.RuntimeInformation.dll /reference:/root/.nuget/packages/microsoft.netcore.app.ref/9.0.12/ref/net9.0/System.Runtime.Intrinsics.dll /reference:/root/.nuget/packages/microsoft.netcore.app.ref/9.0.12/ref/net9.0/System.Runtime.Loader.dll /reference:/root/.nuget/packages/microsoft.netcore.app.ref/9.0.12/ref/net9.0/System.Runtime.Numerics.dll /reference:/root/.nuget/packages/microsoft.netcore.app.ref/9.0.12/ref/net9.0/System.Runtime.Serialization.dll /reference:/root/.nuget/packages/microsoft.netcore.app.ref/9.0.12/ref/net9.0/System.Runtime.Serialization.Formatters.dll /reference:/root/.nuget/packages/microsoft.netcore.app.ref/9.0.12/ref/net9.0/System.Runtime.Serialization.Json.dll /reference:/root/.nuget/packages/microsoft.netcore.app.ref/9.0.12/ref/net9.0/System.Runtime.Serialization.Primitives.dll /reference:/root/.nuget/packages/microsoft.netcore.app.ref/9.0.12/ref/net9.0/System.Runtime.Serialization.Xml.dll /reference:/root/.nuget/packages/microsoft.netcore.app.ref/9.0.12/ref/net9.0/System.Security.AccessControl.dll /reference:/root/.nuget/packages/microsoft.netcore.app.ref/9.0.12/ref/net9.0/System.Security.Claims.dll /reference:/root/.nuget/packages/microsoft.netcore.app.ref/9.0.12/ref/net9.0/System.Security.Cryptography.Algorithms.dll /reference:/root/.nuget/packages/microsoft.netcore.app.ref/9.0.12/ref/net9.0/System.Security.Cryptography.Cng.dll /reference:/root/.nuget/packages/microsoft.netcore.app.ref/9.0.12/ref/net9.0/System.Security.Cryptography.Csp.dll /reference:/root/.nuget/packages/microsoft.netcore.app.ref/9.0.12/ref/net9.0/System.Security.Cryptography.dll /reference:/root/.nuget/packages/microsoft.netcore.app.ref/9.0.12/ref/net9.0/System.Security.Cryptography.Encoding.dll /reference:/root/.nuget/packages/microsoft.netcore.app.ref/9.0.12/ref/net9.0/System.Security.Cryptography.OpenSsl.dll /reference:/root/.nuget/packages/microsoft.netcore.app.ref/9.0.12/ref/net9.0/System.Security.Cryptography.Primitives.dll /reference:/root/.nuget/packages/microsoft.netcore.app.ref/9.0.12/ref/net9.0/System.Security.Cryptography.X509Certificates.dll /reference:/root/.nuget/packages/microsoft.netcore.app.ref/9.0.12/ref/net9.0/System.Security.dll /reference:/root/.nuget/packages/microsoft.netcore.app.ref/9.0.12/ref/net9.0/System.Security.Principal.dll /reference:/root/.nuget/packages/microsoft.netcore.app.ref/9.0.12/ref/net9.0/System.Security.Principal.Windows.dll /reference:/root/.nuget/packages/microsoft.netcore.app.ref/9.0.12/ref/net9.0/System.Security.SecureString.dll /reference:/root/.nuget/packages/microsoft.netcore.app.ref/9.0.12/ref/net9.0/System.ServiceModel.Web.dll /reference:/root/.nuget/packages/microsoft.netcore.app.ref/9.0.12/ref/net9.0/System.ServiceProcess.dll /reference:/root/.nuget/packages/microsoft.netcore.app.ref/9.0.12/ref/net9.0/System.Text.Encoding.CodePages.dll /reference:/root/.nuget/packages/microsoft.netcore.app.ref/9.0.12/ref/net9.0/System.Text.Encoding.dll /reference:/root/.nuget/packages/microsoft.netcore.app.ref/9.0.12/ref/net9.0/System.Text.Encoding.Extensions.dll /reference:/root/.nuget/packages/microsoft.netcore.app.ref/9.0.12/ref/net9.0/System.Text.Encodings.Web.dll /reference:/root/.nuget/packages/microsoft.netcore.app.ref/9.0.12/ref/net9.0/System.Text.Json.dll /reference:/root/.nuget/packages/microsoft.netcore.app.ref/9.0.12/ref/net9.0/System.Text.RegularExpressions.dll /reference:/root/.nuget/packages/microsoft.netcore.app.ref/9.0.12/ref/net9.0/System.Threading.Channels.dll /reference:/root/.nuget/packages/microsoft.netcore.app.ref/9.0.12/ref/net9.0/System.Threading.dll /reference:/root/.nuget/packages/microsoft.netcore.app.ref/9.0.12/ref/net9.0/System.Threading.Overlapped.dll /reference:/root/.nuget/packages/microsoft.netcore.app.ref/9.0.12/ref/net9.0/System.Threading.Tasks.Dataflow.dll /reference:/root/.nuget/packages/microsoft.netcore.app.ref/9.0.12/ref/net9.0/System.Threading.Tasks.dll /reference:/root/.nuget/packages/microsoft.netcore.app.ref/9.0.12/ref/net9.0/System.Threading.Tasks.Extensions.dll /reference:/root/.nuget/packages/microsoft.netcore.app.ref/9.0.12/ref/net9.0/System.Threading.Tasks.Parallel.dll /reference:/root/.nuget/packages/microsoft.netcore.app.ref/9.0.12/ref/net9.0/System.Threading.Thread.dll /reference:/root/.nuget/packages/microsoft.netcore.app.ref/9.0.12/ref/net9.0/System.Threading.ThreadPool.dll /reference:/root/.nuget/packages/microsoft.netcore.app.ref/9.0.12/ref/net9.0/System.Threading.Timer.dll /reference:/root/.nuget/packages/microsoft.netcore.app.ref/9.0.12/ref/net9.0/System.Transactions.dll /reference:/root/.nuget/packages/microsoft.netcore.app.ref/9.0.12/ref/net9.0/System.Transactions.Local.dll /reference:/root/.nuget/packages/microsoft.netcore.app.ref/9.0.12/ref/net9.0/System.ValueTuple.dll /reference:/root/.nuget/packages/microsoft.netcore.app.ref/9.0.12/ref/net9.0/System.Web.dll /reference:/root/.nuget/packages/microsoft.netcore.app.ref/9.0.12/ref/net9.0/System.Web.HttpUtility.dll /reference:/root/.nuget/packages/microsoft.netcore.app.ref/9.0.12/ref/net9.0/System.Windows.dll /reference:/root/.nuget/packages/microsoft.netcore.app.ref/9.0.12/ref/net9.0/System.Xml.dll /reference:/root/.nuget/packages/microsoft.netcore.app.ref/9.0.12/ref/net9.0/System.Xml.Linq.dll /reference:/root/.nuget/packages/microsoft.netcore.app.ref/9.0.12/ref/net9.0/System.Xml.ReaderWriter.dll /reference:/root/.nuget/packages/microsoft.netcore.app.ref/9.0.12/ref/net9.0/System.Xml.Serialization.dll /reference:/root/.nuget/packages/microsoft.netcore.app.ref/9.0.12/ref/net9.0/System.Xml.XDocument.dll /reference:/root/.nuget/packages/microsoft.netcore.app.ref/9.0.12/ref/net9.0/System.Xml.XmlDocument.dll /reference:/root/.nuget/packages/microsoft.netcore.app.ref/9.0.12/ref/net9.0/System.Xml.XmlSerializer.dll /reference:/root/.nuget/packages/microsoft.netcore.app.ref/9.0.12/ref/net9.0/System.Xml.XPath.dll /reference:/root/.nuget/packages/microsoft.netcore.app.ref/9.0.12/ref/net9.0/System.Xml.XPath.XDocument.dll /reference:/root/.nuget/packages/microsoft.netcore.app.ref/9.0.12/ref/net9.0/WindowsBase.dll /debug+ /debug:portable /filealign:512 /optimize- /out:obj/Debug/net9.0/AdoCore.dll /refout:obj/Debug/net9.0/refint/AdoCore.dll /target:exe /warnaserror- /utf8output /deterministic+ /langversion:13.0 /embed:obj/Debug/net9.0/AdoCore.GlobalUsings.g.cs /embed:"obj/Debug/net9.0/.NETCoreApp,Version=v9.0.AssemblyAttributes.cs" /embed:obj/Debug/net9.0/AdoCore.AssemblyInfo.cs /analyzerconfig:obj/Debug/net9.0/AdoCore.GeneratedMSBuildEditorConfig.editorconfig /analyzerconfig:/root/.dotnet/sdk/10.0.102/Sdks/Microsoft.NET.Sdk/analyzers/build/config/analysislevel_9_default.globalconfig /analyzer:/root/.dotnet/sdk/10.0.102/Sdks/Microsoft.NET.Sdk/targets/../analyzers/Microsoft.CodeAnalysis.CSharp.NetAnalyzers.dll /analyzer:/root/.dotnet/sdk/10.0.102/Sdks/Microsoft.NET.Sdk/targets/../analyzers/Microsoft.CodeAnalysis.NetAnalyzers.dll /analyzer:/root/.nuget/packages/microsoft.extensions.logging.abstractions/8.0.0/analyzers/dotnet/roslyn4.4/cs/Microsoft.Extensions.Logging.Generators.dll /analyzer:/root/.nuget/packages/microsoft.netcore.app.ref/9.0.12/analyzers/dotnet/cs/Microsoft.Interop.ComInterfaceGenerator.dll /analyzer:/root/.nuget/packages/microsoft.netcore.app.ref/9.0.12/analyzers/dotnet/cs/Microsoft.Interop.JavaScript.JSImportGenerator.dll /analyzer:/root/.nuget/packages/microsoft.netcore.app.ref/9.0.12/analyzers/dotnet/cs/Microsoft.Interop.LibraryImportGenerator.dll /analyzer:/root/.nuget/packages/microsoft.netcore.app.ref/9.0.12/analyzers/dotnet/cs/Microsoft.Interop.SourceGeneration.dll /analyzer:/root/.nuget/packages/microsoft.netcore.app.ref/9.0.12/analyzers/dotnet/cs/System.Text.Json.SourceGeneration.dll /analyzer:/root/.nuget/packages/microsoft.netcore.app.ref/9.0.12/analyzers/dotnet/cs/System.Text.RegularExpressions.Generator.dll Business/ProductService.cs CLI/CommandLineInterface.cs CLI/InteractiveMenu.cs DataAccess/ProductRepository.cs Models/Product.cs Program.cs obj/Debug/net9.0/AdoCore.GlobalUsings.g.cs "obj/Debug/net9.0/.NETCoreApp,Version=v9.0.AssemblyAttributes.cs" obj/Debug/net9.0/AdoCore.AssemblyInfo.cs /warnaserror+:NU1605,SYSLIB0011
         Compilation request AdoCore (net9.0), PathToTool=/root/.dotnet/sdk/10.0.102/Roslyn/bincore/csc
         Assembly loaded during TaskRun (Microsoft.CodeAnalysis.BuildTasks.Csc): System.Security.Principal.Windows, Version=10.0.0.0, Culture=neutral, PublicKeyToken=b03f5f7f11d50a3a (location: /root/.dotnet/shared/Microsoft.NETCore.App/10.0.2/System.Security.Principal.Windows.dll, MVID: ff2f6f9a-3c68-4751-b065-fbda6bc30b37, AssemblyLoadContext: Default)
         Assembly loaded during TaskRun (Microsoft.CodeAnalysis.BuildTasks.Csc): System.Security.Claims, Version=10.0.0.0, Culture=neutral, PublicKeyToken=b03f5f7f11d50a3a (location: /root/.dotnet/shared/Microsoft.NETCore.App/10.0.2/System.Security.Claims.dll, MVID: 5a6c1927-dac1-41fd-825d-62505dd1970a, AssemblyLoadContext: Default)
         CommandLine = ' /noconfig'
         BuildResponseFile = '/unsafe- /checked- /nowarn:1701,1702,1701,1702 /fullpaths /nostdlib+ /errorreport:prompt /warn:9 /define:TRACE;DEBUG;NET;NET9_0;NETCOREAPP;NET5_0_OR_GREATER;NET6_0_OR_GREATER;NET7_0_OR_GREATER;NET8_0_OR_GREATER;NET9_0_OR_GREATER;NETCOREAPP1_0_OR_GREATER;NETCOREAPP1_1_OR_GREATER;NETCOREAPP2_0_OR_GREATER;NETCOREAPP2_1_OR_GREATER;NETCOREAPP2_2_OR_GREATER;NETCOREAPP3_0_OR_GREATER;NETCOREAPP3_1_OR_GREATER /highentropyva+ /nullable:enable /reference:/root/.nuget/packages/microsoft.netcore.app.ref/9.0.12/ref/net9.0/Microsoft.CSharp.dll /reference:/root/.nuget/packages/microsoft.extensions.configuration.abstractions/8.0.0/lib/net8.0/Microsoft.Extensions.Configuration.Abstractions.dll /reference:/root/.nuget/packages/microsoft.extensions.configuration/8.0.0/lib/net8.0/Microsoft.Extensions.Configuration.dll /reference:/root/.nuget/packages/microsoft.extensions.configuration.fileextensions/8.0.0/lib/net8.0/Microsoft.Extensions.Configuration.FileExtensions.dll /reference:/root/.nuget/packages/microsoft.extensions.configuration.json/8.0.0/lib/net8.0/Microsoft.Extensions.Configuration.Json.dll /reference:/root/.nuget/packages/microsoft.extensions.dependencyinjection.abstractions/8.0.0/lib/net8.0/Microsoft.Extensions.DependencyInjection.Abstractions.dll /reference:/root/.nuget/packages/microsoft.extensions.dependencyinjection/8.0.0/lib/net8.0/Microsoft.Extensions.DependencyInjection.dll /reference:/root/.nuget/packages/microsoft.extensions.fileproviders.abstractions/8.0.0/lib/net8.0/Microsoft.Extensions.FileProviders.Abstractions.dll /reference:/root/.nuget/packages/microsoft.extensions.fileproviders.physical/8.0.0/lib/net8.0/Microsoft.Extensions.FileProviders.Physical.dll /reference:/root/.nuget/packages/microsoft.extensions.filesystemglobbing/8.0.0/lib/net8.0/Microsoft.Extensions.FileSystemGlobbing.dll /reference:/root/.nuget/packages/microsoft.extensions.logging.abstractions/8.0.0/lib/net8.0/Microsoft.Extensions.Logging.Abstractions.dll /reference:/root/.nuget/packages/microsoft.extensions.primitives/8.0.0/lib/net8.0/Microsoft.Extensions.Primitives.dll /reference:/root/.nuget/packages/microsoft.netcore.app.ref/9.0.12/ref/net9.0/Microsoft.VisualBasic.Core.dll /reference:/root/.nuget/packages/microsoft.netcore.app.ref/9.0.12/ref/net9.0/Microsoft.VisualBasic.dll /reference:/root/.nuget/packages/microsoft.netcore.app.ref/9.0.12/ref/net9.0/Microsoft.Win32.Primitives.dll /reference:/root/.nuget/packages/microsoft.netcore.app.ref/9.0.12/ref/net9.0/Microsoft.Win32.Registry.dll /reference:/root/.nuget/packages/microsoft.netcore.app.ref/9.0.12/ref/net9.0/mscorlib.dll /reference:/root/.nuget/packages/microsoft.netcore.app.ref/9.0.12/ref/net9.0/netstandard.dll /reference:/root/.nuget/packages/npgsql/8.0.5/lib/net8.0/Npgsql.dll /reference:/root/.nuget/packages/microsoft.netcore.app.ref/9.0.12/ref/net9.0/System.AppContext.dll /reference:/root/.nuget/packages/microsoft.netcore.app.ref/9.0.12/ref/net9.0/System.Buffers.dll /reference:/root/.nuget/packages/microsoft.netcore.app.ref/9.0.12/ref/net9.0/System.Collections.Concurrent.dll /reference:/root/.nuget/packages/microsoft.netcore.app.ref/9.0.12/ref/net9.0/System.Collections.dll /reference:/root/.nuget/packages/microsoft.netcore.app.ref/9.0.12/ref/net9.0/System.Collections.Immutable.dll /reference:/root/.nuget/packages/microsoft.netcore.app.ref/9.0.12/ref/net9.0/System.Collections.NonGeneric.dll /reference:/root/.nuget/packages/microsoft.netcore.app.ref/9.0.12/ref/net9.0/System.Collections.Specialized.dll /reference:/root/.nuget/packages/microsoft.netcore.app.ref/9.0.12/ref/net9.0/System.ComponentModel.Annotations.dll /reference:/root/.nuget/packages/microsoft.netcore.app.ref/9.0.12/ref/net9.0/System.ComponentModel.DataAnnotations.dll /reference:/root/.nuget/packages/microsoft.netcore.app.ref/9.0.12/ref/net9.0/System.ComponentModel.dll /reference:/root/.nuget/packages/microsoft.netcore.app.ref/9.0.12/ref/net9.0/System.ComponentModel.EventBasedAsync.dll /reference:/root/.nuget/packages/microsoft.netcore.app.ref/9.0.12/ref/net9.0/System.ComponentModel.Primitives.dll /reference:/root/.nuget/packages/microsoft.netcore.app.ref/9.0.12/ref/net9.0/System.ComponentModel.TypeConverter.dll /reference:/root/.nuget/packages/microsoft.netcore.app.ref/9.0.12/ref/net9.0/System.Configuration.dll /reference:/root/.nuget/packages/microsoft.netcore.app.ref/9.0.12/ref/net9.0/System.Console.dll /reference:/root/.nuget/packages/microsoft.netcore.app.ref/9.0.12/ref/net9.0/System.Core.dll /reference:/root/.nuget/packages/microsoft.netcore.app.ref/9.0.12/ref/net9.0/System.Data.Common.dll /reference:/root/.nuget/packages/microsoft.netcore.app.ref/9.0.12/ref/net9.0/System.Data.DataSetExtensions.dll /reference:/root/.nuget/packages/microsoft.netcore.app.ref/9.0.12/ref/net9.0/System.Data.dll /reference:/root/.nuget/packages/microsoft.netcore.app.ref/9.0.12/ref/net9.0/System.Diagnostics.Contracts.dll /reference:/root/.nuget/packages/microsoft.netcore.app.ref/9.0.12/ref/net9.0/System.Diagnostics.Debug.dll /reference:/root/.nuget/packages/microsoft.netcore.app.ref/9.0.12/ref/net9.0/System.Diagnostics.DiagnosticSource.dll /reference:/root/.nuget/packages/microsoft.netcore.app.ref/9.0.12/ref/net9.0/System.Diagnostics.FileVersionInfo.dll /reference:/root/.nuget/packages/microsoft.netcore.app.ref/9.0.12/ref/net9.0/System.Diagnostics.Process.dll /reference:/root/.nuget/packages/microsoft.netcore.app.ref/9.0.12/ref/net9.0/System.Diagnostics.StackTrace.dll /reference:/root/.nuget/packages/microsoft.netcore.app.ref/9.0.12/ref/net9.0/System.Diagnostics.TextWriterTraceListener.dll /reference:/root/.nuget/packages/microsoft.netcore.app.ref/9.0.12/ref/net9.0/System.Diagnostics.Tools.dll /reference:/root/.nuget/packages/microsoft.netcore.app.ref/9.0.12/ref/net9.0/System.Diagnostics.TraceSource.dll /reference:/root/.nuget/packages/microsoft.netcore.app.ref/9.0.12/ref/net9.0/System.Diagnostics.Tracing.dll /reference:/root/.nuget/packages/microsoft.netcore.app.ref/9.0.12/ref/net9.0/System.dll /reference:/root/.nuget/packages/microsoft.netcore.app.ref/9.0.12/ref/net9.0/System.Drawing.dll /reference:/root/.nuget/packages/microsoft.netcore.app.ref/9.0.12/ref/net9.0/System.Drawing.Primitives.dll /reference:/root/.nuget/packages/microsoft.netcore.app.ref/9.0.12/ref/net9.0/System.Dynamic.Runtime.dll /reference:/root/.nuget/packages/microsoft.netcore.app.ref/9.0.12/ref/net9.0/System.Formats.Asn1.dll /reference:/root/.nuget/packages/microsoft.netcore.app.ref/9.0.12/ref/net9.0/System.Formats.Tar.dll /reference:/root/.nuget/packages/microsoft.netcore.app.ref/9.0.12/ref/net9.0/System.Globalization.Calendars.dll /reference:/root/.nuget/packages/microsoft.netcore.app.ref/9.0.12/ref/net9.0/System.Globalization.dll /reference:/root/.nuget/packages/microsoft.netcore.app.ref/9.0.12/ref/net9.0/System.Globalization.Extensions.dll /reference:/root/.nuget/packages/microsoft.netcore.app.ref/9.0.12/ref/net9.0/System.IO.Compression.Brotli.dll /reference:/root/.nuget/packages/microsoft.netcore.app.ref/9.0.12/ref/net9.0/System.IO.Compression.dll /reference:/root/.nuget/packages/microsoft.netcore.app.ref/9.0.12/ref/net9.0/System.IO.Compression.FileSystem.dll /reference:/root/.nuget/packages/microsoft.netcore.app.ref/9.0.12/ref/net9.0/System.IO.Compression.ZipFile.dll /reference:/root/.nuget/packages/microsoft.netcore.app.ref/9.0.12/ref/net9.0/System.IO.dll /reference:/root/.nuget/packages/microsoft.netcore.app.ref/9.0.12/ref/net9.0/System.IO.FileSystem.AccessControl.dll /reference:/root/.nuget/packages/microsoft.netcore.app.ref/9.0.12/ref/net9.0/System.IO.FileSystem.dll /reference:/root/.nuget/packages/microsoft.netcore.app.ref/9.0.12/ref/net9.0/System.IO.FileSystem.DriveInfo.dll /reference:/root/.nuget/packages/microsoft.netcore.app.ref/9.0.12/ref/net9.0/System.IO.FileSystem.Primitives.dll /reference:/root/.nuget/packages/microsoft.netcore.app.ref/9.0.12/ref/net9.0/System.IO.FileSystem.Watcher.dll /reference:/root/.nuget/packages/microsoft.netcore.app.ref/9.0.12/ref/net9.0/System.IO.IsolatedStorage.dll /reference:/root/.nuget/packages/microsoft.netcore.app.ref/9.0.12/ref/net9.0/System.IO.MemoryMappedFiles.dll /reference:/root/.nuget/packages/microsoft.netcore.app.ref/9.0.12/ref/net9.0/System.IO.Pipelines.dll /reference:/root/.nuget/packages/microsoft.netcore.app.ref/9.0.12/ref/net9.0/System.IO.Pipes.AccessControl.dll /reference:/root/.nuget/packages/microsoft.netcore.app.ref/9.0.12/ref/net9.0/System.IO.Pipes.dll /reference:/root/.nuget/packages/microsoft.netcore.app.ref/9.0.12/ref/net9.0/System.IO.UnmanagedMemoryStream.dll /reference:/root/.nuget/packages/microsoft.netcore.app.ref/9.0.12/ref/net9.0/System.Linq.dll /reference:/root/.nuget/packages/microsoft.netcore.app.ref/9.0.12/ref/net9.0/System.Linq.Expressions.dll /reference:/root/.nuget/packages/microsoft.netcore.app.ref/9.0.12/ref/net9.0/System.Linq.Parallel.dll /reference:/root/.nuget/packages/microsoft.netcore.app.ref/9.0.12/ref/net9.0/System.Linq.Queryable.dll /reference:/root/.nuget/packages/microsoft.netcore.app.ref/9.0.12/ref/net9.0/System.Memory.dll /reference:/root/.nuget/packages/microsoft.netcore.app.ref/9.0.12/ref/net9.0/System.Net.dll /reference:/root/.nuget/packages/microsoft.netcore.app.ref/9.0.12/ref/net9.0/System.Net.Http.dll /reference:/root/.nuget/packages/microsoft.netcore.app.ref/9.0.12/ref/net9.0/System.Net.Http.Json.dll /reference:/root/.nuget/packages/microsoft.netcore.app.ref/9.0.12/ref/net9.0/System.Net.HttpListener.dll /reference:/root/.nuget/packages/microsoft.netcore.app.ref/9.0.12/ref/net9.0/System.Net.Mail.dll /reference:/root/.nuget/packages/microsoft.netcore.app.ref/9.0.12/ref/net9.0/System.Net.NameResolution.dll /reference:/root/.nuget/packages/microsoft.netcore.app.ref/9.0.12/ref/net9.0/System.Net.NetworkInformation.dll /reference:/root/.nuget/packages/microsoft.netcore.app.ref/9.0.12/ref/net9.0/System.Net.Ping.dll /reference:/root/.nuget/packages/microsoft.netcore.app.ref/9.0.12/ref/net9.0/System.Net.Primitives.dll /reference:/root/.nuget/packages/microsoft.netcore.app.ref/9.0.12/ref/net9.0/System.Net.Quic.dll /reference:/root/.nuget/packages/microsoft.netcore.app.ref/9.0.12/ref/net9.0/System.Net.Requests.dll /reference:/root/.nuget/packages/microsoft.netcore.app.ref/9.0.12/ref/net9.0/System.Net.Security.dll /reference:/root/.nuget/packages/microsoft.netcore.app.ref/9.0.12/ref/net9.0/System.Net.ServicePoint.dll /reference:/root/.nuget/packages/microsoft.netcore.app.ref/9.0.12/ref/net9.0/System.Net.Sockets.dll /reference:/root/.nuget/packages/microsoft.netcore.app.ref/9.0.12/ref/net9.0/System.Net.WebClient.dll /reference:/root/.nuget/packages/microsoft.netcore.app.ref/9.0.12/ref/net9.0/System.Net.WebHeaderCollection.dll /reference:/root/.nuget/packages/microsoft.netcore.app.ref/9.0.12/ref/net9.0/System.Net.WebProxy.dll /reference:/root/.nuget/packages/microsoft.netcore.app.ref/9.0.12/ref/net9.0/System.Net.WebSockets.Client.dll /reference:/root/.nuget/packages/microsoft.netcore.app.ref/9.0.12/ref/net9.0/System.Net.WebSockets.dll /reference:/root/.nuget/packages/microsoft.netcore.app.ref/9.0.12/ref/net9.0/System.Numerics.dll /reference:/root/.nuget/packages/microsoft.netcore.app.ref/9.0.12/ref/net9.0/System.Numerics.Vectors.dll /reference:/root/.nuget/packages/microsoft.netcore.app.ref/9.0.12/ref/net9.0/System.ObjectModel.dll /reference:/root/.nuget/packages/microsoft.netcore.app.ref/9.0.12/ref/net9.0/System.Reflection.DispatchProxy.dll /reference:/root/.nuget/packages/microsoft.netcore.app.ref/9.0.12/ref/net9.0/System.Reflection.dll /reference:/root/.nuget/packages/microsoft.netcore.app.ref/9.0.12/ref/net9.0/System.Reflection.Emit.dll /reference:/root/.nuget/packages/microsoft.netcore.app.ref/9.0.12/ref/net9.0/System.Reflection.Emit.ILGeneration.dll /reference:/root/.nuget/packages/microsoft.netcore.app.ref/9.0.12/ref/net9.0/System.Reflection.Emit.Lightweight.dll /reference:/root/.nuget/packages/microsoft.netcore.app.ref/9.0.12/ref/net9.0/System.Reflection.Extensions.dll /reference:/root/.nuget/packages/microsoft.netcore.app.ref/9.0.12/ref/net9.0/System.Reflection.Metadata.dll /reference:/root/.nuget/packages/microsoft.netcore.app.ref/9.0.12/ref/net9.0/System.Reflection.Primitives.dll /reference:/root/.nuget/packages/microsoft.netcore.app.ref/9.0.12/ref/net9.0/System.Reflection.TypeExtensions.dll /reference:/root/.nuget/packages/microsoft.netcore.app.ref/9.0.12/ref/net9.0/System.Resources.Reader.dll /reference:/root/.nuget/packages/microsoft.netcore.app.ref/9.0.12/ref/net9.0/System.Resources.ResourceManager.dll /reference:/root/.nuget/packages/microsoft.netcore.app.ref/9.0.12/ref/net9.0/System.Resources.Writer.dll /reference:/root/.nuget/packages/microsoft.netcore.app.ref/9.0.12/ref/net9.0/System.Runtime.CompilerServices.Unsafe.dll /reference:/root/.nuget/packages/microsoft.netcore.app.ref/9.0.12/ref/net9.0/System.Runtime.CompilerServices.VisualC.dll /reference:/root/.nuget/packages/microsoft.netcore.app.ref/9.0.12/ref/net9.0/System.Runtime.dll /reference:/root/.nuget/packages/microsoft.netcore.app.ref/9.0.12/ref/net9.0/System.Runtime.Extensions.dll /reference:/root/.nuget/packages/microsoft.netcore.app.ref/9.0.12/ref/net9.0/System.Runtime.Handles.dll /reference:/root/.nuget/packages/microsoft.netcore.app.ref/9.0.12/ref/net9.0/System.Runtime.InteropServices.dll /reference:/root/.nuget/packages/microsoft.netcore.app.ref/9.0.12/ref/net9.0/System.Runtime.InteropServices.JavaScript.dll /reference:/root/.nuget/packages/microsoft.netcore.app.ref/9.0.12/ref/net9.0/System.Runtime.InteropServices.RuntimeInformation.dll /reference:/root/.nuget/packages/microsoft.netcore.app.ref/9.0.12/ref/net9.0/System.Runtime.Intrinsics.dll /reference:/root/.nuget/packages/microsoft.netcore.app.ref/9.0.12/ref/net9.0/System.Runtime.Loader.dll /reference:/root/.nuget/packages/microsoft.netcore.app.ref/9.0.12/ref/net9.0/System.Runtime.Numerics.dll /reference:/root/.nuget/packages/microsoft.netcore.app.ref/9.0.12/ref/net9.0/System.Runtime.Serialization.dll /reference:/root/.nuget/packages/microsoft.netcore.app.ref/9.0.12/ref/net9.0/System.Runtime.Serialization.Formatters.dll /reference:/root/.nuget/packages/microsoft.netcore.app.ref/9.0.12/ref/net9.0/System.Runtime.Serialization.Json.dll /reference:/root/.nuget/packages/microsoft.netcore.app.ref/9.0.12/ref/net9.0/System.Runtime.Serialization.Primitives.dll /reference:/root/.nuget/packages/microsoft.netcore.app.ref/9.0.12/ref/net9.0/System.Runtime.Serialization.Xml.dll /reference:/root/.nuget/packages/microsoft.netcore.app.ref/9.0.12/ref/net9.0/System.Security.AccessControl.dll /reference:/root/.nuget/packages/microsoft.netcore.app.ref/9.0.12/ref/net9.0/System.Security.Claims.dll /reference:/root/.nuget/packages/microsoft.netcore.app.ref/9.0.12/ref/net9.0/System.Security.Cryptography.Algorithms.dll /reference:/root/.nuget/packages/microsoft.netcore.app.ref/9.0.12/ref/net9.0/System.Security.Cryptography.Cng.dll /reference:/root/.nuget/packages/microsoft.netcore.app.ref/9.0.12/ref/net9.0/System.Security.Cryptography.Csp.dll /reference:/root/.nuget/packages/microsoft.netcore.app.ref/9.0.12/ref/net9.0/System.Security.Cryptography.dll /reference:/root/.nuget/packages/microsoft.netcore.app.ref/9.0.12/ref/net9.0/System.Security.Cryptography.Encoding.dll /reference:/root/.nuget/packages/microsoft.netcore.app.ref/9.0.12/ref/net9.0/System.Security.Cryptography.OpenSsl.dll /reference:/root/.nuget/packages/microsoft.netcore.app.ref/9.0.12/ref/net9.0/System.Security.Cryptography.Primitives.dll /reference:/root/.nuget/packages/microsoft.netcore.app.ref/9.0.12/ref/net9.0/System.Security.Cryptography.X509Certificates.dll /reference:/root/.nuget/packages/microsoft.netcore.app.ref/9.0.12/ref/net9.0/System.Security.dll /reference:/root/.nuget/packages/microsoft.netcore.app.ref/9.0.12/ref/net9.0/System.Security.Principal.dll /reference:/root/.nuget/packages/microsoft.netcore.app.ref/9.0.12/ref/net9.0/System.Security.Principal.Windows.dll /reference:/root/.nuget/packages/microsoft.netcore.app.ref/9.0.12/ref/net9.0/System.Security.SecureString.dll /reference:/root/.nuget/packages/microsoft.netcore.app.ref/9.0.12/ref/net9.0/System.ServiceModel.Web.dll /reference:/root/.nuget/packages/microsoft.netcore.app.ref/9.0.12/ref/net9.0/System.ServiceProcess.dll /reference:/root/.nuget/packages/microsoft.netcore.app.ref/9.0.12/ref/net9.0/System.Text.Encoding.CodePages.dll /reference:/root/.nuget/packages/microsoft.netcore.app.ref/9.0.12/ref/net9.0/System.Text.Encoding.dll /reference:/root/.nuget/packages/microsoft.netcore.app.ref/9.0.12/ref/net9.0/System.Text.Encoding.Extensions.dll /reference:/root/.nuget/packages/microsoft.netcore.app.ref/9.0.12/ref/net9.0/System.Text.Encodings.Web.dll /reference:/root/.nuget/packages/microsoft.netcore.app.ref/9.0.12/ref/net9.0/System.Text.Json.dll /reference:/root/.nuget/packages/microsoft.netcore.app.ref/9.0.12/ref/net9.0/System.Text.RegularExpressions.dll /reference:/root/.nuget/packages/microsoft.netcore.app.ref/9.0.12/ref/net9.0/System.Threading.Channels.dll /reference:/root/.nuget/packages/microsoft.netcore.app.ref/9.0.12/ref/net9.0/System.Threading.dll /reference:/root/.nuget/packages/microsoft.netcore.app.ref/9.0.12/ref/net9.0/System.Threading.Overlapped.dll /reference:/root/.nuget/packages/microsoft.netcore.app.ref/9.0.12/ref/net9.0/System.Threading.Tasks.Dataflow.dll /reference:/root/.nuget/packages/microsoft.netcore.app.ref/9.0.12/ref/net9.0/System.Threading.Tasks.dll /reference:/root/.nuget/packages/microsoft.netcore.app.ref/9.0.12/ref/net9.0/System.Threading.Tasks.Extensions.dll /reference:/root/.nuget/packages/microsoft.netcore.app.ref/9.0.12/ref/net9.0/System.Threading.Tasks.Parallel.dll /reference:/root/.nuget/packages/microsoft.netcore.app.ref/9.0.12/ref/net9.0/System.Threading.Thread.dll /reference:/root/.nuget/packages/microsoft.netcore.app.ref/9.0.12/ref/net9.0/System.Threading.ThreadPool.dll /reference:/root/.nuget/packages/microsoft.netcore.app.ref/9.0.12/ref/net9.0/System.Threading.Timer.dll /reference:/root/.nuget/packages/microsoft.netcore.app.ref/9.0.12/ref/net9.0/System.Transactions.dll /reference:/root/.nuget/packages/microsoft.netcore.app.ref/9.0.12/ref/net9.0/System.Transactions.Local.dll /reference:/root/.nuget/packages/microsoft.netcore.app.ref/9.0.12/ref/net9.0/System.ValueTuple.dll /reference:/root/.nuget/packages/microsoft.netcore.app.ref/9.0.12/ref/net9.0/System.Web.dll /reference:/root/.nuget/packages/microsoft.netcore.app.ref/9.0.12/ref/net9.0/System.Web.HttpUtility.dll /reference:/root/.nuget/packages/microsoft.netcore.app.ref/9.0.12/ref/net9.0/System.Windows.dll /reference:/root/.nuget/packages/microsoft.netcore.app.ref/9.0.12/ref/net9.0/System.Xml.dll /reference:/root/.nuget/packages/microsoft.netcore.app.ref/9.0.12/ref/net9.0/System.Xml.Linq.dll /reference:/root/.nuget/packages/microsoft.netcore.app.ref/9.0.12/ref/net9.0/System.Xml.ReaderWriter.dll /reference:/root/.nuget/packages/microsoft.netcore.app.ref/9.0.12/ref/net9.0/System.Xml.Serialization.dll /reference:/root/.nuget/packages/microsoft.netcore.app.ref/9.0.12/ref/net9.0/System.Xml.XDocument.dll /reference:/root/.nuget/packages/microsoft.netcore.app.ref/9.0.12/ref/net9.0/System.Xml.XmlDocument.dll /reference:/root/.nuget/packages/microsoft.netcore.app.ref/9.0.12/ref/net9.0/System.Xml.XmlSerializer.dll /reference:/root/.nuget/packages/microsoft.netcore.app.ref/9.0.12/ref/net9.0/System.Xml.XPath.dll /reference:/root/.nuget/packages/microsoft.netcore.app.ref/9.0.12/ref/net9.0/System.Xml.XPath.XDocument.dll /reference:/root/.nuget/packages/microsoft.netcore.app.ref/9.0.12/ref/net9.0/WindowsBase.dll /debug+ /debug:portable /filealign:512 /optimize- /out:obj/Debug/net9.0/AdoCore.dll /refout:obj/Debug/net9.0/refint/AdoCore.dll /target:exe /warnaserror- /utf8output /deterministic+ /langversion:13.0 /embed:obj/Debug/net9.0/AdoCore.GlobalUsings.g.cs /embed:"obj/Debug/net9.0/.NETCoreApp,Version=v9.0.AssemblyAttributes.cs" /embed:obj/Debug/net9.0/AdoCore.AssemblyInfo.cs /analyzerconfig:obj/Debug/net9.0/AdoCore.GeneratedMSBuildEditorConfig.editorconfig /analyzerconfig:/root/.dotnet/sdk/10.0.102/Sdks/Microsoft.NET.Sdk/analyzers/build/config/analysislevel_9_default.globalconfig /analyzer:/root/.dotnet/sdk/10.0.102/Sdks/Microsoft.NET.Sdk/targets/../analyzers/Microsoft.CodeAnalysis.CSharp.NetAnalyzers.dll /analyzer:/root/.dotnet/sdk/10.0.102/Sdks/Microsoft.NET.Sdk/targets/../analyzers/Microsoft.CodeAnalysis.NetAnalyzers.dll /analyzer:/root/.nuget/packages/microsoft.extensions.logging.abstractions/8.0.0/analyzers/dotnet/roslyn4.4/cs/Microsoft.Extensions.Logging.Generators.dll /analyzer:/root/.nuget/packages/microsoft.netcore.app.ref/9.0.12/analyzers/dotnet/cs/Microsoft.Interop.ComInterfaceGenerator.dll /analyzer:/root/.nuget/packages/microsoft.netcore.app.ref/9.0.12/analyzers/dotnet/cs/Microsoft.Interop.JavaScript.JSImportGenerator.dll /analyzer:/root/.nuget/packages/microsoft.netcore.app.ref/9.0.12/analyzers/dotnet/cs/Microsoft.Interop.LibraryImportGenerator.dll /analyzer:/root/.nuget/packages/microsoft.netcore.app.ref/9.0.12/analyzers/dotnet/cs/Microsoft.Interop.SourceGeneration.dll /analyzer:/root/.nuget/packages/microsoft.netcore.app.ref/9.0.12/analyzers/dotnet/cs/System.Text.Json.SourceGeneration.dll /analyzer:/root/.nuget/packages/microsoft.netcore.app.ref/9.0.12/analyzers/dotnet/cs/System.Text.RegularExpressions.Generator.dll Business/ProductService.cs CLI/CommandLineInterface.cs CLI/InteractiveMenu.cs DataAccess/ProductRepository.cs Models/Product.cs Program.cs obj/Debug/net9.0/AdoCore.GlobalUsings.g.cs "obj/Debug/net9.0/.NETCoreApp,Version=v9.0.AssemblyAttributes.cs" obj/Debug/net9.0/AdoCore.AssemblyInfo.cs /warnaserror+:NU1605,SYSLIB0011'
         Assembly loaded during TaskRun (Microsoft.CodeAnalysis.BuildTasks.Csc): System.IO.Pipes, Version=10.0.0.0, Culture=neutral, PublicKeyToken=b03f5f7f11d50a3a (location: /root/.dotnet/shared/Microsoft.NETCore.App/10.0.2/System.IO.Pipes.dll, MVID: 51bdd9ab-1e8b-4466-a0c7-98b86c2be499, AssemblyLoadContext: Default)
         Attempting to create process '/root/.dotnet/sdk/10.0.102/Roslyn/bincore/VBCSCompiler' "-pipename:j4WXptKusNKC3rFyWlwqI0WSe21HNZH+msrY+2l62aE"
         Setting DOTNET_ROOT to '/root/.dotnet'
         Successfully created process with process id 2172
         Attempt to open named pipe 'j4WXptKusNKC3rFyWlwqI0WSe21HNZH+msrY+2l62aE'
         Attempt to connect named pipe 'j4WXptKusNKC3rFyWlwqI0WSe21HNZH+msrY+2l62aE'
         Named pipe 'j4WXptKusNKC3rFyWlwqI0WSe21HNZH+msrY+2l62aE' connected
         Begin writing request for AdoCore (net9.0)
         End writing request for AdoCore (net9.0)
         Begin reading response for AdoCore (net9.0)
         End reading response for AdoCore (net9.0)
         Microsoft (R) Visual C# Compiler version 5.0.0-2.25612.105 (44525024)
         Copyright (C) Microsoft Corporation. All rights reserved.
   2:6>/QNet/site-packages/atx_dot_net_strands_cli/all_local_test_output/artifact-AdoCore/artifact/sourceCode/DataAccess/ProductRepository.cs(22,33): warning CS8601: Possible null reference assignment. [/QNet/site-packages/atx_dot_net_strands_cli/all_local_test_output/artifact-AdoCore/artifact/sourceCode/AdoCore.csproj]
   2:6>/QNet/site-packages/atx_dot_net_strands_cli/all_local_test_output/artifact-AdoCore/artifact/sourceCode/DataAccess/ProductRepository.cs(17,16): warning CS8618: Non-nullable field '_connectionString' must contain a non-null value when exiting constructor. Consider adding the 'required' modifier or declaring the field as nullable. [/QNet/site-packages/atx_dot_net_strands_cli/all_local_test_output/artifact-AdoCore/artifact/sourceCode/AdoCore.csproj]
   2:6>/QNet/site-packages/atx_dot_net_strands_cli/all_local_test_output/artifact-AdoCore/artifact/sourceCode/DataAccess/ProductRepository.cs(17,16): warning CS8618: Non-nullable field '_connection' must contain a non-null value when exiting constructor. Consider adding the 'required' modifier or declaring the field as nullable. [/QNet/site-packages/atx_dot_net_strands_cli/all_local_test_output/artifact-AdoCore/artifact/sourceCode/AdoCore.csproj]
   2:6>/QNet/site-packages/atx_dot_net_strands_cli/all_local_test_output/artifact-AdoCore/artifact/sourceCode/Models/Product.cs(8,23): warning CS8618: Non-nullable property 'Name' must contain a non-null value when exiting constructor. Consider adding the 'required' modifier or declaring the property as nullable. [/QNet/site-packages/atx_dot_net_strands_cli/all_local_test_output/artifact-AdoCore/artifact/sourceCode/AdoCore.csproj]
   2:6>/QNet/site-packages/atx_dot_net_strands_cli/all_local_test_output/artifact-AdoCore/artifact/sourceCode/DataAccess/ProductRepository.cs(125,20): warning CS8603: Possible null reference return. [/QNet/site-packages/atx_dot_net_strands_cli/all_local_test_output/artifact-AdoCore/artifact/sourceCode/AdoCore.csproj]
   2:6>/QNet/site-packages/atx_dot_net_strands_cli/all_local_test_output/artifact-AdoCore/artifact/sourceCode/DataAccess/ProductRepository.cs(141,61): warning CS8600: Converting null literal or possible null value to non-nullable type. [/QNet/site-packages/atx_dot_net_strands_cli/all_local_test_output/artifact-AdoCore/artifact/sourceCode/AdoCore.csproj]
   2:6>/QNet/site-packages/atx_dot_net_strands_cli/all_local_test_output/artifact-AdoCore/artifact/sourceCode/DataAccess/ProductRepository.cs(191,71): warning CS8600: Converting null literal or possible null value to non-nullable type. [/QNet/site-packages/atx_dot_net_strands_cli/all_local_test_output/artifact-AdoCore/artifact/sourceCode/AdoCore.csproj]
   2:6>/QNet/site-packages/atx_dot_net_strands_cli/all_local_test_output/artifact-AdoCore/artifact/sourceCode/CLI/InteractiveMenu.cs(200,24): warning CS8601: Possible null reference assignment. [/QNet/site-packages/atx_dot_net_strands_cli/all_local_test_output/artifact-AdoCore/artifact/sourceCode/AdoCore.csproj]
   2:6>/QNet/site-packages/atx_dot_net_strands_cli/all_local_test_output/artifact-AdoCore/artifact/sourceCode/DataAccess/ProductRepository.cs(402,24): warning CS8601: Possible null reference assignment. [/QNet/site-packages/atx_dot_net_strands_cli/all_local_test_output/artifact-AdoCore/artifact/sourceCode/AdoCore.csproj]
   2:6>/QNet/site-packages/atx_dot_net_strands_cli/all_local_test_output/artifact-AdoCore/artifact/sourceCode/DataAccess/ProductRepository.cs(420,31): warning CS8625: Cannot convert null literal to non-nullable reference type. [/QNet/site-packages/atx_dot_net_strands_cli/all_local_test_output/artifact-AdoCore/artifact/sourceCode/AdoCore.csproj]
         CompilerServer: server - server processed compilation - AdoCore (net9.0)
       Done executing task "Csc".
   2:6>Done building target "CoreCompile" in project "AdoCore.csproj".
   2:6>Target "AfterCompile" in file "/root/.dotnet/sdk/10.0.102/Microsoft.Common.CurrentVersion.targets" from project "/QNet/site-packages/atx_dot_net_strands_cli/all_local_test_output/artifact-AdoCore/artifact/sourceCode/AdoCore.csproj" (target "Compile" depends on it):
   2:6>Done building target "AfterCompile" in project "AdoCore.csproj".
       Target "_GetAppHostPaths" skipped. Previously built successfully.
       Target "_GetAppHostCreationConfiguration" skipped. Previously built successfully.
       Target "CoreCompile" skipped. Previously built successfully.
   2:6>Target "_CreateAppHost" in file "/root/.dotnet/sdk/10.0.102/Sdks/Microsoft.NET.Sdk/targets/Microsoft.NET.Sdk.targets" from project "/QNet/site-packages/atx_dot_net_strands_cli/all_local_test_output/artifact-AdoCore/artifact/sourceCode/AdoCore.csproj" (target "Compile" depends on it):
       Building target "_CreateAppHost" completely.
       Input file "obj/Debug/net9.0/AdoCore.dll" is newer than output file "/QNet/site-packages/atx_dot_net_strands_cli/all_local_test_output/artifact-AdoCore/artifact/sourceCode/obj/Debug/net9.0/apphost".
       Using "CreateAppHost" task from assembly "/root/.dotnet/sdk/10.0.102/Sdks/Microsoft.NET.Sdk/targets/../tools/net10.0/Microsoft.NET.Build.Tasks.dll".
       Task "CreateAppHost"
       Done executing task "CreateAppHost".
   2:6>Done building target "_CreateAppHost" in project "AdoCore.csproj".
   2:6>Target "Compile" in file "/root/.dotnet/sdk/10.0.102/Microsoft.Common.CurrentVersion.targets" from project "/QNet/site-packages/atx_dot_net_strands_cli/all_local_test_output/artifact-AdoCore/artifact/sourceCode/AdoCore.csproj" (target "CoreBuild" depends on it):
   2:6>Done building target "Compile" in project "AdoCore.csproj".
   2:6>Target "_GenerateSatelliteAssemblyInputs" in file "/root/.dotnet/sdk/10.0.102/Microsoft.Common.CurrentVersion.targets" from project "/QNet/site-packages/atx_dot_net_strands_cli/all_local_test_output/artifact-AdoCore/artifact/sourceCode/AdoCore.csproj" (target "CreateSatelliteAssemblies" depends on it):
   2:6>Done building target "_GenerateSatelliteAssemblyInputs" in project "AdoCore.csproj".
   2:6>Target "CreateSatelliteAssemblies" in file "/root/.dotnet/sdk/10.0.102/Microsoft.Common.CurrentVersion.targets" from project "/QNet/site-packages/atx_dot_net_strands_cli/all_local_test_output/artifact-AdoCore/artifact/sourceCode/AdoCore.csproj" (target "CoreBuild" depends on it):
   2:6>Done building target "CreateSatelliteAssemblies" in project "AdoCore.csproj".
   2:6>Target "GetTargetPathWithTargetPlatformMoniker" in file "/root/.dotnet/sdk/10.0.102/Microsoft.Common.CurrentVersion.targets" from project "/QNet/site-packages/atx_dot_net_strands_cli/all_local_test_output/artifact-AdoCore/artifact/sourceCode/AdoCore.csproj" (target "GetTargetPath" depends on it):
   2:6>Done building target "GetTargetPathWithTargetPlatformMoniker" in project "AdoCore.csproj".
   2:6>Target "GetTargetPath" in file "/root/.dotnet/sdk/10.0.102/Microsoft.Common.CurrentVersion.targets" from project "/QNet/site-packages/atx_dot_net_strands_cli/all_local_test_output/artifact-AdoCore/artifact/sourceCode/AdoCore.csproj" (target "CoreBuild" depends on it):
   2:6>Done building target "GetTargetPath" in project "AdoCore.csproj".
   2:6>Target "_CopyFilesMarkedCopyLocal" in file "/root/.dotnet/sdk/10.0.102/Microsoft.Common.CurrentVersion.targets" from project "/QNet/site-packages/atx_dot_net_strands_cli/all_local_test_output/artifact-AdoCore/artifact/sourceCode/AdoCore.csproj" (target "CopyFilesToOutputDirectory" depends on it):
       Using "Copy" task from assembly "Microsoft.Build.Tasks.Core, Version=15.1.0.0, Culture=neutral, PublicKeyToken=b03f5f7f11d50a3a".
       Task "Copy"
         Copying file from "/root/.nuget/packages/microsoft.extensions.configuration/8.0.0/lib/net8.0/Microsoft.Extensions.Configuration.dll" to "/QNet/site-packages/atx_dot_net_strands_cli/all_local_test_output/artifact-AdoCore/artifact/sourceCode/bin/Debug/net9.0/Microsoft.Extensions.Configuration.dll".
         Copying file from "/root/.nuget/packages/microsoft.extensions.configuration.fileextensions/8.0.0/lib/net8.0/Microsoft.Extensions.Configuration.FileExtensions.dll" to "/QNet/site-packages/atx_dot_net_strands_cli/all_local_test_output/artifact-AdoCore/artifact/sourceCode/bin/Debug/net9.0/Microsoft.Extensions.Configuration.FileExtensions.dll".
         Copying file from "/root/.nuget/packages/microsoft.extensions.configuration.abstractions/8.0.0/lib/net8.0/Microsoft.Extensions.Configuration.Abstractions.dll" to "/QNet/site-packages/atx_dot_net_strands_cli/all_local_test_output/artifact-AdoCore/artifact/sourceCode/bin/Debug/net9.0/Microsoft.Extensions.Configuration.Abstractions.dll".
         Copying file from "/root/.nuget/packages/microsoft.extensions.configuration.json/8.0.0/lib/net8.0/Microsoft.Extensions.Configuration.Json.dll" to "/QNet/site-packages/atx_dot_net_strands_cli/all_local_test_output/artifact-AdoCore/artifact/sourceCode/bin/Debug/net9.0/Microsoft.Extensions.Configuration.Json.dll".
         Copying file from "/root/.nuget/packages/microsoft.extensions.dependencyinjection/8.0.0/lib/net8.0/Microsoft.Extensions.DependencyInjection.dll" to "/QNet/site-packages/atx_dot_net_strands_cli/all_local_test_output/artifact-AdoCore/artifact/sourceCode/bin/Debug/net9.0/Microsoft.Extensions.DependencyInjection.dll".
         Copying file from "/root/.nuget/packages/microsoft.extensions.fileproviders.physical/8.0.0/lib/net8.0/Microsoft.Extensions.FileProviders.Physical.dll" to "/QNet/site-packages/atx_dot_net_strands_cli/all_local_test_output/artifact-AdoCore/artifact/sourceCode/bin/Debug/net9.0/Microsoft.Extensions.FileProviders.Physical.dll".
         Copying file from "/root/.nuget/packages/microsoft.extensions.fileproviders.abstractions/8.0.0/lib/net8.0/Microsoft.Extensions.FileProviders.Abstractions.dll" to "/QNet/site-packages/atx_dot_net_strands_cli/all_local_test_output/artifact-AdoCore/artifact/sourceCode/bin/Debug/net9.0/Microsoft.Extensions.FileProviders.Abstractions.dll".
         Copying file from "/root/.nuget/packages/microsoft.extensions.dependencyinjection.abstractions/8.0.0/lib/net8.0/Microsoft.Extensions.DependencyInjection.Abstractions.dll" to "/QNet/site-packages/atx_dot_net_strands_cli/all_local_test_output/artifact-AdoCore/artifact/sourceCode/bin/Debug/net9.0/Microsoft.Extensions.DependencyInjection.Abstractions.dll".
         Copying file from "/root/.nuget/packages/microsoft.extensions.filesystemglobbing/8.0.0/lib/net8.0/Microsoft.Extensions.FileSystemGlobbing.dll" to "/QNet/site-packages/atx_dot_net_strands_cli/all_local_test_output/artifact-AdoCore/artifact/sourceCode/bin/Debug/net9.0/Microsoft.Extensions.FileSystemGlobbing.dll".
         Copying file from "/root/.nuget/packages/microsoft.extensions.logging.abstractions/8.0.0/lib/net8.0/Microsoft.Extensions.Logging.Abstractions.dll" to "/QNet/site-packages/atx_dot_net_strands_cli/all_local_test_output/artifact-AdoCore/artifact/sourceCode/bin/Debug/net9.0/Microsoft.Extensions.Logging.Abstractions.dll".
         Copying file from "/root/.nuget/packages/microsoft.extensions.primitives/8.0.0/lib/net8.0/Microsoft.Extensions.Primitives.dll" to "/QNet/site-packages/atx_dot_net_strands_cli/all_local_test_output/artifact-AdoCore/artifact/sourceCode/bin/Debug/net9.0/Microsoft.Extensions.Primitives.dll".
         Copying file from "/root/.nuget/packages/npgsql/8.0.5/lib/net8.0/Npgsql.dll" to "/QNet/site-packages/atx_dot_net_strands_cli/all_local_test_output/artifact-AdoCore/artifact/sourceCode/bin/Debug/net9.0/Npgsql.dll".
       Done executing task "Copy".
       Using "Touch" task from assembly "Microsoft.Build.Tasks.Core, Version=15.1.0.0, Culture=neutral, PublicKeyToken=b03f5f7f11d50a3a".
       Task "Touch"
         Creating "/QNet/site-packages/atx_dot_net_strands_cli/all_local_test_output/artifact-AdoCore/artifact/sourceCode/obj/Debug/net9.0/AdoCore.csproj.Up2Date" because "AlwaysCreate" was specified.
         Touching "/QNet/site-packages/atx_dot_net_strands_cli/all_local_test_output/artifact-AdoCore/artifact/sourceCode/obj/Debug/net9.0/AdoCore.csproj.Up2Date".
       Done executing task "Touch".
   2:6>Done building target "_CopyFilesMarkedCopyLocal" in project "AdoCore.csproj".
       Target "AssignTargetPaths" skipped. Previously built successfully.
       Target "AssignProjectConfiguration" skipped. Previously built successfully.
       Target "_SplitProjectReferencesByFileExistence" skipped. Previously built successfully.
       Target "_GetProjectReferenceTargetFrameworkProperties" skipped. Previously built successfully.
   2:6>Target "_PopulateCommonStateForGetCopyToOutputDirectoryItems" in file "/root/.dotnet/sdk/10.0.102/Microsoft.Common.CurrentVersion.targets" from project "/QNet/site-packages/atx_dot_net_strands_cli/all_local_test_output/artifact-AdoCore/artifact/sourceCode/AdoCore.csproj" (target "GetCopyToOutputDirectoryItems" depends on it):
   2:6>Done building target "_PopulateCommonStateForGetCopyToOutputDirectoryItems" in project "AdoCore.csproj".
   2:6>Target "AddDepsJsonAndRuntimeConfigToCopyItemsForReferencingProjects" in file "/root/.dotnet/sdk/10.0.102/Sdks/Microsoft.NET.Sdk/targets/Microsoft.NET.Sdk.targets" from project "/QNet/site-packages/atx_dot_net_strands_cli/all_local_test_output/artifact-AdoCore/artifact/sourceCode/AdoCore.csproj" (target "GetCopyToOutputDirectoryItems" depends on it):
   2:6>Done building target "AddDepsJsonAndRuntimeConfigToCopyItemsForReferencingProjects" in project "AdoCore.csproj".
   2:6>Target "GetCopyToOutputDirectoryItems" in file "/root/.dotnet/sdk/10.0.102/Microsoft.Common.CurrentVersion.targets" from project "/QNet/site-packages/atx_dot_net_strands_cli/all_local_test_output/artifact-AdoCore/artifact/sourceCode/AdoCore.csproj" (target "_CopySourceItemsToOutputDirectory" depends on it):
       Using "CallTarget" task from assembly "Microsoft.Build.Tasks.Core, Version=15.1.0.0, Culture=neutral, PublicKeyToken=b03f5f7f11d50a3a".
       Task "CallTarget"
       Target "_PopulateCommonStateForGetCopyToOutputDirectoryItems" skipped. Previously built successfully.
       Target "_AddOutputPathToGlobalPropertiesToRemove" skipped. Previously built successfully.
   2:6>Target "_GetCopyToOutputDirectoryItemsFromTransitiveProjectReferences" in file "/root/.dotnet/sdk/10.0.102/Microsoft.Common.CurrentVersion.targets" from project "/QNet/site-packages/atx_dot_net_strands_cli/all_local_test_output/artifact-AdoCore/artifact/sourceCode/AdoCore.csproj" (target "GetCopyToOutputDirectoryItems" depends on it):
       Task "AssignTargetPath"
       Done executing task "AssignTargetPath".
   2:6>Done building target "_GetCopyToOutputDirectoryItemsFromTransitiveProjectReferences" in project "AdoCore.csproj".
       Done executing task "CallTarget".
       Task "CallTarget"
       Target "AssignTargetPaths" skipped. Previously built successfully.
       Target "_PopulateCommonStateForGetCopyToOutputDirectoryItems" skipped. Previously built successfully.
   2:6>Target "_GetCopyToOutputDirectoryItemsFromThisProject" in file "/root/.dotnet/sdk/10.0.102/Microsoft.Common.CurrentVersion.targets" from project "/QNet/site-packages/atx_dot_net_strands_cli/all_local_test_output/artifact-AdoCore/artifact/sourceCode/AdoCore.csproj" (target "GetCopyToOutputDirectoryItems" depends on it):
       Task "AssignTargetPath"
       Done executing task "AssignTargetPath".
   2:6>Done building target "_GetCopyToOutputDirectoryItemsFromThisProject" in project "AdoCore.csproj".
       Done executing task "CallTarget".
   2:6>Done building target "GetCopyToOutputDirectoryItems" in project "AdoCore.csproj".
   2:6>Target "_CopyOutOfDateSourceItemsToOutputDirectory" in file "/root/.dotnet/sdk/10.0.102/Microsoft.Common.CurrentVersion.targets" from project "/QNet/site-packages/atx_dot_net_strands_cli/all_local_test_output/artifact-AdoCore/artifact/sourceCode/AdoCore.csproj" (target "_CopySourceItemsToOutputDirectory" depends on it):
       Building target "_CopyOutOfDateSourceItemsToOutputDirectory" completely.
       Output file "bin/Debug/net9.0/appsettings.json" does not exist.
       Output file "bin/Debug/net9.0/AdoCore" does not exist.
       Task "Copy"
         Copying file from "/QNet/site-packages/atx_dot_net_strands_cli/all_local_test_output/artifact-AdoCore/artifact/sourceCode/obj/Debug/net9.0/apphost" to "/QNet/site-packages/atx_dot_net_strands_cli/all_local_test_output/artifact-AdoCore/artifact/sourceCode/bin/Debug/net9.0/AdoCore".
         Copying file from "/QNet/site-packages/atx_dot_net_strands_cli/all_local_test_output/artifact-AdoCore/artifact/sourceCode/appsettings.json" to "/QNet/site-packages/atx_dot_net_strands_cli/all_local_test_output/artifact-AdoCore/artifact/sourceCode/bin/Debug/net9.0/appsettings.json".
       Done executing task "Copy".
   2:6>Done building target "_CopyOutOfDateSourceItemsToOutputDirectory" in project "AdoCore.csproj".
   2:6>Target "_CopySourceItemsToOutputDirectory" in file "/root/.dotnet/sdk/10.0.102/Microsoft.Common.CurrentVersion.targets" from project "/QNet/site-packages/atx_dot_net_strands_cli/all_local_test_output/artifact-AdoCore/artifact/sourceCode/AdoCore.csproj" (target "CopyFilesToOutputDirectory" depends on it):
   2:6>Done building target "_CopySourceItemsToOutputDirectory" in project "AdoCore.csproj".
   2:6>Target "_CheckForCompileOutputs" in file "/root/.dotnet/sdk/10.0.102/Microsoft.Common.CurrentVersion.targets" from project "/QNet/site-packages/atx_dot_net_strands_cli/all_local_test_output/artifact-AdoCore/artifact/sourceCode/AdoCore.csproj" (target "CopyFilesToOutputDirectory" depends on it):
   2:6>Done building target "_CheckForCompileOutputs" in project "AdoCore.csproj".
       Target "_DefaultMicrosoftNETPlatformLibrary" skipped. Previously built successfully.
       Target "_HandlePackageFileConflicts" skipped. Previously built successfully.
       Target "ResolveAssemblyReferences" skipped. Previously built successfully.
   2:6>Target "_ComputeReferenceAssemblies" in file "/root/.dotnet/sdk/10.0.102/Sdks/Microsoft.NET.Sdk/targets/Microsoft.NET.Sdk.targets" from project "/QNet/site-packages/atx_dot_net_strands_cli/all_local_test_output/artifact-AdoCore/artifact/sourceCode/AdoCore.csproj" (target "GenerateBuildDependencyFile" depends on it):
   2:6>Done building target "_ComputeReferenceAssemblies" in project "AdoCore.csproj".
   2:6>Target "_ComputeUserRuntimeAssemblies" in file "/root/.dotnet/sdk/10.0.102/Sdks/Microsoft.NET.Sdk/targets/Microsoft.NET.Sdk.targets" from project "/QNet/site-packages/atx_dot_net_strands_cli/all_local_test_output/artifact-AdoCore/artifact/sourceCode/AdoCore.csproj" (target "GenerateBuildDependencyFile" depends on it):
   2:6>Done building target "_ComputeUserRuntimeAssemblies" in project "AdoCore.csproj".
       Target "_ComputePackageReferencePublish" skipped. Previously built successfully.
   2:6>Target "GenerateBuildDependencyFile" in file "/root/.dotnet/sdk/10.0.102/Sdks/Microsoft.NET.Sdk/targets/Microsoft.NET.Sdk.targets" from project "/QNet/site-packages/atx_dot_net_strands_cli/all_local_test_output/artifact-AdoCore/artifact/sourceCode/AdoCore.csproj" (target "CopyFilesToOutputDirectory" depends on it):
       Building target "GenerateBuildDependencyFile" completely.
       Output file "/QNet/site-packages/atx_dot_net_strands_cli/all_local_test_output/artifact-AdoCore/artifact/sourceCode/bin/Debug/net9.0/AdoCore.deps.json" does not exist.
       Using "GenerateDepsFile" task from assembly "/root/.dotnet/sdk/10.0.102/Sdks/Microsoft.NET.Sdk/targets/../tools/net10.0/Microsoft.NET.Build.Tasks.dll".
       Task "GenerateDepsFile"
       Done executing task "GenerateDepsFile".
   2:6>Done building target "GenerateBuildDependencyFile" in project "AdoCore.csproj".
       Target "_DefaultMicrosoftNETPlatformLibrary" skipped. Previously built successfully.
   2:6>Target "_GenerateRuntimeConfigurationFilesInputCache" in file "/root/.dotnet/sdk/10.0.102/Sdks/Microsoft.NET.Sdk/targets/Microsoft.NET.Sdk.targets" from project "/QNet/site-packages/atx_dot_net_strands_cli/all_local_test_output/artifact-AdoCore/artifact/sourceCode/AdoCore.csproj" (target "GenerateBuildRuntimeConfigurationFiles" depends on it):
       Task "Hash"
       Done executing task "Hash".
       Task "WriteLinesToFile"
       Done executing task "WriteLinesToFile".
   2:6>Done building target "_GenerateRuntimeConfigurationFilesInputCache" in project "AdoCore.csproj".
   2:6>Target "GenerateBuildRuntimeConfigurationFiles" in file "/root/.dotnet/sdk/10.0.102/Sdks/Microsoft.NET.Sdk/targets/Microsoft.NET.Sdk.targets" from project "/QNet/site-packages/atx_dot_net_strands_cli/all_local_test_output/artifact-AdoCore/artifact/sourceCode/AdoCore.csproj" (target "CopyFilesToOutputDirectory" depends on it):
       Building target "GenerateBuildRuntimeConfigurationFiles" completely.
       Output file "/QNet/site-packages/atx_dot_net_strands_cli/all_local_test_output/artifact-AdoCore/artifact/sourceCode/bin/Debug/net9.0/AdoCore.runtimeconfig.json" does not exist.
       Using "GenerateRuntimeConfigurationFiles" task from assembly "/root/.dotnet/sdk/10.0.102/Sdks/Microsoft.NET.Sdk/targets/../tools/net10.0/Microsoft.NET.Build.Tasks.dll".
       Task "GenerateRuntimeConfigurationFiles"
       Done executing task "GenerateRuntimeConfigurationFiles".
   2:6>Done building target "GenerateBuildRuntimeConfigurationFiles" in project "AdoCore.csproj".
   2:6>Target "CopyFilesToOutputDirectory" in file "/root/.dotnet/sdk/10.0.102/Microsoft.Common.CurrentVersion.targets" from project "/QNet/site-packages/atx_dot_net_strands_cli/all_local_test_output/artifact-AdoCore/artifact/sourceCode/AdoCore.csproj" (target "PrepareForRun" depends on it):
       Task "Copy"
         Copying file from "/QNet/site-packages/atx_dot_net_strands_cli/all_local_test_output/artifact-AdoCore/artifact/sourceCode/obj/Debug/net9.0/AdoCore.dll" to "/QNet/site-packages/atx_dot_net_strands_cli/all_local_test_output/artifact-AdoCore/artifact/sourceCode/bin/Debug/net9.0/AdoCore.dll".
       Done executing task "Copy".
       Using "CopyRefAssembly" task from assembly "/root/.dotnet/sdk/10.0.102/Sdks/Microsoft.NET.Sdk/targets/../../../Roslyn/Microsoft.Build.Tasks.CodeAnalysis.dll".
       Task "CopyRefAssembly"
         Copying reference assembly from "obj/Debug/net9.0/refint/AdoCore.dll" to "/QNet/site-packages/atx_dot_net_strands_cli/all_local_test_output/artifact-AdoCore/artifact/sourceCode/obj/Debug/net9.0/ref/AdoCore.dll".
       Done executing task "CopyRefAssembly".
       Task "Message"
         AdoCore -> /QNet/site-packages/atx_dot_net_strands_cli/all_local_test_output/artifact-AdoCore/artifact/sourceCode/bin/Debug/net9.0/AdoCore.dll
       Done executing task "Message".
       Task "Copy"
         Copying file from "/QNet/site-packages/atx_dot_net_strands_cli/all_local_test_output/artifact-AdoCore/artifact/sourceCode/obj/Debug/net9.0/AdoCore.pdb" to "/QNet/site-packages/atx_dot_net_strands_cli/all_local_test_output/artifact-AdoCore/artifact/sourceCode/bin/Debug/net9.0/AdoCore.pdb".
       Done executing task "Copy".
   2:6>Done building target "CopyFilesToOutputDirectory" in project "AdoCore.csproj".
   2:6>Target "PrepareForRun" in file "/root/.dotnet/sdk/10.0.102/Microsoft.Common.CurrentVersion.targets" from project "/QNet/site-packages/atx_dot_net_strands_cli/all_local_test_output/artifact-AdoCore/artifact/sourceCode/AdoCore.csproj" (target "CoreBuild" depends on it):
   2:6>Done building target "PrepareForRun" in project "AdoCore.csproj".
       Target "_CheckForCompileOutputs" skipped. Previously built successfully.
   2:6>Target "_CleanGetCurrentAndPriorFileWrites" in file "/root/.dotnet/sdk/10.0.102/Microsoft.Common.CurrentVersion.targets" from project "/QNet/site-packages/atx_dot_net_strands_cli/all_local_test_output/artifact-AdoCore/artifact/sourceCode/AdoCore.csproj" (target "IncrementalClean" depends on it):
       Using "ReadLinesFromFile" task from assembly "Microsoft.Build.Tasks.Core, Version=15.1.0.0, Culture=neutral, PublicKeyToken=b03f5f7f11d50a3a".
       Task "ReadLinesFromFile"
       Done executing task "ReadLinesFromFile".
       Task "ConvertToAbsolutePath"
       Done executing task "ConvertToAbsolutePath".
       Using "FindUnderPath" task from assembly "Microsoft.Build.Tasks.Core, Version=15.1.0.0, Culture=neutral, PublicKeyToken=b03f5f7f11d50a3a".
       Task "FindUnderPath"
         Comparison path is "/QNet/site-packages/atx_dot_net_strands_cli/all_local_test_output/artifact-AdoCore/artifact/sourceCode".
       Done executing task "FindUnderPath".
       Task "FindUnderPath"
         Comparison path is "bin/Debug/net9.0/".
       Done executing task "FindUnderPath".
       Task "FindUnderPath"
         Comparison path is "obj/Debug/net9.0/".
       Done executing task "FindUnderPath".
       Task "RemoveDuplicates"
       Done executing task "RemoveDuplicates".
   2:6>Done building target "_CleanGetCurrentAndPriorFileWrites" in project "AdoCore.csproj".
   2:6>Target "IncrementalClean" in file "/root/.dotnet/sdk/10.0.102/Microsoft.Common.CurrentVersion.targets" from project "/QNet/site-packages/atx_dot_net_strands_cli/all_local_test_output/artifact-AdoCore/artifact/sourceCode/AdoCore.csproj" (target "CoreBuild" depends on it):
       Task "FindUnderPath"
         Comparison path is "bin/Debug/net9.0/".
       Done executing task "FindUnderPath".
       Task "FindUnderPath"
         Comparison path is "obj/Debug/net9.0/".
       Done executing task "FindUnderPath".
       Using "Delete" task from assembly "Microsoft.Build.Tasks.Core, Version=15.1.0.0, Culture=neutral, PublicKeyToken=b03f5f7f11d50a3a".
       Task "Delete"
       Done executing task "Delete".
       Task "RemoveDuplicates"
       Done executing task "RemoveDuplicates".
       Task "WriteLinesToFile"
       Done executing task "WriteLinesToFile".
   2:6>Done building target "IncrementalClean" in project "AdoCore.csproj".
       Target "GenerateBuildDependencyFile" skipped. Previously built successfully.
       Target "GenerateBuildRuntimeConfigurationFiles" skipped. Previously built successfully.
   2:6>Target "CoreBuild" in file "/root/.dotnet/sdk/10.0.102/Microsoft.Common.CurrentVersion.targets" from project "/QNet/site-packages/atx_dot_net_strands_cli/all_local_test_output/artifact-AdoCore/artifact/sourceCode/AdoCore.csproj" (target "Build" depends on it):
   2:6>Done building target "CoreBuild" in project "AdoCore.csproj".
   2:6>Target "AfterBuild" in file "/root/.dotnet/sdk/10.0.102/Microsoft.Common.CurrentVersion.targets" from project "/QNet/site-packages/atx_dot_net_strands_cli/all_local_test_output/artifact-AdoCore/artifact/sourceCode/AdoCore.csproj" (target "Build" depends on it):
   2:6>Done building target "AfterBuild" in project "AdoCore.csproj".
       Target "_CheckForInvalidConfigurationAndPlatform" skipped. Previously built successfully.
       Target "_CheckForInvalidConfigurationAndPlatform" skipped. Previously built successfully.
   2:6>Target "Build" in file "/root/.dotnet/sdk/10.0.102/Microsoft.Common.CurrentVersion.targets" from project "/QNet/site-packages/atx_dot_net_strands_cli/all_local_test_output/artifact-AdoCore/artifact/sourceCode/AdoCore.csproj" (entry point):
   2:6>Done building target "Build" in project "AdoCore.csproj".
   2:6>Target "_CheckContainersPackage" in file "/root/.dotnet/sdk/10.0.102/Containers/build/Microsoft.NET.Build.Containers.targets" from project "/QNet/site-packages/atx_dot_net_strands_cli/all_local_test_output/artifact-AdoCore/artifact/sourceCode/AdoCore.csproj" (entry point):
   2:6>Done building target "_CheckContainersPackage" in project "AdoCore.csproj".
   2:6>Done Building Project "/QNet/site-packages/atx_dot_net_strands_cli/all_local_test_output/artifact-AdoCore/artifact/sourceCode/AdoCore.csproj" (default targets).
   1:2>Done executing task "MSBuild".
   1:2>Done building target "Build" in project "AdoCore.sln".
   1:2>Done Building Project "/QNet/site-packages/atx_dot_net_strands_cli/all_local_test_output/artifact-AdoCore/artifact/sourceCode/AdoCore.sln" (default targets).

Build succeeded.

       "/QNet/site-packages/atx_dot_net_strands_cli/all_local_test_output/artifact-AdoCore/artifact/sourceCode/AdoCore.sln" (default target) (1:2) ->
       "/QNet/site-packages/atx_dot_net_strands_cli/all_local_test_output/artifact-AdoCore/artifact/sourceCode/AdoCore.csproj" (default target) (2:6) ->
       (CoreCompile target) -> 
         /QNet/site-packages/atx_dot_net_strands_cli/all_local_test_output/artifact-AdoCore/artifact/sourceCode/DataAccess/ProductRepository.cs(22,33): warning CS8601: Possible null reference assignment. [/QNet/site-packages/atx_dot_net_strands_cli/all_local_test_output/artifact-AdoCore/artifact/sourceCode/AdoCore.csproj]
         /QNet/site-packages/atx_dot_net_strands_cli/all_local_test_output/artifact-AdoCore/artifact/sourceCode/DataAccess/ProductRepository.cs(17,16): warning CS8618: Non-nullable field '_connectionString' must contain a non-null value when exiting constructor. Consider adding the 'required' modifier or declaring the field as nullable. [/QNet/site-packages/atx_dot_net_strands_cli/all_local_test_output/artifact-AdoCore/artifact/sourceCode/AdoCore.csproj]
         /QNet/site-packages/atx_dot_net_strands_cli/all_local_test_output/artifact-AdoCore/artifact/sourceCode/DataAccess/ProductRepository.cs(17,16): warning CS8618: Non-nullable field '_connection' must contain a non-null value when exiting constructor. Consider adding the 'required' modifier or declaring the field as nullable. [/QNet/site-packages/atx_dot_net_strands_cli/all_local_test_output/artifact-AdoCore/artifact/sourceCode/AdoCore.csproj]
         /QNet/site-packages/atx_dot_net_strands_cli/all_local_test_output/artifact-AdoCore/artifact/sourceCode/Models/Product.cs(8,23): warning CS8618: Non-nullable property 'Name' must contain a non-null value when exiting constructor. Consider adding the 'required' modifier or declaring the property as nullable. [/QNet/site-packages/atx_dot_net_strands_cli/all_local_test_output/artifact-AdoCore/artifact/sourceCode/AdoCore.csproj]
         /QNet/site-packages/atx_dot_net_strands_cli/all_local_test_output/artifact-AdoCore/artifact/sourceCode/DataAccess/ProductRepository.cs(125,20): warning CS8603: Possible null reference return. [/QNet/site-packages/atx_dot_net_strands_cli/all_local_test_output/artifact-AdoCore/artifact/sourceCode/AdoCore.csproj]
         /QNet/site-packages/atx_dot_net_strands_cli/all_local_test_output/artifact-AdoCore/artifact/sourceCode/DataAccess/ProductRepository.cs(141,61): warning CS8600: Converting null literal or possible null value to non-nullable type. [/QNet/site-packages/atx_dot_net_strands_cli/all_local_test_output/artifact-AdoCore/artifact/sourceCode/AdoCore.csproj]
         /QNet/site-packages/atx_dot_net_strands_cli/all_local_test_output/artifact-AdoCore/artifact/sourceCode/DataAccess/ProductRepository.cs(191,71): warning CS8600: Converting null literal or possible null value to non-nullable type. [/QNet/site-packages/atx_dot_net_strands_cli/all_local_test_output/artifact-AdoCore/artifact/sourceCode/AdoCore.csproj]
         /QNet/site-packages/atx_dot_net_strands_cli/all_local_test_output/artifact-AdoCore/artifact/sourceCode/CLI/InteractiveMenu.cs(200,24): warning CS8601: Possible null reference assignment. [/QNet/site-packages/atx_dot_net_strands_cli/all_local_test_output/artifact-AdoCore/artifact/sourceCode/AdoCore.csproj]
         /QNet/site-packages/atx_dot_net_strands_cli/all_local_test_output/artifact-AdoCore/artifact/sourceCode/DataAccess/ProductRepository.cs(402,24): warning CS8601: Possible null reference assignment. [/QNet/site-packages/atx_dot_net_strands_cli/all_local_test_output/artifact-AdoCore/artifact/sourceCode/AdoCore.csproj]
         /QNet/site-packages/atx_dot_net_strands_cli/all_local_test_output/artifact-AdoCore/artifact/sourceCode/DataAccess/ProductRepository.cs(420,31): warning CS8625: Cannot convert null literal to non-nullable reference type. [/QNet/site-packages/atx_dot_net_strands_cli/all_local_test_output/artifact-AdoCore/artifact/sourceCode/AdoCore.csproj]

    10 Warning(s)
    0 Error(s)

Time Elapsed 00:00:04.34
